[{"name":"created...","palette":"89","spec":"BY ARAB WARE CHANNEL","typeName":"","type":"h","code":"","color":"#FFE53935"},{"name":"addInMoreBlock","palette":"89","spec":"%m.view put me at more block","type":" ","typeName":"","color":"#FFE53935","code":"}\nprivate List\u003cMultiChoicesCircleButton.Item\u003e %1$sItem \u003d new ArrayList\u003c\u003e();\npublic void %1$sV () {"},{"name":"create item.....","palette":"89","spec":"%m.view create item with ID %s.inputOnly with text %s with icon %m.resource set place %d","type":" ","typeName":"","color":"#FFE53935","code":"MultiChoicesCircleButton.Item %2$s \u003d new MultiChoicesCircleButton.Item(%3$s, getResources().getDrawable(R.drawable.%4$s), %5$s);\n%1$sItem.add(%2$s);"},{"name":"setButtonItems","palette":"89","spec":"%m.view setButtonItems","type":" ","typeName":"","color":"#FFE53935","code":"%1$s.setButtonItems(%1$sItem);"},{"name":"setIcon...","palette":"89","spec":"%m.view set MainIcon %m.resource","typeName":"","type":" ","code":"%1$s.setIcon(getResources().getDrawable(R.drawable.%2$s));","color":"#FFE53935"},{"name":"setText..","palette":"89","spec":"%m.view setText %s","type":" ","typeName":"","color":"#FFE53935","code":"%1$s.setText(%2$s);"},{"name":"setCollapseRadius","palette":"89","spec":"%m.view setCollapseRadius %d","type":" ","typeName":"","color":"#FFE53935","code":"%1$s.setCollapseRadius((float) %2$s);"},{"name":"setExpandRadius","palette":"89","spec":"%m.view setExpandRadius %d","typeName":"","type":" ","code":"%1$s.setExpandRadius((float) %2$s);","color":"#FFE53935"},{"name":"setDuration","palette":"89","spec":"%m.view setDuration %d","type":" ","typeName":"","color":"#FFE53935","code":"%1$s.setDuration((int) %2$s);"},{"name":"setTextColor...","palette":"89","spec":"%m.view setTextColor  %m.color","typeName":"","type":" ","code":"%1$s.setTextColor(%2$s);","color":"#FFE53935"},{"name":"setButtonColor...","palette":"89","spec":"%m.view setButtonColor %m.color","type":" ","typeName":"","color":"#FFE53935","code":"%1$s.setButtonColor(%2$s);"},{"name":"setItemBackgroundColor","palette":"89","spec":"%m.view setItemBackgroundColor %m.color","typeName":"","type":" ","code":"%1$s.setItemBackgroundColor(%2$s);","color":"#FFE53935"},{"spec2":"on hovered","typeName":"","color":"#FFE53935","name":"On....","palette":"89","spec":"%m.view on selected","type":"e","code":"%1$s.setOnSelectedItemListener(new MultiChoicesCircleButton.OnSelectedItemListener() {\n@Override\npublic void onSelected(MultiChoicesCircleButton.Item item, int index) {\n%2$s\n}\n});\n%1$s.setOnHoverItemListener(new MultiChoicesCircleButton.OnHoverItemListener(){\n@Override\npublic void onHovered(MultiChoicesCircleButton.Item item, int index) {\n%3$s\n}\n});"},{"name":"getText...","palette":"89","spec":"get item text","typeName":"","type":"s","code":"item.getText()","color":"#FFE53935"},{"name":"show...","palette":"89","spec":"%m.view show","typeName":"","type":" ","code":"%1$s.show();","color":"#FFE53935"},{"name":"showWithanimation","palette":"89","spec":"%m.view show with animation %b","type":" ","typeName":"","color":"#FFE53935","code":"%1$s.show(%2$s);"},{"name":"hide....","palette":"89","spec":"%m.view hide","typeName":"","type":" ","code":"%1$s.hide();","color":"#FFE53935"},{"name":"hideWithanimation","palette":"89","spec":"%m.view hide with animation %b","type":" ","typeName":"","color":"#FFE53935","code":"%1$s.hide(%2$s);"}]