[{"code":"","color":"#FF000000","name":"blocks created by Seven","typeName":"","palette":"218","type":"h","spec":"blocks created by Seven"},{"code":"Intent in_tent \u003d new Intent();\r\nin_tent.setClass(getApplicationContext(), %1$s.class);\r\nstartActivity(in_tent);\ncom.blogspot.atifsoftwares.animatoolib.Animatoo.%2$s(%3$s.this);","color":"#FF2196F3","name":"go to activity_","typeName":"","palette":"218","type":" ","spec":"GoToActivity%m.activity  AnimationType %m.animation In%m.activity "},{"code":"","color":"#FF000000","name":"animations_list","typeName":"","palette":"218","type":"h","spec":"Animations"},{"code":"animateCard","color":"#FF2196F3","name":"CARD_","typeName":"animation","palette":"218","type":"v","spec":"CARD"},{"code":"animateDiagonal","color":"#FF2196F3","name":"DIAGONAL_","typeName":"animation","palette":"218","type":"v","spec":"DIAGONAL"},{"code":"animateFade","color":"#FF2196F3","name":"FADE_","typeName":"animation","palette":"218","type":"v","spec":"FADE"},{"code":"animateInAndOut","color":"#FF2196F3","name":"INANDOUT_","typeName":"animation","palette":"218","type":"v","spec":"IN_AND_OUT"},{"code":"animateShrink","color":"#FF2196F3","name":"SHRINK_","typeName":"animation","palette":"218","type":"v","spec":"SHRINK"},{"code":"animateSlideDown","color":"#FF2196F3","name":"SLIDE_DOWN_","typeName":"animation","palette":"218","type":"v","spec":"SLIDE_DOWN"},{"code":"animateSlideLeft","color":"#FF2196F3","name":"SLIDE_LEFT_","typeName":"animation","palette":"218","type":"v","spec":"SLIDE_LEFT"},{"code":"animateSlideRight","color":"#FF2196F3","name":"SLIDE_RIGHT_","typeName":"animation","palette":"218","type":"v","spec":"SLIDE_RIGHT"},{"code":"animateSlideUp","color":"#FF2196F3","name":"SLIDE_UP_","typeName":"animation","palette":"218","type":"v","spec":"SLIDE_UP"},{"code":"animateSpin","color":"#FF2196F3","name":"SPIN_","typeName":"animation","palette":"218","type":"v","spec":"SPIN"},{"code":"animateSplit","color":"#FF2196F3","name":"SPLIT_","typeName":"animation","palette":"218","type":"v","spec":"SPLIT"},{"code":"animateSwipeLeft","color":"#FF2196F3","name":"SWIPE_LEFT_","typeName":"animation","palette":"218","type":"v","spec":"SWIPE_LEFT"},{"code":"animateSwipeRight","color":"#FF2196F3","name":"SWIPE_RIGHT_","typeName":"animation","palette":"218","type":"v","spec":"SWIPE_RIGHT"},{"code":"animateWindmill","color":"#FF2196F3","name":"WIND_MILL_","typeName":"animation","palette":"218","type":"v","spec":"WIND_MILL"},{"code":"animateZoom","color":"#FF2196F3","name":"ZOOM_","typeName":"animation","palette":"218","type":"v","spec":"ZOOM"},{"code":"","color":"#FF000000","name":"blocks created by DidDog","typeName":"","palette":"218","type":"h","spec":"onBackPressedAnimations"},{"code":"finish();\ncom.blogspot.atifsoftwares.animatoolib.Animatoo.%1$s(%2$s.this);","color":"#FF2196F3","name":"on back pressed activity_","typeName":"","palette":"218","type":" ","spec":"onBackPressed AnimationType %m.animation In%m.activity "},{"code":"","color":"#FF000000","name":"animations_list","typeName":"","palette":"218","type":"h","spec":"Animations"},{"code":"animateCard","color":"#FF2196F3","name":"CARD_","typeName":"animation","palette":"218","type":"v","spec":"CARD"},{"code":"animateDiagonal","color":"#FF2196F3","name":"DIAGONAL_","typeName":"animation","palette":"218","type":"v","spec":"DIAGONAL"},{"code":"animateFade","color":"#FF2196F3","name":"FADE_","typeName":"animation","palette":"218","type":"v","spec":"FADE"},{"code":"animateInAndOut","color":"#FF2196F3","name":"INANDOUT_","typeName":"animation","palette":"218","type":"v","spec":"IN_AND_OUT"},{"code":"animateShrink","color":"#FF2196F3","name":"SHRINK_","typeName":"animation","palette":"218","type":"v","spec":"SHRINK"},{"code":"animateSlideDown","color":"#FF2196F3","name":"SLIDE_DOWN_","typeName":"animation","palette":"218","type":"v","spec":"SLIDE_DOWN"},{"code":"animateSlideLeft","color":"#FF2196F3","name":"SLIDE_LEFT_","typeName":"animation","palette":"218","type":"v","spec":"SLIDE_LEFT"},{"code":"animateSlideRight","color":"#FF2196F3","name":"SLIDE_RIGHT_","typeName":"animation","palette":"218","type":"v","spec":"SLIDE_RIGHT"},{"code":"animateSlideUp","color":"#FF2196F3","name":"SLIDE_UP_","typeName":"animation","palette":"218","type":"v","spec":"SLIDE_UP"},{"code":"animateSpin","color":"#FF2196F3","name":"SPIN_","typeName":"animation","palette":"218","type":"v","spec":"SPIN"},{"code":"animateSplit","color":"#FF2196F3","name":"SPLIT_","typeName":"animation","palette":"218","type":"v","spec":"SPLIT"},{"code":"animateSwipeLeft","color":"#FF2196F3","name":"SWIPE_LEFT_","typeName":"animation","palette":"218","type":"v","spec":"SWIPE_LEFT"},{"code":"animateSwipeRight","color":"#FF2196F3","name":"SWIPE_RIGHT_","typeName":"animation","palette":"218","type":"v","spec":"SWIPE_RIGHT"},{"code":"animateWindmill","color":"#FF2196F3","name":"WIND_MILL_","typeName":"animation","palette":"218","type":"v","spec":"WIND_MILL"},{"code":"animateZoom","color":"#FF2196F3","name":"ZOOM_","typeName":"animation","palette":"218","type":"v","spec":"ZOOM"}]