[{"code":"getActionBar().setTitle(\"%1$s\");","color":"#2196F3","name":"title","typeName":"","palette":"68","type":" ","spec":"Action Bar title %s.inputOnly"},{"code":"getSupportActionBar().setTitle(\"%1$s\");","color":"#2196F3","name":"support title","typeName":"","palette":"68","type":" ","spec":"Action Bar Title  %s.inputOnly"},{"code":"getActionBar().setSubtitle(\"%1$s\");","color":"#2196F3","name":"subtitle","typeName":"","palette":"68","type":" ","spec":"Action Bar Subtitle  %s.inputOnly"},{"code":"getSupportActionBar().setSubtitle(\"%1$s\");","color":"#2196F3","name":"subtitle","typeName":"","palette":"68","type":" ","spec":"Action Bar Subtitle  %s.inputOnly"},{"code":"ActionBar actionBar \u003d getActionBar(); actionBar.setBackgroundDrawable(new android.graphics.drawable.ColorDrawable(Color.parseColor(\"%1$s\")));\nif (Build.VERSION.SDK_INT \u003e\u003d Build.VERSION_CODES.LOLLIPOP) {\n    Window w \u003d MainActivity.this.getWindow();\n    w.clearFlags(WindowManager.LayoutParams.FLAG_TRANSLUCENT_STATUS);\n    w.addFlags(WindowManager.LayoutParams.FLAG_DRAWS_SYSTEM_BAR_BACKGROUNDS);","color":"#2196F3","name":"action Bar color","typeName":"","palette":"68","type":" ","spec":"Action Bar Color  %s.inputOnly"},{"code":"getWindow().setFlags(WindowManager.LayoutParams.FLAG_FULLSCREEN,WindowManager.LayoutParams.FLAG_FULLSCREEN);","color":"#2196F3","name":"Full screen","typeName":"","palette":"68","type":" ","spec":"Action Bar Full-screen"},{"code":"getWindow().clearFlags(WindowManager.LayoutParams.FLAG_FULLSCREEN);","color":"#2196F3","name":"Full screen","typeName":"","palette":"68","type":" ","spec":"Action Bar Un-Full-screen"},{"code":"getActionBar().setIcon(R.drawable.%1$s);","color":"#2196F3","name":"icon","typeName":"","palette":"68","type":" ","spec":"Action Bar Icon  %m.resource"}]