[{"code":"MobileAds.initialize(%1$s.this, new OnInitializationCompleteListener() {\n@Override\npublic void onInitializationComplete(InitializationStatus initializationStatus) {\n%2$s\n}});","color":"#FFD32F2F","name":"ADMOB NATIVE INITIALIZE","typeName":"","palette":"135","type":"c","spec":"ADMOB INTAILIZE AT  %m.activity | BELOWE AD CREATE"},{"code":"AdLoader.Builder builder \u003d new AdLoader.Builder(%2$s.this, \"%3$s\");\nbuilder.forUnifiedNativeAd(new UnifiedNativeAd.OnUnifiedNativeAdLoadedListener() {\n\n@Override\npublic void onUnifiedNativeAdLoaded(UnifiedNativeAd unifiedNativeAd) {\n\nif (%1$s !\u003d null) {\n%1$s.destroy();\n}\n%1$s \u003d unifiedNativeAd;\nUnifiedNativeAdView adView \u003d (UnifiedNativeAdView) getLayoutInflater()\n.inflate(R.layout.ad_unified, null);\npopulateUnifiedNativeAdView(unifiedNativeAd, adView);\n%4$s.removeAllViews();\n%4$s.addView(adView);\n      }\n   });\nAdLoader adLoader \u003d builder.withAdListener(new AdListener() {","color":"#FFD32F2F","name":"ADMOB NATIVE CREATE","typeName":"","palette":"135","type":" ","spec":"ADMOB NATIVE CREATE  %m.UnifiedNativeAd AT  %m.activity WITH UNIT ID \u003d %s.inputOnly  AT  %m.view"},{"code":"\t@Override\n\tpublic void onAdFailedToLoad(int errorCode) {\r\n\t\tErrorNativeCode \u003d errorCode;\r\n\t\t%1$s\r\n\t}}).build();","color":"#FFD32F2F","name":"ADMOB NATIVE ON_ERROR","typeName":"","palette":"135","type":"c","spec":"ADMOB NATIVE ON_ERROR"},{"code":"String.valueOf((long)(ErrorNativeCode))","color":"#FFD32F2F","name":"ADMOB NATIVE ERROR CODE","typeName":"","palette":"135","type":"s","spec":"ADMOB NATIVE ERROR CODE"},{"code":"adLoader.loadAd(new AdRequest.Builder().build());","color":"#FFD32F2F","name":"ADMOB NATIVE LOAD","typeName":"","palette":"135","type":" ","spec":"ADMOB NATIVE  LOAD"},{"code":"}\nprivate void populateUnifiedNativeAdView(UnifiedNativeAd %1$s, UnifiedNativeAdView adView) {\n// Set the media view.\nadView.setMediaView((MediaView) adView.findViewById(R.id.ad_media));\n// Set other ad assets.\nadView.setHeadlineView(adView.findViewById(R.id.ad_headline));\nadView.setBodyView(adView.findViewById(R.id.ad_body));\nadView.setCallToActionView(adView.findViewById(R.id.ad_call_to_action));\nadView.setIconView(adView.findViewById(R.id.ad_app_icon));\nadView.setPriceView(adView.findViewById(R.id.ad_price));\nadView.setStarRatingView(adView.findViewById(R.id.ad_stars));\nadView.setStoreView(adView.findViewById(R.id.ad_store));\nadView.setAdvertiserView(adView.findViewById(R.id.ad_advertiser));\n\n// The headline and mediaContent are guaranteed to be in every UnifiedNativeAd.\n\n((TextView) adView.getHeadlineView()).setText(%1$s.getHeadline());\n\n\n// These assets aren\u0027t guaranteed to be in every UnifiedNativeAd, so it\u0027s important to\n\n// check before trying to display them.\n\nif (%1$s.getBody() \u003d\u003d null) {\n\nadView.getBodyView().setVisibility(View.INVISIBLE);\n} else {\nadView.getBodyView().setVisibility(View.VISIBLE);\n((TextView) adView.getBodyView()).setText(%1$s.getBody());\n}\nif (%1$s.getCallToAction() \u003d\u003d null) {\nadView.getCallToActionView().setVisibility(View.INVISIBLE);\n} else {\nadView.getCallToActionView().setVisibility(View.VISIBLE);\n((Button) adView.getCallToActionView()).setText(%1$s.getCallToAction());\n}\nif (%1$s.getIcon() \u003d\u003d null) {\nadView.getIconView().setVisibility(View.GONE);\n} else {\n((ImageView) adView.getIconView()).setImageDrawable(%1$s.getIcon().getDrawable());\nadView.getIconView().setVisibility(View.VISIBLE);\n}\nif (%1$s.getPrice() \u003d\u003d null) {\nadView.getPriceView().setVisibility(View.INVISIBLE);\n} else {\nadView.getPriceView().setVisibility(View.VISIBLE);\n((TextView) adView.getPriceView()).setText(%1$s.getPrice());\n}\nif (%1$s.getStore() \u003d\u003d null) {\nadView.getStoreView().setVisibility(View.INVISIBLE);\n} else {\nadView.getStoreView().setVisibility(View.VISIBLE);\n((TextView) adView.getStoreView()).setText(%1$s.getStore());\n}\nif (%1$s.getStarRating() \u003d\u003d null) {\nadView.getStarRatingView().setVisibility(View.INVISIBLE);\n} else {\n((RatingBar) adView.getStarRatingView())\n.setRating(nativeAd.getStarRating().floatValue());\nadView.getStarRatingView().setVisibility(View.VISIBLE);\n}\nif (%1$s.getAdvertiser() \u003d\u003d null) {\nadView.getAdvertiserView().setVisibility(View.INVISIBLE);\n} else {\n((TextView) adView.getAdvertiserView()).setText(nativeAd.getAdvertiser());\nadView.getAdvertiserView().setVisibility(View.VISIBLE);\n}\n// This method tells the Google Mobile Ads SDK that you have finished populating your\n\n// native ad view with this native ad.\n\nadView.setNativeAd(%1$s);\n}\n{","color":"#FFD32F2F","name":"ADMOB NATIVE UI","typeName":"","palette":"135","type":" ","spec":"ADMOB NATIVE UI  %m.UnifiedNativeAd "}]