[{"code":"","color":"#FFFF5722","name":"daniel sk","typeName":"","palette":"137","type":"h","spec":"@DANIEL SK"},{"code":"Alerter.create(%1$s.this)\n .setTitle(\"%2$s\")\n .setText(\"%3$s\")\n .setIcon(R.drawable.%4$s)\n .show();","color":"#FFFF5722","name":"custom","typeName":"","palette":"137","type":" ","spec":"Alerter Custom %m.activity  SetTitle %s.inputOnly  SetText %s.inputOnly  Choose icon %m.resource  "},{"code":"Alerter.create(%1$s.this)\n .setTitle(\"%2$s\")\n .setText(\"%3$s\")\n .show();","color":"#FFFF5722","name":"Alerter Default image","typeName":"","palette":"137","type":" ","spec":"Default image %m.activity  setTitle %s.inputOnly  setText %s.inputOnly "},{"code":"Alerter.create(%1$s.this)\n .setTitle(\"%2$s\")\n .show();","color":"#FFFF5722","name":"title only","typeName":"","palette":"137","type":" ","spec":"Title only %m.activity  setTitle%s.inputOnly "},{"code":"","color":"#FFFF5722","name":"@Daniel SK","typeName":"","palette":"137","type":"h","spec":"@DANIEL SK"},{"code":"Alerter.create(%1$s.this)\n       .setTitle(\"%2$s\")\n       .setText(\"%3$s\")\n       .setBackgroundColorInt(%4$s)\n       .show();","color":"#FFFF5722","name":"custom color","typeName":"","palette":"137","type":" ","spec":"Custom Color %m.activity  setTitle %s.inputOnly  setText %s.inputOnly  SetBackGroundColor %m.color "},{"code":"Alerter.create(%1$s.this)\n       .setTitle(\"%2$s\")\n       .setText(\"%3$s\")\n       .setIcon(R.drawable.%4$s)\n       .setBackgroundColorInt(%5$s)\n       .show();","color":"#FFFF5722","name":"custom img and color","typeName":"","palette":"137","type":" ","spec":"CustomImageAndColor %m.activity setTitle %s.inputOnly  setText  %s.inputOnly  ChooseImage  %m.resource   BackGroundColor %m.color "},{"code":"Alerter.create(%1$s.this)\n                .setTitle(\"%2$s\")\n                .setText(\"%3$s\")\n                .setDuration(%4$s)\n                .setOnClickListener(new View.OnClickListener() {\n                    @Override\n                    public void onClick(View view) {\n                        %5$s\n                    }\n                })\n                .show();","color":"#FFFF5722","name":"onClick Listener","typeName":"","palette":"137","type":"c","spec":"onClick %m.activity  setTitle %s.inputOnly  setText %s.inputOnly  setDuration %s.inputOnly "},{"code":"","color":"#FFFF5722","name":"@DANIEL SK ","typeName":"","palette":"137","type":"h","spec":"@DANIEL SK"},{"code":"Alerter.create(%1$s.this)\n         .setTitle(\"%2$s\")\n         .setText(\"%3$s\")\n         .setEnterAnimation(R.anim.alerter_slide_in_from_left)\n         .setExitAnimation(R.anim.alerter_slide_out_to_right)\n         .show();","color":"#FFFF5722","name":"Animation","typeName":"","palette":"137","type":" ","spec":"Animation From Left to Right %m.activity  setTitle %s.inputOnly  setText %s.inputOnly "},{"code":"Alerter.create(%1$s.this)\n        .setTitle(\"%2$s\")\n        .setText(\"%3$s\")\n        .enableProgress(true)\n        .setProgressColorInt(%4$s)\n        .show();","color":"#FFFF5722","name":"progress bar","typeName":"","palette":"137","type":" ","spec":"Progress %m.activity  setTitle %s.inputOnly setText %s.inputOnly  ProgressColor %m.color "},{"code":"Alerter.create(%1$s.this)\n        .setTitle(\"%2$s\")\n        .setText(\"%3$s\")\n        .enableProgress(true)\n        .setProgressColorInt(%4$s)\n        .setBackgroundColorInt(%5$s)\n        .show();","color":"#FFFF5722","name":"progress and background","typeName":"","palette":"137","type":" ","spec":"Progress %m.activity  setTitle %s.inputOnly setText %s.inputOnly  ProgressColor %m.color  BackGroundColor %m.color "},{"code":"Alerter.create(%1$s.this) \n.setTitle(\"%2$s\")\n .setTitleTypeface(Typeface.createFromAsset(getAssets(), \"%3$s\"))\n .setText(\"%4$s\")\n  .setTextTypeface(Typeface.createFromAsset(getAssets(), \"%5$s\"))\n   .show();","color":"#FFFF5722","name":"Custom font","typeName":"","palette":"137","type":" ","spec":"CustomFont %m.activity  setTitle %s.inputOnly setTitleTypeface %s.inputOnly setText %s.inputOnly  setTextTypeface %s.inputOnly "},{"code":"Alerter.create(%1$s.this) \n.setTitle(\"%2$s\")\n .setTitleTypeface(Typeface.createFromAsset(getAssets(), \"%3$s\"))\n .setText(\"%4$s\")\n  .setTextTypeface(Typeface.createFromAsset(getAssets(), \"%5$s\"))\n.setBackgroundColorInt(%6$s)\n .setIcon(R.drawable.%7$s)\n   .show();","color":"#FFFF5722","name":"Custom Font and Custom image and background","typeName":"","palette":"137","type":" ","spec":"CustomFontAndImageAndBackGroundColor %m.activity  setTitle %s.inputOnly setTitleTypeface %s.inputOnly setText %s.inputOnly  setTextTypeface %s.inputOnly  BackGroundColor %m.color  ChooseImage %m.resource "},{"code":"Alert alert \u003d Alerter.create(%1$s.this)\n                .setTitle(\"%2$s\")\n                .setText(\"%3$s\")\n                .setBackgroundColorInt(%4$s)\n                .setIcon(R.drawable.%5$s)\n                .show();\n        alert.getTitle().setTextColor(%6$s);\n        alert.getText().setTextColor(%7$s);","color":"#FFFF5722","name":"TextColor","typeName":"","palette":"137","type":" ","spec":"CustomTitleAndTextColor %m.activity  setTitle %s.inputOnly  setText %s.inputOnly BackGroundColor %m.color  ChooseImage %m.resource   TitleColor %m.color  TextColor %m.color "},{"code":"Alert alert \u003d Alerter.create(%1$s.this) \n.setTitle(\"%2$s\")\n .setTitleTypeface(Typeface.createFromAsset(getAssets(), \"%3$s\"))\n .setText(\"%4$s\")\n  .setTextTypeface(Typeface.createFromAsset(getAssets(), \"%5$s\"))\n.setBackgroundColorInt(%6$s)\n .setIcon(R.drawable.%7$s)\n   .show();\n  alert.getTitle().setTextColor(%8$s);\n  alert.getText().setTextColor(%9$s);","color":"#FFFF5722","name":"Custom font ","typeName":"","palette":"137","type":" ","spec":"CustomFontAndImageAndColor %m.activity  setTitle %s.inputOnly setTitleTypeface %s.inputOnly setText %s.inputOnly  setTextTypeface %s.inputOnly  BackGroundColor %m.color  ChooseImage %m.resource   TitleColor %m.color  TextColor %m.color "},{"code":"","color":"#FFFF5722","name":"@DANIEL SK","typeName":"","palette":"137","type":"h","spec":"@DANIEL SK"},{"code":"Alerter.create(%1$s.this)\n                .setTitle(\"%2$s\")\n                .setText(\"%3$s\")\n                .enableSwipeToDismiss()\n                .setOnHideListener(new OnHideAlertListener() {\n                    @Override\n                    public void onHide() {\n                        %4$s\n                    }\n                })\n                .show();","color":"#FFFF5722","name":"hide alerter","typeName":"","palette":"137","type":"c","spec":"onHideAlerter %m.activity  setTitle %s.inputOnly  setText %s.inputOnly WhenHide"},{"code":"Alerter.create(%1$s.this)\n .setTitle(\"%2$s\")\n  .setText(\"%3$s\") \n  .addButton(\"%4$s\", R.style.AlertButton ,new View.OnClickListener() {\n  @Override \n  public void onClick(View v) { \n  %5$s\n  } }) \n .show();","color":"#FFFF5722","name":"CustomButton","typeName":"","palette":"137","type":"c","spec":"CustomButton %m.activity  setTitle %s.inputOnly  setText %s.inputOnly  nameCustomBotton %s.inputOnly onClickButton"}]