[{"code":"%s","name":"getVarAnimationDrawable","typeName":"AnimationDrawable","palette":"277","type":"v","spec":"getVarAnimationDrawable %s.inputOnly"},{"code":"android.graphics.drawable.AnimationDrawable %s \u003d (android.graphics.drawable.AnimationDrawable) %s.getBackground();","name":"createNewAnimationDrawable","palette":"277","type":" ","spec":"createNewAnimationDrawable %s.inputOnly From %m.view"},{"code":"%s.setEnterFadeDuration(%s);","name":"setEnterFadeDuration","palette":"277","type":" ","spec":"%m.AnimationDrawable setEnterFadeDuration %d"},{"code":"%s.setExitFadeDuration(%s);","name":"setExitFadeDuration","palette":"277","type":" ","spec":"%m.AnimationDrawable setExitFadeDuration %d"},{"code":"%s.start();","name":"startAnimationDrawable","palette":"277","type":" ","spec":"%m.AnimationDrawable startAnimation"}]