[{"code":"","color":"#FF757575","name":"app update","typeName":"h","palette":"241","type":"h","spec":"Create By | @amirsina_iz"},{"code":"try {\nandroid.content.pm.PackageInfo pinfo \u003d getPackageManager().getPackageInfo(package_name, android.content.pm.PackageManager.GET_ACTIVITIES);\n%s \u003d pinfo.versionName; }\ncatch (Exception e){ showMessage(e.toString()); }","color":"#FF757575","name":"App Using","typeName":"r","palette":"241","type":" ","spec":"Use for check ur app version -\u003e %s.inputOnly  string "},{"code":"package_name \u003d %s;","color":"#FF757575","name":"package","typeName":"r","palette":"241","type":" ","spec":"Your package name %s "}]