[{"name":"by who","palette":"10","spec":"By Arab Ware","typeName":"","type":"h","code":"","color":"#FF512DA8"},{"name":"string array","palette":"10","spec":"strings arrays","type":"h","typeName":"","color":"#FF512DA8","code":""},{"name":"more--","palette":"10","spec":"create string array %s.inputOnly |put me at more block|","type":" ","typeName":"","color":"#FF512DA8","code":"}\nprivate String[] %1$s;\npublic void %1$s_v () {"},{"name":"create_","palette":"10","spec":" string array %s.inputOnly from %m.listStr","type":" ","typeName":"","color":"#FF512DA8","code":"String[] %1$s \u003d new String[%2$s.size()];\nfor (int i \u003d 0; i \u003c %2$s.size(); i++) {\n%1$s[i] \u003d %2$s.get(i);\n}"},{"name":"create_2","palette":"10","spec":" string array %s.inputOnly max length %d","typeName":"","type":" ","code":"String[] %1$s \u003d new String[(int) %2$s];","color":"#FF512DA8"},{"name":"set.at","palette":"10","spec":"set string array %s.inputOnly value %s at %d ","type":" ","typeName":"","color":"#FF512DA8","code":"%1$s[(int) %3$s] \u003d %2$s;"},{"name":"get_","palette":"10","spec":"get string array %s.inputOnly at %d","typeName":"","type":"s","code":"Arrays.asList(%1$s).get(%2$s).toString()","color":"#FF512DA8"},{"name":"int[]","palette":"10","spec":"int array","type":"h","typeName":"","color":"#FF512DA8","code":""},{"name":"more_block","palette":"10","spec":" create int array %s.inputOnly |put me ar more block|","typeName":"","type":" ","code":"}\nprivate int[] %1$s;\npublic void %1$s_v () {","color":"#FF512DA8"},{"name":"getnana","palette":"10","spec":" int array %s.inputOnly from %m.listInt","typeName":"","type":" ","code":"int[] %1$s \u003d new int[%2$s.size()];\nfor (int i \u003d 0; i \u003c %2$s.size(); i++){\n%1$s[i] \u003d %2$s.get(i);\n}","color":"#FF512DA8"},{"name":"set-_","palette":"10","spec":"int array %s.inputOnly set max length %d","type":" ","typeName":"","color":"#FF512DA8","code":"int[] %1$s \u003d new int[(int) %2$s];"},{"name":"set.at_","palette":"10","spec":"int array %s.inputOnly set value %d at %d","typeName":"","type":" ","code":"%1$s[(int) %3$s] \u003d %2$s;","color":"#FF512DA8"}]