[{"code":"%s","color":"#5cb722","name":"addSourceDirectly","typeName":"","palette":"11","type":" ","spec":"add source directly %s.inputOnly"},{"code":"/*\n%s\n*/","color":"#5cb722","name":"asdComment","typeName":"","palette":"11","type":"c","spec":"comment"},{"code":"%s","color":"#5cb722","name":"asdBoolean","typeName":"","palette":"11","type":"b","spec":"boolean %s.inputOnly"},{"code":"%s","color":"#5cb722","name":"asdNumber","typeName":"","palette":"11","type":"d","spec":"number %s.inputOnly"},{"code":"%s","color":"#5cb722","name":"asdString","typeName":"","palette":"11","type":"s","spec":"string %s.inputOnly"},{"code":"%s","color":"#5cb722","name":"asdMap","typeName":"","palette":"11","type":"a","spec":"map %s.inputOnly"},{"code":"%s","color":"#5cb722","name":"asdListstr","typeName":"List String","palette":"11","type":"l","spec":"list string %s.inputOnly"},{"code":"%s","color":"#5cb722","name":"asdListnum","typeName":"List Number","palette":"11","type":"l","spec":"list number %s.inputOnly"},{"code":"%s","color":"#5cb722","name":"asdListmap","typeName":"List Map","palette":"11","type":"l","spec":"list map %s.inputOnly"},{"code":"%s","color":"#5cb722","name":"asdView","typeName":"View","palette":"11","type":"v","spec":"view %s.inputOnly"},{"code":"%s","color":"#5cb722","name":"asdTextView","typeName":"TextView","palette":"11","type":"v","spec":"textview %s.inputOnly"},{"code":"%s","color":"#5cb722","name":"asdEditText","typeName":"EditText","palette":"11","type":"v","spec":"edittext %s.inputOnly"},{"code":"%s","color":"#5cb722","name":"asdButton","typeName":"Button","palette":"11","type":"v","spec":"button %s.inputOnly"},{"code":"%s","color":"#5cb722","name":"asdImageView","typeName":"ImageView","palette":"11","type":"v","spec":"imageview %s.inputOnly"},{"code":"%s","color":"#5cb722","name":"asdCheckbox","typeName":"CheckBox","palette":"11","type":"v","spec":"checkbox %s.inputOnly"},{"code":"%s","color":"#5cb722","name":"asdListView","typeName":"ListView","palette":"11","type":"v","spec":"listview %s.inputOnly"},{"code":"%s","color":"#5cb722","name":"asdSpinner","typeName":"Spinner","palette":"11","type":"v","spec":"spinner %s.inputOnly"}]