[{"name":"created.....","palette":"35","spec":"created by arab ware channel","type":"h","typeName":"","color":"#FF283593","code":""},{"name":"ListAssets","palette":"35","spec":"assets files list of folder %s into %m.listStr","typeName":"","type":" ","code":"AssetManager %2$sA \u003d getAssets();\ntry {\nString[] %2$sS \u003d %2$sA.list(%1$s);\n%2$s \u003d new ArrayList\u003cString\u003e(Arrays.asList(%2$sS));\n}catch(Exception e){}","color":"#FF283593"},{"name":"not related","palette":"35","spec":"not related | + plz add these imports 1) java.io.InputStream 2) java.io.IOException","typeName":"","type":"h","code":"","color":"#FF283593"},{"name":"ImageViewFromAsset","palette":"35","spec":"%m.imageview set image from assets %s","type":" ","typeName":"","color":"#FF283593","code":"try {\njava.io.InputStream %1$sInput \u003d getAssets().open(%2$s); \nDrawable %1$sDraw \u003d Drawable.createFromStream(%1$sInput, null);\n%1$s.setImageDrawable(%1$sDraw);\n%1$sInput.close();\n} catch(java.io.IOException ex) {}"}]