[{"name":"created by me","palette":"33","spec":"Created By Arab Ware Channel","type":"h","typeName":"","color":"#FF64DD17","code":""},{"name":"read file","palette":"33","spec":"read file from assets with name or path %s into string variable %m.varStr","typeName":"","type":" ","code":"try{\n\tjava.io.InputStream %2$sIn \u003d this.getAssets().open(\"txt.txt\");\n\t           int %2$sSi \u003d %2$sIn.available();\n\t           byte[] %2$sBu \u003d new byte[%2$sSi];\n\t           %2$sIn.read(%2$sBu);\n\t           %2$sIn.close();\n\t           %2$s \u003d new String(%2$sBu, \"UTF-8\");\n}catch(Exception e){\n\t \n}","color":"#FF64DD17"},{"name":"read file 2","palette":"33","spec":"%m.webview read html file from assets with name or path %s","type":" ","typeName":"","color":"#FF64DD17","code":"try{\n\t\tjava.io.InputStream %1$sIn \u003d this.getAssets().open(\"txt.txt\");\n\t\t           int %1$sSi \u003d ttIn.available();\n\t\t           byte[] %1$sBu \u003d new byte[ttSi];\n\t\t           %1$sIn.read(%1$sBu);\n\t\t           %1$sIn.close();\n\t\t           final String %1$sStr \u003d new String(%1$sBu, \"UTF-8\");\nWebSettings %1$sSs \u003d %1$s.getSettings(); \n%1$sSs.setJavaScriptEnabled(true); \n%1$sSs.setJavaScriptCanOpenWindowsAutomatically(true);\nif (android.os.Build.VERSION.SDK_INT \u003e\u003d android.os.Build.VERSION_CODES.JELLY_BEAN) {\n%1$sSs.setAllowFileAccessFromFileURLs(true); \n%1$sSs.setAllowUniversalAccessFromFileURLs(true);\n}\r\n%1$s.loadUrl(\"data:text/html ,\u003chtml\u003e\".concat(%1$sStr.concat(\"\u003chtml\u003e\")));\n}catch(Exception e){\n\t\t \n}"}]