[{"code":"","color":"#FF6200EA","name":"activity asset blocks","typeName":"","palette":"16","type":"h","spec":"these are blocks for activity only"},{"code":"{\ntry{\nint count;\njava.io.InputStream input\u003d %4$s.this.getAssets().open(%1$s);\njava.io.OutputStream output \u003d new  java.io.FileOutputStream(%2$s + %3$s);\nbyte data[] \u003d new byte[1024];\nwhile ((count \u003d input.read(data))\u003e0) {\noutput.write(data, 0, count);\n}\noutput.flush();\noutput.close();\ninput.close();\n\n\t}catch(Exception e){\n\t\t\r\n\t}\n}","color":"#FF6200EA","name":"save a file from asset to storage","typeName":"","palette":"16","type":" ","spec":"save asset file path %s to storage path %s with name %s in %m.activity"},{"code":"{\ntry{\n\tjava.io.InputStream %2$sIn \u003d %3$s.this.getAssets().open(%1$s);\n\t           int %2$sSi \u003d %2$sIn.available();\n\t           byte[] %2$sBu \u003d new byte[%2$sSi];\n\t           %2$sIn.read(%2$sBu);\n\t           %2$sIn.close();\n\t           %2$s \u003d new String(%2$sBu, \"UTF-8\");\n}catch(Exception e){\n\t \n}\n}","color":"#FF6200EA","name":"read asset path","typeName":"","palette":"16","type":" ","spec":"read asset file path %s as string to %m.varStr in %m.activity"},{"code":"{\nfinal AssetManager %1$sA \u003d %3$s.this.getAssets();\ntry {\nfinal String[] %1$sS \u003d %1$sA.list(%2$s);\n%1$s \u003d new ArrayList\u003cString\u003e(Arrays.asList(%1$sS));\n}catch(Exception e){}\n}","color":"#FF6200EA","name":"asset folder files list","typeName":"","palette":"16","type":" ","spec":"%m.listStr set data as list of asset folder files %s in %m.activity"},{"code":"","color":"#FF6200EA","name":"fragment asset blocks","typeName":"","palette":"16","type":"h","spec":"these are blocks for fragment only"},{"code":"{\ntry{\nint count;\njava.io.InputStream input\u003d getActivity().getAssets().open(%1$s);\njava.io.OutputStream output \u003d new  java.io.FileOutputStream(%2$s + %3$s);\nbyte data[] \u003d new byte[1024];\nwhile ((count \u003d input.read(data))\u003e0) {\noutput.write(data, 0, count);\n}\noutput.flush();\noutput.close();\ninput.close();\n\n\t}catch(Exception e){\n\t\t\r\n\t}\n}","color":"#FF6200EA","name":"save a file from asset to storage 2","typeName":"","palette":"16","type":" ","spec":"save asset file path %s to storage path %s with name %s"},{"code":"{\ntry{\n\tjava.io.InputStream %2$sIn \u003d getActivity().getAssets().open(%1$s);\n\t           int %2$sSi \u003d %2$sIn.available();\n\t           byte[] %2$sBu \u003d new byte[%2$sSi];\n\t           %2$sIn.read(%2$sBu);\n\t           %2$sIn.close();\n\t           %2$s \u003d new String(%2$sBu, \"UTF-8\");\n}catch(Exception e){\n\t \n}\n}","color":"#FF6200EA","name":"read asset path 2","typeName":"","palette":"16","type":" ","spec":"read asset file path %s as string to %m.varStr"},{"code":"{\nfinal AssetManager %1$sA \u003d getActivity().getAssets();\ntry {\nfinal String[] %1$sS \u003d %1$sA.list(%2$s);\n%1$s \u003d new ArrayList\u003cString\u003e(Arrays.asList(%1$sS));\n}catch(Exception e){}\n}","color":"#FF6200EA","name":"asset folder files list","typeName":"","palette":"16","type":" ","spec":"%m.listStr set data as list of asset folder files %s"},{"code":"\"/storage/emulated/0\"","color":"#FFE91E63","name":"/storage/emulated/0 ","typeName":"/storage/emulated/0","palette":"16","type":"s","spec":"/storage/emulated/0"},{"code":"FileUtil.getExternalStorageDir().substring((int)(1), (int)(FileUtil.getExternalStorageDir().length()))","color":"#FFE91E63","name":"Get Storage Path","typeName":"","palette":"16","type":"s","spec":"Get Storage Path"},{"code":"","color":"#FFE91E63","name":"Copy From Assest ","typeName":"","palette":"16","type":"h","spec":"Copy From Assest"},{"code":"try{\nint count;\njava.io.InputStream input\u003d this.getAssets().open(%1$s);\njava.io.OutputStream output \u003d new  java.io.FileOutputStream(%2$s+%1$s);\nbyte data[] \u003d new byte[1024];\nwhile ((count \u003d input.read(data))\u003e0) {\noutput.write(data, 0, count);\n}\noutput.flush();\noutput.close();\ninput.close();\n%3$s\n\t}catch(Exception e){\n\t\t\r%4$s\n\t}","color":"#FFE91E63","name":"Copy Assets File ","typeName":"Copy Assets File","palette":"16","type":"e","spec":"File Name\u003d %s into path %s  If successed then👇","spec2":"else"},{"code":"","color":"#FF18FFFF","name":"cpy_assets part 2","typeName":"","palette":"16","type":"h","spec":"Copy From Assets (Fixed)👇"},{"code":"if (FileUtil.isDirectory(_topathh)) {\r\n\tFileUtil.writeFile(\"Dont remove\", \"its For storage Permission\");\r\n\t%1$s \u003d _filen;\r\n\t%2$s \u003d _topathh;\r\n\ttry{\n\t\tint count;\n\t\tjava.io.InputStream input\u003d this.getAssets().open(assetFilename);\n\t\tjava.io.OutputStream output \u003d new  java.io.FileOutputStream(assetSavePath+\"/\"+assetFilename);\n\t\tbyte data[] \u003d new byte[1024];\n\t\twhile ((count \u003d input.read(data))\u003e0) {\n\t\t\toutput.write(data, 0, count);\n\t\t}\n\t\toutput.flush();\n\t\toutput.close();\n\t\tinput.close();\n\t\t\r\n\t\t%3$s\r\n\t}catch(Exception e){\n\t\t\r\n\t\t%4$s\r\n\t}\r\n}\r\nelse {\r\n\t\r\n}","color":"#FFE040FB","name":"cpy_assets_moreblok","typeName":"","palette":"16","type":"e","spec":"String1\u003d%m.varStr string2\u003d%m.varStr 👉PUT ME AT MORE BLOCK👈 On Success👇 ","spec2":"IF FAIL THEN👇"},{"code":"_Cpy_assets(%1$s, %2$s);","color":"#FFE040FB","name":"cpy_assets_block","typeName":"","palette":"16","type":" ","spec":"ASSETS FILE NAME\u003d %s  TO PATH \u003d%s  ","spec2":"ELSE👇"},{"code":"{\n\t\ttry{\n\t\t\t\tint count;\n\t\t\t\tjava.io.InputStream input\u003d %3$s.this.getAssets().open(%1$s);\n\t\t\t\tjava.io.OutputStream output \u003d new  java.io.FileOutputStream(%2$s+ %1$s);\n\t\t\t\tbyte data[] \u003d new byte[1024];\n\t\t\t\twhile ((count \u003d input.read(data))\u003e0) {\n\t\t\t\t\t\toutput.write(data, 0, count);\n\t\t\t\t}\n\t\t\t\toutput.flush();\n\t\t\t\toutput.close();\n\t\t\t\tinput.close();\r\n\t\t%4$s\r\n\t}catch(Exception e){\r\n\t\t%5$s\r\n\t\t\t}\n}","color":"#FF6200EA","name":"ajajja","typeName":"","palette":"16","type":"e","spec":"Assest Name %s  Copy To %s In %m.activity If Sucess👇👇","spec2":"Else👇👇 Failed"},{"code":"{\n\t\ttry{\n\t\t\t\tint count;\n\t\t\t\tjava.io.InputStream input\u003d %4$s.this.getAssets().open(%1$s);\n\t\t\t\tjava.io.OutputStream output \u003d new  java.io.FileOutputStream(%2$s+ %3$s);\n\t\t\t\tbyte data[] \u003d new byte[1024];\n\t\t\t\twhile ((count \u003d input.read(data))\u003e0) {\n\t\t\t\t\t\toutput.write(data, 0, count);\n\t\t\t\t}\n\t\t\t\toutput.flush();\n\t\t\t\toutput.close();\n\t\t\t\tinput.close();\r\n\t\t%5$s\r\n\t}catch(Exception e){\r\n\t\t%6$s\r\n\t\t\t}\n}","color":"#FF6200EA","name":"ajajja_copy69","typeName":"","palette":"16","type":"e","spec":"Assest Name %s  Copy To %s  With Name%s  In %m.activity If Sucess👇👇","spec2":"Else👇👇 Failed"}]