[{"name":"MoreBlock....","palette":"54","spec":"put me at more block بلوك مور في ضعني","typeName":"","type":" ","code":"}\npublic static abstract class _BackgroundTaskClass {\n\n    private Activity activity;\n    public _BackgroundTaskClass(Activity activity) {\n        this.activity \u003d activity;\n    }\n\n    private void startBackground() {\n        new Thread(new Runnable() {\n            public void run() {\n\n                doInBackground();\n                activity.runOnUiThread(new Runnable() {\n                    public void run() {\n\n                        onPostExecute();\n                    }\n                });\n            }\n        }).start();\n    }\n    public void execute(){\n        startBackground();\n    }\n\n    public abstract void doInBackground();\n    public abstract void onPostExecute();\n\n}\n{","color":"#FF000000"},{"spec2":"OnPostCreated","typeName":"","color":"#FF000000","name":"new Task...","palette":"54","spec":"new _BackgroundTaskClass %m.activity OnRun","type":"e","code":"new _BackgroundTaskClass(%1$s.this) {\n        @Override\n        public void doInBackground() {\n%2$s\n            //put you background code\n            //same like doingBackground\n            //Background Thread\n\n\n\n        }\n\n        @Override\n        public void onPostExecute() {\n%3$s\n            //hear is result part same\n            //same like post execute\n            //UI Thread(update your UI widget)\n        }\n    }.execute();"}]