[{"name":"created by arab ware ","palette":"36","spec":"created by arab ware channel","typeName":"","type":"h","code":"","color":"#FF689F38"},{"name":"create.....","palette":"36","spec":"%m.AudioRecorder create","type":" ","typeName":"","color":"#FF689F38","code":"%1$s \u003d new MediaRecorder();"},{"name":"set file path","palette":"36","spec":"%m.AudioRecorder set file path %s","type":" ","typeName":"","color":"#FF689F38","code":"%1$s.setAudioSource(MediaRecorder.AudioSource.MIC);\n%1$s.setOutputFormat(MediaRecorder.OutputFormat.THREE_GPP);\n%1$s.setAudioEncoder(MediaRecorder.OutputFormat.AMR_NB);\n%1$s.setOutputFile(%2$s);"},{"name":"start record audio","palette":"36","spec":"%m.AudioRecorder start","typeName":"","type":" ","code":"try {\n%1$s.prepare();\n%1$s.start();\n} catch (Exception e) {}\r","color":"#FF689F38"},{"name":"stop recording audio","palette":"36","spec":"%m.AudioRecorder stop","type":" ","typeName":"","color":"#FF689F38","code":"try {\n%1$s.stop();\n%1$s.release();\n%1$s \u003d null;\n} catch(Exception e) {}"},{"name":"put this below","palette":"36","spec":"put this below at more block","typeName":"","type":"h","code":"","color":"#FF689F38"},{"name":"More Block Audio","palette":"36","spec":"private void fo4o ( must be in more block )","type":" ","typeName":"","color":"#FF689F38","code":"}\nprivate void fo4o() {"},{"name":"More Block Audio","palette":"36","spec":"private void fo4o ( must be in more block )","type":" ","typeName":"","color":"#FF689F38","code":"}\nprivate void fo4o() {"}]