[{"code":"","color":"#FF388E3C","name":"created by arab ware team !","typeName":"","palette":"21","type":"h","spec":"created by arab ware channel"},{"code":"%1$s","color":"#FF388E3C","name":"AudioManager","typeName":"AudioManager","palette":"21","type":"v","spec":"AudioManager %s.inputOnly"},{"code":"%1$s \u003d (AudioManager) getSystemService(Context.AUDIO_SERVICE);","color":"#FF388E3C","name":"Add AudioManager","typeName":"","palette":"21","type":" ","spec":"AudioManager %m.AudioManager |OnCreate|"},{"code":"%1$s.setStreamVolume(AudioManager.STREAM_MUSIC, %2$s, 0);\nchanged();","color":"#FF388E3C","name":"change","typeName":"","palette":"21","type":" ","spec":"%m.AudioManager change volume %d"},{"code":"%1$s.getStreamMaxVolume(AudioManager.STREAM_MUSIC)","color":"#FF388E3C","name":"get max volume","typeName":"","palette":"21","type":"d","spec":"%m.AudioManager get max volume"}]