[{"code":"","color":"#FFD32F2F","name":"BY ARAB WARE CHANNEL","typeName":"","palette":"83","type":"h","spec":"BY ARAB WARE CHANNEL"},{"code":"%1$s \u003d new AutoLinkTextView(%2$s.this);","color":"#FFD32F2F","name":"crewt","typeName":"","palette":"83","type":" ","spec":"create new %m.AutoLinkTextView in %m.activity"},{"code":"%2$s.addView(%1$s);","color":"#FFD32F2F","name":"ADD VIEW","typeName":"","palette":"83","type":" ","spec":"%m.AutoLinkTextView add to %m.view"},{"code":"%1$s.setMentionModeColor(%2$s);","color":"#FFD32F2F","name":"MentionColor","typeName":"","palette":"83","type":" ","spec":"%m.AutoLinkTextView setMentionColor %m.color"},{"code":"%1$s.setHashtagModeColor(%2$s);","color":"#FFD32F2F","name":"setHashtagColor","typeName":"","palette":"83","type":" ","spec":"%m.AutoLinkTextView setHashtagsColor %m.color"},{"code":"%1$s.setUrlModeColor(%2$s);","color":"#FFD32F2F","name":"setUrlColor","typeName":"","palette":"83","type":" ","spec":"%m.AutoLinkTextView setUrlColor %m.color"},{"code":"%1$s.setPhoneModeColor(%2$s);","color":"#FFD32F2F","name":"setPhoneColor","typeName":"","palette":"83","type":" ","spec":"%m.AutoLinkTextView setPhoneColor %m.color"},{"code":"%1$s.setEmailModeColor(%2$s);","color":"#FFD32F2F","name":"setEmailColor","typeName":"","palette":"83","type":" ","spec":"%m.AutoLinkTextView setEmailColor %m.color"},{"code":"%1$s.setCustomModeColor(%2$s);","color":"#FFD32F2F","name":"setCustomModeColor","typeName":"","palette":"83","type":" ","spec":"%m.AutoLinkTextView setCustomModeColor %m.color"},{"code":"%1$s.addAutoLinkMode(%2$s);","color":"#FFD32F2F","name":"setAutoLinkMode","typeName":"","palette":"83","type":" ","spec":"%m.AutoLinkTextView setAutoLinkMode %m.mode"},{"code":"%1$s,%2$s","color":"#FFD32F2F","name":"Mode","typeName":"mode","palette":"83","type":"v","spec":"%m.mode and %m.mode"},{"code":"AutoLinkMode.MODE_MENTION","color":"#FFD32F2F","name":"mode1","typeName":"mode","palette":"83","type":"v","spec":"Mode_MENTION"},{"code":"AutoLinkMode.MODE_HASHTAG","color":"#FFD32F2F","name":"mode2","typeName":"mode","palette":"83","type":"v","spec":"Mode_HASHTAG"},{"code":"AutoLinkMode.MODE_URL","color":"#FFD32F2F","name":"mode3","typeName":"mode","palette":"83","type":"v","spec":"Mode_URL"},{"code":"AutoLinkMode.MODE_PHONE","color":"#FFD32F2F","name":"mode4","typeName":"mode","palette":"83","type":"v","spec":"Mode_PHONE"},{"code":"AutoLinkMode.MODE_EMAIL","color":"#FFD32F2F","name":"mode5","typeName":"mode","palette":"83","type":"v","spec":"Mode_Email"},{"code":"AutoLinkMode.MODE_CUSTOM","color":"#FFD32F2F","name":"MODE-CUSTOM","typeName":"mode","palette":"83","type":"v","spec":"Mode_Custom"},{"code":"%1$s.setText(%2$s);","color":"#FFD32F2F","name":"setText-AutoLinkTextView","typeName":"","palette":"83","type":" ","spec":"%m.AutoLinkTextView setText %s"},{"code":"%1$s.setCustomRegex(%2$s);","color":"#FFD32F2F","name":"setCustomRegex","typeName":"","palette":"83","type":" ","spec":"%m.AutoLinkTextView set Custom Regex Text ( between each one put | ) %s"},{"code":"%1$s.setAutoLinkOnClickListener(new AutoLinkOnClickListener() {\n\t@Override public void onAutoLinkTextClick(AutoLinkMode autoLinkMode, String matchedText) {\n%2$s \u003d matchedText;\n%3$s\n}\n});","color":"#FFD32F2F","name":"OnClick","typeName":"","palette":"83","type":"c","spec":"%m.AutoLinkTextView on word clicked then copy it to %m.varStr and"},{"code":"%1$s","color":"#FFD32F2F","name":"TextView is AutoLinkTextView","typeName":"TextView","palette":"83","type":"v","spec":"TextView from %m.AutoLinkTextView"}]