[{"name":"BY ARAB WARE CHANNEL","palette":"55","spec":"BY ARAB WARE CHANNEL","typeName":"","type":"h","code":"","color":"#FFD32F2F"},{"name":"crewt","palette":"55","spec":"create new %m.AutoLinkTextView in %m.activity","type":" ","typeName":"","color":"#FFD32F2F","code":"%1$s \u003d new AutoLinkTextView(%2$s.this);"},{"name":"ADD VIEW","palette":"55","spec":"%m.AutoLinkTextView add to %m.view","typeName":"","type":" ","code":"%2$s.addView(%1$s);","color":"#FFD32F2F"},{"name":"MentionColor","palette":"55","spec":"%m.AutoLinkTextView setMentionColor %m.color","typeName":"","type":" ","code":"%1$s.setMentionModeColor(%2$s);","color":"#FFD32F2F"},{"name":"setHashtagColor","palette":"55","spec":"%m.AutoLinkTextView setHashtagsColor %m.color","type":" ","typeName":"","color":"#FFD32F2F","code":"%1$s.setHashtagModeColor(%2$s);"},{"name":"setUrlColor","palette":"55","spec":"%m.AutoLinkTextView setUrlColor %m.color","typeName":"","type":" ","code":"%1$s.setUrlModeColor(%2$s);","color":"#FFD32F2F"},{"name":"setPhoneColor","palette":"55","spec":"%m.AutoLinkTextView setPhoneColor %m.color","type":" ","typeName":"","color":"#FFD32F2F","code":"%1$s.setPhoneModeColor(%2$s);"},{"name":"setEmailColor","palette":"55","spec":"%m.AutoLinkTextView setEmailColor %m.color","typeName":"","type":" ","code":"%1$s.setEmailModeColor(%2$s);","color":"#FFD32F2F"},{"name":"setCustomModeColor","palette":"55","spec":"%m.AutoLinkTextView setCustomModeColor %m.color","type":" ","typeName":"","color":"#FFD32F2F","code":"%1$s.setCustomModeColor(%2$s);"},{"name":"setAutoLinkMode","palette":"55","spec":"%m.AutoLinkTextView setAutoLinkMode %m.mode","type":" ","typeName":"","color":"#FFD32F2F","code":"%1$s.addAutoLinkMode(%2$s);"},{"name":"Mode","palette":"55","spec":"%m.mode and %m.mode","typeName":"mode","type":"v","code":"%1$s,%2$s","color":"#FFD32F2F"},{"name":"mode1","palette":"55","spec":"Mode_MENTION","type":"v","typeName":"mode","color":"#FFD32F2F","code":"AutoLinkMode.MODE_MENTION"},{"name":"mode2","palette":"55","spec":"Mode_HASHTAG","typeName":"mode","type":"v","code":"AutoLinkMode.MODE_HASHTAG","color":"#FFD32F2F"},{"name":"mode3","palette":"55","spec":"Mode_URL","type":"v","typeName":"mode","color":"#FFD32F2F","code":"AutoLinkMode.MODE_URL"},{"name":"mode4","palette":"55","spec":"Mode_PHONE","typeName":"mode","type":"v","code":"AutoLinkMode.MODE_PHONE","color":"#FFD32F2F"},{"name":"mode5","palette":"55","spec":"Mode_Email","type":"v","typeName":"mode","color":"#FFD32F2F","code":"AutoLinkMode.MODE_EMAIL"},{"name":"MODE-CUSTOM","palette":"55","spec":"Mode_Custom","type":"v","typeName":"mode","color":"#FFD32F2F","code":"AutoLinkMode.MODE_CUSTOM"},{"name":"setText-AutoLinkTextView","palette":"55","spec":"%m.AutoLinkTextView setText %s","typeName":"","type":" ","code":"%1$s.setText(%2$s);","color":"#FFD32F2F"},{"name":"setCustomRegex","palette":"55","spec":"%m.AutoLinkTextView set Custom Regex Text ( between each one put | ) %s","type":" ","typeName":"","color":"#FFD32F2F","code":"%1$s.setCustomRegex(%2$s);"},{"name":"OnClick","palette":"55","spec":"%m.AutoLinkTextView on word clicked then copy it to %m.varStr and","type":"c","typeName":"","color":"#FFD32F2F","code":"%1$s.setAutoLinkOnClickListener(new AutoLinkOnClickListener() {\n\t@Override public void onAutoLinkTextClick(AutoLinkMode autoLinkMode, String matchedText) {\n%2$s \u003d matchedText;\n%3$s\n}\n});"},{"name":"TextView is AutoLinkTextView","palette":"55","spec":"TextView from %m.AutoLinkTextView","typeName":"TextView","type":"v","code":"%1$s","color":"#FFD32F2F"}]