[{"name":"blocks by","palette":"34","spec":"blocks by arab ware channel","typeName":"","type":"h","code":"","color":"#FF00796B"},{"name":"more block...","palette":"34","spec":"put me in more block ضعني في مور بلوك","type":" ","typeName":"","color":"#FF00796B","code":"}\npublic static class AutoTypeTextView extends TextView {\n\n    public static int PRECISSION_LOW \u003d 8;\n    public static int PRECISSION_MED \u003d 9;\n    public static int PRECISSION_HIGH \u003d 11;\n    \n    private int decryptionSpeed \u003d 10;\n    private int encryptionSpeed \u003d 10;\n    private int typingSpeed \u003d100;\n    private int precision \u003d 5;\n    private String animateEncryption \u003d \"\";\n    private String animateDecryption \u003d \"\";\n    private String animateTextTyping \u003d \"\";\n    private String animateTextTypingWithMistakes \u003d \"\";\n\n    private Handler handler;\n    private int counter\u003d0;\n    private boolean misstakeFound \u003d false;\n    private boolean executed \u003d false;\n    private Random ran \u003d new Random();\n    public String misstakeValues \u003d \"qwertyuiop[]asdfghjkl;zxcvbnm,./!@#$^\u0026*()_+1234567890\";\n    private String encryptedText;\n    private int countLetter\u003d0;\n    private int cocatation\u003d0;\n\n    public AutoTypeTextView(Context context) {\n        super(context);\n    }\n\n    public AutoTypeTextView(Context context, AttributeSet attrs) {\n        super(context, attrs);\n    }\n\n    private void setupAttributes() {\n        if(animateTextTyping!\u003dnull)\n            setTextAutoTyping(animateTextTyping);\n\n        if(animateTextTypingWithMistakes!\u003dnull) {\n            if (precision \u003c 6)\n                precision \u003d 6;\n            setTextAutoTypingWithMistakes(animateTextTypingWithMistakes, precision);\n        }\n\n        if(animateDecryption!\u003dnull)\n            animateDecryption(animateDecryption);\n\n        if(animateEncryption!\u003dnull)\n            animateEncryption(animateEncryption);\n    }\n\n    public void setTextAutoTyping(final String text) {\n        if(!executed) {\n            executed \u003d true;\n            counter \u003d 0;\n            handler \u003d new Handler();\n            handler.postDelayed(new Runnable() {\n                @Override\n                public void run() {\n                    setText(text.substring(0, counter));\n                    counter++;\n                    if (text.length() \u003e\u003d counter) {\n                        postDelayed(this, getTypingSpeed());\n                    } else {\n                        executed \u003d false;\n                    }\n                }\n            }, getTypingSpeed());\n        }\n    }\n\n    public void setTextAutoTypingWithMistakes(final String text, final int precission) {\n        if(!executed) {\n            executed \u003d true;\n            counter \u003d 0;\n            handler \u003d new Handler();\n            ran \u003d new Random();\n            handler.postDelayed(new Runnable() {\n                @Override\n                public void run() {\n                    int num \u003d ran.nextInt(10) + 1;\n                    if (num \u003e precission \u0026\u0026 counter \u003e 1 \u0026\u0026 !misstakeFound) {\n                        setText(chooseTypeOfMistake(text, counter));\n                        counter--;\n                    } else {\n                        counter++;\n                        setText(text.substring(0, counter));\n                        misstakeFound \u003d false;\n                    }\n                    if (text.length() \u003e counter) {\n                        postDelayed(this, getTypingSpeed());\n                    } else {\n                        executed \u003d false;\n                    }\n                }\n            }, getTypingSpeed());\n        }\n    }\n\n    public void animateDecryption(final String text) {\n        encryptedText \u003d text;\n        ran \u003d new Random();\n        handler \u003d new Handler();\n        cocatation \u003d ran.nextInt(10);\n        counter \u003d 0;\n        countLetter \u003d 0;\n        if(!executed) {\n            executed \u003d true;\n            for(int i\u003d0; i\u003ctext.length(); i++) {\n                encryptedText \u003d replaceCharAt(encryptedText, i, misstakeValues.charAt(ran.nextInt(misstakeValues.length())));\n                setText(encryptedText);\n            }\n                handler \u003d new Handler();\n                handler.postDelayed(new Runnable() {\n                    @Override\n                    public void run() {\n                        if(counter \u003c\u003d cocatation) {\n                            encryptedText \u003d replaceCharAt(encryptedText,countLetter,misstakeValues.charAt(ran.nextInt(misstakeValues.length())));\n                            setText(encryptedText);\n                            counter++;\n                        } else {\n                            encryptedText \u003d replaceCharAt(encryptedText, countLetter, text.charAt(countLetter));\n                            setText(encryptedText);\n                            countLetter++;\n                            cocatation \u003d ran.nextInt(10);\n                            counter \u003d 0;\n                        }\n                        if(text.length() \u003e countLetter) {\n                            postDelayed(this, getDecryptionSpeed());\n                        } else {\n                            executed \u003d false;\n                        }\n                    }\n                }, getDecryptionSpeed());\n        }\n    }\n\n    public void animateEncryption(final String text) {\n        encryptedText \u003d text;\n        ran \u003d new Random();\n        handler \u003d new Handler();\n        cocatation \u003d ran.nextInt(10);\n        counter \u003d 0;\n        countLetter \u003d 0;\n        if(!executed) {\n            executed \u003d true;\n            handler \u003d new Handler();\n            handler.postDelayed(new Runnable() {\n                @Override\n                public void run() {\n                    if(counter \u003c\u003d cocatation) {\n                        encryptedText \u003d replaceCharAt(encryptedText,countLetter,misstakeValues.charAt(ran.nextInt(misstakeValues.length())));\n                        setText(encryptedText);\n                        counter++;\n                    } else {\n                        countLetter++;\n                        cocatation \u003d ran.nextInt(10);\n                        counter \u003d 0;\n                    }\n                    if(text.length() \u003e countLetter) {\n                        postDelayed(this, getDecryptionSpeed());\n                    } else {\n                        executed \u003d false;\n                    }\n                }\n            }, getDecryptionSpeed());\n        }\n    }\n\n    private String chooseTypeOfMistake(String text, int counter) {\n        int misstake \u003d ran.nextInt(3)+1;\n        String result \u003d text.substring(0,counter);\n        switch(misstake) {\n            case 1 :\n                result \u003d text.substring(0,counter-1) + randomChar();\n                break;\n            case 2 :\n                switch (ran.nextInt(2)+1) {\n                    case 1:\n                        result \u003d text.substring(0, counter - 1) + String.valueOf(text.charAt(counter)).toLowerCase();\n                        break;\n                    case 2:\n                        result \u003d text.substring(0, counter-1) + String.valueOf(text.charAt(counter)).toUpperCase();\n                        break;\n                }\n                break;\n            case 3 :\n                result \u003d text.substring(0, counter-1);\n                break;\n        }\n        misstakeFound \u003d true;\n        return result;\n    }\n\n    private char randomChar() {\n        return misstakeValues.charAt(ran.nextInt(misstakeValues.length()));\n    }\n\n    public static String replaceCharAt(String text, int pos, char c) {\n        return text.substring(0, pos) + c + text.substring(pos + 1);\n    }\n\n    public int getTypingSpeed() {\n        return typingSpeed;\n    }\n\n    public void setTypingSpeed(int typingSpeed) {\n        this.typingSpeed \u003d typingSpeed;\n    }\n\n    public int getDecryptionSpeed() {\n        return decryptionSpeed;\n    }\n\n    public void setDecryptionSpeed(int decryptionSpeed) {\n        this.decryptionSpeed \u003d decryptionSpeed;\n    }\n\n    public int getEncryptionSpeed() {\n        return encryptionSpeed;\n    }\n\n    public void setEncryptionSpeed(int encryptionSpeed) {\n        this.encryptionSpeed \u003d encryptionSpeed;\n    }\n\n    public boolean isRunning() {\n        return executed;\n    }\n}\n{"},{"name":"create .....","palette":"34","spec":"%m.view (linear) create new AutoTyperTextView %m.activity |for activity","typeName":"","type":" ","code":"%1$s.addView(new AutoTypeTextView(%2$s.this));\n((AutoTypeTextView)%1$s.getChildAt((int)0)).setLayoutParams(new LinearLayout.LayoutParams(LinearLayout.LayoutParams.MATCH_PARENT,LinearLayout.LayoutParams.MATCH_PARENT));","color":"#FF00796B"},{"name":"create ........","palette":"34","spec":"%m.view (linear) create new AutoTyperTextView |for fragment","type":" ","typeName":"","color":"#FF00796B","code":"%1$s.addView(new AutoTypeTextView(getActivity()));\n((AutoTypeTextView)%1$s.getChildAt((int)0)).setLayoutParams(new LinearLayout.LayoutParams(LinearLayout.LayoutParams.MATCH_PARENT,LinearLayout.LayoutParams.MATCH_PARENT));"},{"name":"start....","palette":"34","spec":"%m.view (linear) start AutoTyping %s with speed %d","typeName":"","type":" ","code":"((AutoTypeTextView)%1$s.getChildAt((int)0)).setTypingSpeed((int) %3$s);\n((AutoTypeTextView)%1$s.getChildAt((int)0)).setTextAutoTyping(%2$s);","color":"#FF00796B"},{"name":"getTextView...","palette":"34","spec":"%m.view (linear) getTextView","typeName":"TextView","type":"v","code":"((AutoTypeTextView)%1$s.getChildAt((int)0))","color":"#FF00796B"},{"name":"getView....","palette":"34","spec":"%m.view (linear) getView","type":"v","typeName":"View","color":"#FF00796B","code":"((AutoTypeTextView)%1$s.getChildAt((int)0))"}]