[{"code":"","color":"#FF00ACC1","name":"created by arab ware team","typeName":"","palette":"14","type":"h","spec":"created by arab ware channel"},{"code":"AsyncTask.execute(new Runnable() {\n   @Override\n   public void run() {\n%1$s\n   }\n});","color":"#FF00ACC1","name":"Background","typeName":"","palette":"14","type":"c","spec":"add background service"},{"code":"moveTaskToBack(%1$s);","color":"#FF00ACC1","name":"Move All the App to background","typeName":"","palette":"14","type":" ","spec":"Move All The App To Backgrounf Service %b"},{"code":"while(%1$s){\nAsyncTask.execute(new Runnable() {\n   @Override\n   public void run() {\n%2$s\n   }\n});\n}","color":"#FF00ACC1","name":"While something then start |Background|","typeName":"","palette":"14","type":"c","spec":"While %b then start background service"},{"code":"","color":"#FF00B8D4","name":"azhar zouhir credit","typeName":"","palette":"14","type":"h","spec":"This blocks added \u0026 developed by arabware channel \u0026 created by zouhair azhar"},{"code":"class %1$s extends AsyncTask\u003cVoid, Void, Void\u003e { \n@Override\r\n%2$s\n}","color":"#FF00B8D4","name":"AsyncTask type","typeName":"","palette":"14","type":"c","spec":"Create %m.asynctask"},{"code":"protected Void doInBackground(Void... arg0) {\n\n%s\r\n\nreturn null;\r\n }\r","color":"#FF00B8D4","name":"doInBackground","typeName":"","palette":"14","type":"c","spec":"Run in background |put it into create asynctask|"},{"code":"protected void onPreExecute() {\n%s\r\nreturn ;\r\n}\r","color":"#FF00B8D4","name":"onPreExecute","typeName":"","palette":"14","type":"c","spec":"Run before Run Background service |put it in create asynctask block|"},{"code":"protected void onPostExecute(Void result) {\n%s\r\n\t\t\t\treturn ;\r\n\t\t\t\t    }\r","color":"#FF00B8D4","name":"onPostExecute","typeName":"","palette":"14","type":"c","spec":"Run after Run Background service |put it in create asynctask block|"},{"code":"new %s().execute();","color":"#FF00B8D4","name":"AsyncTask Name  execute","typeName":"","palette":"14","type":" ","spec":"Start Now ! %m.asynctask"}]