[{"code":"java.io.ByteArrayOutputStream baos \u003d new java.io.ByteArrayOutputStream();","name":"ImageToBase64 Initialize","palette":"138","type":" ","spec":"initialize"},{"code":"Bitmap %1$s \u003d ((android.graphics.drawable.BitmapDrawable) %2$s.getDrawable()).getBitmap();","name":"Image to Bitmap","palette":"138","type":" ","spec":"Bitmap%s.inputOnly ImageView%m.imageview"},{"code":"%1$s.compress(Bitmap.CompressFormat.JPEG, 100, baos);\n\nbyte[] imageBytes \u003d baos.toByteArray();\n\nString %2$s \u003d android.util.Base64.encodeToString(imageBytes, android.util.Base64.DEFAULT);\n\n","name":"Bitmap to String","palette":"138","type":" ","spec":"Bitmap%s.inputOnly string%s"},{"code":"byte[] imageByte \u003d android.util.Base64.decode(%1$s, android.util.Base64.DEFAULT);\nBitmap decodedImage \u003d BitmapFactory.decodeByteArray(imageByte, 0, imageBytes.length);\n%2$s.setImageBitmap(decodedImage);\n\n","name":"string to imageView","palette":"138","type":" ","spec":"string%s imageview%m.imageview "}]