[{"code":"","color":"#FF388E3C","name":"created By Arab Ware Channel","typeName":"","palette":"53","type":"h","spec":"Created By Arab Ware Channel"},{"code":"","color":"#FF388E3C","name":"battery health ","typeName":"","palette":"53","type":"h","spec":"battery health | in more block |"},{"code":"BroadcastReceiver %1$sb \u003d new BroadcastReceiver() {\n@Override\npublic void onReceive(Context context, Intent intent) {\nint %1$sc \u003d intent.getIntExtra(BatteryManager.EXTRA_HEALTH,0);\n%2$s\n}\n};","color":"#FF388E3C","name":"battery health","typeName":"","palette":"53","type":"c","spec":"on %m.intent check battery health"},{"code":"%1$sc \u003d\u003d BatteryManager.BATTERY_HEALTH_COLD","color":"#FF388E3C","name":"if battery is cold","typeName":"","palette":"53","type":"b","spec":"%m.intent checked battery health as cold"},{"code":"%1$sc \u003d\u003d BatteryManager.BATTERY_HEALTH_DEAD","color":"#FF388E3C","name":"if battery is dead","typeName":"","palette":"53","type":"b","spec":"%m.intent checked battery health as dead"},{"code":"%1$sc \u003d\u003d BatteryManager.BATTERY_HEALTH_GOOD","color":"#FF388E3C","name":"if battery is good","typeName":"","palette":"53","type":"b","spec":"%m.intent checked battery health as good"},{"code":"%1$sc \u003d\u003d BatteryManager.BATTERY_HEALTH_OVERHEAT","color":"#FF388E3C","name":"if battery is overheat","typeName":"","palette":"53","type":"b","spec":"%m.intent checked battery health as overheat"},{"code":"%1$sc \u003d\u003d BatteryManager.BATTERY_HEALTH_OVER_VOLTAGE","color":"#FF388E3C","name":"if battery is over voltage","typeName":"","palette":"53","type":"b","spec":"%m.intent checked battery health as over voltage"},{"code":"%1$sc \u003d\u003d BatteryManager.BATTERY_HEALTH_UNKNOWN","color":"#FF388E3C","name":"if battery is unknown","typeName":"","palette":"53","type":"b","spec":"%m.intent checked battery health as unknown"},{"code":"%1$sc \u003d\u003d BatteryManager.BATTERY_HEALTH_UNSPECIFIED_FAILURE","color":"#FF388E3C","name":"if battery is unspecified failure","typeName":"","palette":"53","type":"b","spec":"%m.intent checked battery health as unspecified failure"},{"code":"%1$sc \u003d\u003d BatteryManager.BATTERY_HEALTH_UNSPECIFIED_FAILURE","color":"#FF388E3C","name":"if battery is unspecified failure","typeName":"","palette":"53","type":"b","spec":"%m.intent checked battery health as unspecified failure"},{"code":"IntentFilter %1$sa \u003d new IntentFilter(Intent.ACTION_BATTERY_CHANGED);\ngetApplicationContext().registerReceiver(%1$sb,%1$sa);","color":"#FF388E3C","name":"create new battery intent","typeName":"","palette":"53","type":" ","spec":"start new battery health checker %m.intent"},{"code":"","color":"#FF388E3C","name":"battery level","typeName":"","palette":"53","type":"h","spec":"battery level"},{"code":"BatteryManager %1$sq \u003d (BatteryManager)getSystemService(BATTERY_SERVICE);\nint %1$sw \u003d %1$sq.getIntProperty(BatteryManager.BATTERY_PROPERTY_CAPACITY);\nString %1$se \u003d Integer.toString(%1$sw);","color":"#FF388E3C","name":"create battery level checker","typeName":"","palette":"53","type":" ","spec":"create %m.intent to check battery level"},{"code":"%1$se","color":"#FF388E3C","name":"battery level get","typeName":"","palette":"53","type":"s","spec":"%m.intent get battery level"},{"code":"","color":"#FF388E3C","name":"battery temperature","typeName":"","palette":"53","type":"h","spec":"battery temperature | in more block |"},{"code":"BroadcastReceiver %1$sz \u003d new BroadcastReceiver() {\n@Override\npublic void onReceive(Context context, Intent intent) {\nfloat %1$sy \u003d (float)(intent.getIntExtra(BatteryManager.EXTRA_TEMPERATURE,0))/10;\n%2$s\n}\n};","color":"#FF388E3C","name":"check battery termperature","typeName":"","palette":"53","type":"c","spec":"%m.intent on battery termperature received"},{"code":"IntentFilter %1$sx \u003d new IntentFilter(Intent.ACTION_BATTERY_CHANGED);\ngetApplicationContext().registerReceiver(%1$sz,%1$sx);","color":"#FF388E3C","name":"create termerature checker","typeName":"","palette":"53","type":" ","spec":"start %m.intent for check battery temperature"},{"code":"%1$sy +\" \"+ (char) 0x00B0 +\"C\"","color":"#FF388E3C","name":"get temperature","typeName":"","palette":"53","type":"s","spec":"%m.intent get temperature"}]