[{"code":"","color":"#FF000000","name":"createdby","typeName":"","palette":"246","type":"h","spec":"Created By Mohammed Abdul Farhaan "},{"code":"final com.google.android.material.bottomsheet.BottomSheetDialog %1$s \u003d new com.google.android.material.bottomsheet.BottomSheetDialog(%2$s.this);\n\nView bottomSheetView; bottomSheetView \u003d getLayoutInflater().inflate(R.layout.%3$s,null );\n%1$s.setContentView(bottomSheetView);\n\n%1$s.getWindow().findViewById(R.id.design_bottom_sheet).setBackgroundResource(android.R.color.transparent);\n%4$s","color":"#FF000000","name":"bo","typeName":"","palette":"246","type":"c","spec":"BottomSheet %m.dialog set screen %m.activity infliate to %m.customViews"},{"code":"%1$s.setCancelable(%2$s);","color":"#FF000000","name":"ser","typeName":"","palette":"246","type":" ","spec":"%m.dialog Set Cancalable %b "},{"code":"%1$s.show();","color":"#FF000000","name":"sh","typeName":"","palette":"246","type":" ","spec":"%m.dialog Show"},{"code":"LinearLayout %1$s \u003d (LinearLayout) bottomSheetView.findViewById(R.id.%1$s);","color":"#FF000000","name":"li","typeName":"","palette":"246","type":" ","spec":"Linear Layout ID %s.inputOnly "},{"code":"ImageView %1$s \u003d (ImageView) bottomSheetView.findViewById(R.id.%1$s);","color":"#FF03A9F4","name":"h","typeName":"","palette":"246","type":" ","spec":"Imageview  ID %s.inputOnly "},{"code":"TextView %1$s \u003d (TextView) bottomSheetView.findViewById(R.id.%1$s);","color":"#FF03A9F4","name":"Te","typeName":"","palette":"246","type":" ","spec":"Textview ID %s.inputOnly "},{"code":"%1$s.setOnClickListener(new View.OnClickListener(){ public void onClick(View v){\n%2$s\n}\n});","color":"#FFF44336","name":"wh","typeName":"","palette":"246","type":"c","spec":"When %s.inputOnly  Clicked"},{"code":"%1$s.dismiss();","color":"#FF000000","name":"D","typeName":"","palette":"246","type":" ","spec":"%m.dialog Dismiss"}]