[{"name":"Created By Arab Ware Channel !!!.","palette":"106","spec":"created by arab ware team","type":"h","typeName":"","color":"#FF512DA8","code":""},{"name":"activity bottom sheetV2 header","palette":"106","spec":"IN ACTIVITY \u003d\u003d\u003e","typeName":"","type":"h","code":"","color":"#FF512DA8"},{"name":"BottomSheetView.","palette":"106","spec":"%m.BottomSheet set view from custom view %m.customViews in %m.activity","typeName":"","type":" ","code":"%1$s \u003d new com.google.android.material.bottomsheet.BottomSheetDialog(%3$s.this);\nView %1$sV;\n%1$sV \u003d getLayoutInflater().inflate(R.layout.%2$s,null );\n%1$s.setContentView(%1$sV);\n%1$s.getWindow().findViewById(R.id.design_bottom_sheet).setBackgroundResource(android.R.color.transparent);","color":"#FF512DA8"},{"name":"fragment bottom sheet V2 header","palette":"106","spec":"IN FRAGMENT \u003d\u003d\u003e","type":"h","typeName":"","color":"#FF512DA8","code":""},{"name":"BottomSheetView._copy84","palette":"106","spec":"%m.BottomSheet set view from custom view %m.customViews","typeName":"","type":" ","code":"%1$s \u003d new com.google.android.material.bottomsheet.BottomSheetDialog(getActivity());\nView %1$sV;\n%1$sV \u003d getLayoutInflater().inflate(R.layout.%2$s,null );\n%1$s.setContentView(%1$sV);\n%1$s.getWindow().findViewById(R.id.design_bottom_sheet).setBackgroundResource(android.R.color.transparent);","color":"#FF512DA8"},{"name":"add view.","palette":"106","spec":"%m.BottomSheet add view type %m.typeview with ID %s.inputOnly from ID %s.inputOnly in custom view","typeName":"","type":" ","code":"final %2$s %3$s \u003d (%2$s) %1$sV.findViewById(R.id.%4$s);","color":"#FF512DA8"},{"name":"cancelable !.","palette":"106","spec":"%m.BottomSheet set cancelable %b","type":" ","typeName":"","color":"#FF512DA8","code":"%1$s.setCancelable(%2$s);"},{"name":"Show.","palette":"106","spec":"%m.BottomSheet show dialog","typeName":"","type":" ","code":"%1$s.show();","color":"#FF512DA8"},{"name":"BottomSheet.","palette":"106","spec":"%m.BottomSheet Dismiss","typeName":"","type":" ","code":"%1$s.dismiss();","color":"#FF512DA8"}]