[{"code":"","color":"#FF00ACC1","name":"fixed by arab ware channel","typeName":"","palette":"69","type":"h","spec":"fixed by arab ware channel"},{"code":"%s.getMenu().add(%s);","color":"#FF00ACC1","name":"bnv addMenu","typeName":"","palette":"69","type":" ","spec":"%m.bottomnavigation addMenu %s"},{"code":"%s.getMenu().add(%s).setIcon(R.drawable.%s);","color":"#FF00ACC1","name":"bnv addMenuWithIcon","typeName":"","palette":"69","type":" ","spec":"%m.bottomnavigation addMenu %s withIcon %m.resource_bg"},{"code":"%s.setItemBackgroundResource(R.drawable.%s);","color":"#FF00ACC1","name":"bnv setItemBackgroundResource","typeName":"","palette":"69","type":" ","spec":"%m.bottomnavigation setItemBackgroundResource %m.resource_bg"},{"code":"%s.setItemIconSize(%s);","color":"#FF00ACC1","name":"bnv setItemIconSize","typeName":"","palette":"69","type":" ","spec":"%m.bottomnavigation setItemIconSize %d"},{"code":"%s.setSelectedItemId(%s);","color":"#FF00ACC1","name":"bnv setSelectedItemId","typeName":"","palette":"69","type":" ","spec":"%m.bottomnavigation setSelectedItemId %d"},{"code":"if (_itemId \u003d %1$s) {\r\n\t%2$s\t\t\t\t \n}","color":"#FF00ACC1","name":"sendbroad","typeName":"","palette":"69","type":"c","spec":"On Item %d Clicked"},{"code":"return true;","color":"#FF00ACC1","name":"returntrue","typeName":"","palette":"69","type":" ","spec":"Bottom End Block"}]