[{"name":"created.......","palette":"80","spec":"created by arab ware channel","typeName":"","type":"h","code":"","color":"#FF000000"},{"name":"create new drawer bottom sheet","palette":"80","spec":"%m.BottomSheet create new drawer bottom sheet in %m.activity","type":" ","typeName":"","color":"#FF000000","code":"%1$s \u003d new com.google.android.material.bottomsheet.BottomSheetDialog(%2$s.this);\n_coordinator.removeView(_app_bar);\nfinal LinearLayout _nav_view \u003d (LinearLayout) findViewById(R.id._nav_view);\r\n_drawer.removeView(_nav_view);\n%1$s.getWindow().setBackgroundDrawable(new ColorDrawable(Color.TRANSPARENT));\n%1$s.setContentView(_nav_view);"},{"name":"show....","palette":"80","spec":"%m.BottomSheet show","typeName":"","type":" ","code":"%1$s.show();","color":"#FF000000"},{"name":"bottom sheetndimiss","palette":"80","spec":"%m.BottomSheet dimiss","type":" ","typeName":"","color":"#FF000000","code":"%1$s.dimiss()"}]