[{"code":"%s.getMenu().add(%s);","name":"bnv addMenu","palette":"42","type":" ","spec":"%m.BottomNavigationView addMenu %s"},{"code":"%s.getMenu().add(%s).setIcon(R.drawable.%s);","name":"bnv addMenuWithIcon","palette":"42","type":" ","spec":"%m.BottomNavigationView addMenu %s withIcon %m.resource_bg"},{"code":"%s.setItemBackgroundResource(R.drawable.%s);","name":"bnv setItemBackgroundResource","palette":"42","type":" ","spec":"%m.BottomNavigationView setItemBackgroundResource %m.resource_bg"},{"code":"%s.setItemIconSize(%s);","name":"bnv setItemIconSize","palette":"42","type":" ","spec":"%m.BottomNavigationView setItemIconSize %d"},{"code":"%s.setSelectedItemId(%s);","name":"bnv setSelectedItemId","palette":"42","type":" ","spec":"%m.BottomNavigationView setSelectedItemId %d"},{"code":"if (_titleMenu.equals(\"%s\")) {\r\n\t%s\t\t\t\t\r\n}","name":"sendbroad","palette":"42","type":"c","spec":"On Item By Id %s.InputOnly Clicked"},{"code":"return true;","color":"#4A6CD4","name":"returntrue","typeName":"","palette":"42","type":" ","spec":"Bottom End Block"}]