[{"code":"","color":"#212121","name":"This blocks is Made by Exodus","typeName":"","palette":"10","type":"h","spec":"This blocks is Made by Exodus"},{"code":"final com.google.android.material.bottomsheet.BottomSheetDialog %1$s \u003d new com.google.android.material.bottomsheet.BottomSheetDialog(%2$s.this);\nView inflate \u003d getLayoutInflater().inflate(R.layout.%3$s, null);\n%1$s.setContentView(inflate);\n%1$s.getWindow().findViewById(R.id.design_bottom_sheet).setBackgroundResource(android.R.color.transparent);\n%4$s\n%1$s.show();","color":"#212121","name":"Bottomsheetdialog","typeName":"","palette":"10","type":"c","spec":"Bottom sheet %m.dialog setScreen %m.activity inflate to %m.customViews "},{"code":"LinearLayout %1$s \u003d (LinearLayout)\ninflate.findViewById(R.id.%1$s);","color":"#212121","name":"linearlyout","typeName":"","palette":"10","type":" ","spec":"LinearLayout ID %s.inputOnly"},{"code":"ImageView %1$s \u003d (ImageView)\ninflate.findViewById(R.id.%1$s);","color":"#212121","name":"ImageView","typeName":"","palette":"10","type":" ","spec":"ImageView ID %s.inputOnly"},{"code":"TextView %1$s \u003d (TextView)\ninflate.findViewById(R.id.%1$s);","color":"#212121","name":"TextView","typeName":"","palette":"10","type":" ","spec":"TextView ID %s.inputOnly"},{"code":"Button %1$s \u003d (Button)\ninflate.findViewById(R.id.%1$s);","color":"#212121","name":"Button","typeName":"","palette":"10","type":" ","spec":"Button ID %s.inputOnly"},{"code":"Switch %1$s \u003d (Switch)\ninflate.findViewById(R.id.%1$s);","color":"#212121","name":"Switch","typeName":"","palette":"10","type":" ","spec":"Switch ID %s.inputOnly"},{"code":"%1$s","color":"#212121","name":"asdLinearLayout","typeName":"LinearLayout","palette":"10","type":"v","spec":"LinearLayout %s.inputOnly"},{"code":"%1$s","name":"asdImageView","typeName":"ImageView","palette":"10","type":"v","spec":"ImageView %s.inputOnly"},{"code":"%1$s","color":"#212121","name":"asdButton","typeName":"Button","palette":"10","type":"v","spec":"Button %s.inputOnly"},{"code":"%1$s","name":"asdTextView","typeName":"TextView","palette":"10","type":"v","spec":"TextView %s.inputOnly"},{"code":"%1$s.setOnClickListener(new View.OnClickListener() {\r\n\t\t\t@Override\r\n\t\t\tpublic void onClick(View _view) {\r\n\t\t\t\t%2$s\r\n\t\t\t}\r\n\t\t});","color":"#212121","name":"OnClick","typeName":"","palette":"10","type":"c","spec":"When %s.inputOnly Clicked"},{"code":"%1$s.setText(%2$s);","color":"#212121","name":"settext","typeName":"","palette":"10","type":" ","spec":"TextView ID %s.inputOnly setText %s"},{"code":"%1$s.setImageResource(R.drawable.%2$s);","color":"#212121","name":"setImageFromResource","typeName":"","palette":"10","type":" ","spec":"ImageView ID %s.inputOnly setImage %m.resource"},{"code":"Glide.with(getApplicationContext()).load(Uri.parse(%2$s)).into(%1$s);","color":"#212121","name":"setImageFromURL","typeName":"","palette":"10","type":" ","spec":"Image %s.inputOnly setFromURL %s"},{"code":"%1$s.setChecked(%2$s);","color":"#212121","name":"switchSetCheck","typeName":"","palette":"10","type":" ","spec":"Switch ID %s.inputOnly SetCheck%b"},{"code":"%1$s.setOnCheckedChangeListener(new CompoundButton.OnCheckedChangeListener() {\r\n\t\t\t@Override\r\n\t\t\tpublic void onCheckedChanged(CompoundButton _param1, boolean _param2)  {\r\n\t\t\t\tfinal boolean _isChecked \u003d _param2;\r\n\t\t\t\tif (_isChecked) {\r\n\t\t\t\t\t%2$s\r\n\t\t\t\t}\r\n\t\t\t\telse {\r\n\t\t\t\t\t%3$s\r\n\t\t\t\t}\r\n\t\t\t}\r\n\t\t});","color":"#212121","name":"switchListener","typeName":"","palette":"10","type":"e","spec":"Switch ID %s.inputOnly onCheckChange ifChecked"},{"code":"%s.setBackground(new android.graphics.drawable.GradientDrawable() { public android.graphics.drawable.GradientDrawable getIns(int a, int b, int c, int d) { this.setCornerRadius(a); \nthis.setColor(b); \nthis.setStroke(c, d); \nreturn this; \n} }.getIns((int)%s, %s,%s ,%s));","color":"#212121","name":"SetCornerRadius","typeName":"","palette":"10","type":" ","spec":"View %s.inputOnly setCornerRadius %d setBackgroundColor %m.color setStroke %d setStrokeColor %m.color"},{"code":"%1$s.setElevation(%2$s);","color":"#212121","name":"SetElevation","typeName":"","palette":"10","type":" ","spec":"View %s.inputOnly setElevation %d"},{"code":"%s.setBackground(new android.graphics.drawable.GradientDrawable(android.graphics.drawable.GradientDrawable.Orientation.BR_TL,new int[] {%s,%s}));","color":"#212121","name":"SetGradientColor","typeName":"","palette":"10","type":" ","spec":"View %s.inputOnly setGradientBackground %m.color to %m.color"},{"code":"Window window \u003d %1$s.getWindow();\nWindowManager.LayoutParams wlp \u003d window.getAttributes();\n\nwlp.gravity \u003d Gravity.%2$s;\nwlp.flags \u0026\u003d ~WindowManager.LayoutParams.FLAG_DIM_BEHIND;\nwindow.setAttributes(wlp);","color":"#212121","name":"dialogPosition","typeName":"","palette":"10","type":" ","spec":"%m.dialog setVerticalPosition %m.gravity1"},{"code":"%1$s.setCancelable(%2$s);","color":"#212121","name":"dialogCancelable","typeName":"","palette":"10","type":" ","spec":"%m.dialog setCancelable %b"},{"code":"%1$s.dismiss();","color":"#212121","name":"dialogdismiss","typeName":"","palette":"10","type":" ","spec":"%m.dialog dismiss"},{"code":"%1$s.show();","color":"#212121","name":"dialogshow","typeName":"","palette":"10","type":" ","spec":"%m.dialog show"}]