[{"name":"created......","palette":"51","spec":"created by arab ware channel.","type":"h","typeName":"","color":"#FF2E7D32","code":""},{"name":"library.........","palette":"51","spec":"library | put me at more block | المكتبة | ضعني في مور بلوك","type":" ","typeName":"","color":"#FF2E7D32","code":"}\nprivate int count;\nprivate java.io.File cacheFile;\nprivate java.io.InputStream input;\nprivate java.io.OutputStream output;\nprivate byte[] data;\nprivate java.io.FileWriter fileWriter;\n\npublic String readCacheFile (java.io.File file) {\nfinal StringBuilder sb \u003d new StringBuilder();\n\t\tjava.io.FileReader fr \u003d null;\n\t\ttry {\n\t\t\tfr \u003d new java.io.FileReader(file);\n\n\t\t\tchar[] buff \u003d new char[1024];\n\t\t\tint length \u003d 0;\n\n\t\t\twhile ((length \u003d fr.read(buff)) \u003e 0) {\n\t\t\t\tsb.append(new String(buff, 0, length));\n\t\t\t}\n\t\t} catch (java.io.IOException e) {\n\t\t} finally {\n\t\t\tif (fr !\u003d null) {\n\t\t\t\ttry {\n\t\t\t\t\tfr.close();\n\t\t\t\t} catch (Exception e) {\n\t\t\t\t}\n\t\t\t}\n\t\t}\n\n\t\treturn sb.toString();\n}\n\n{"},{"name":"create new cache file from asset","palette":"51","spec":"create new cache file with name %s from asset %s in %m.activity","typeName":"","type":" ","code":"try{\ncacheFile \u003d new java.io.File(%3$s.this.getCacheDir(),%1$s);\ninput\u003d %3$s.this.getAssets().open(%2$s);\noutput \u003d new  java.io.FileOutputStream(cacheFile);\ndata \u003d new byte[1024];\nwhile ((count \u003d input.read(data))\u003e0) {\noutput.write(data, 0, count);\n}\noutput.flush();\noutput.close();\ninput.close();\n\n\t}catch(Exception e){\n\t\t\r\n\t}","color":"#FF2E7D32"},{"name":"create new cache file from asset_copy93","palette":"51","spec":"create new cache file with name %s from asset %s in fragment %m.activity","typeName":"","type":" ","code":"try{\ncacheFile \u003d new java.io.File(%3$s.this.getActivity().getCacheDir(),%1$s);\ninput\u003d %3$s.this.getActivity().getAssets().open(%2$s);\noutput \u003d new  java.io.FileOutputStream(cacheFile);\ndata \u003d new byte[1024];\nwhile ((count \u003d input.read(data))\u003e0) {\noutput.write(data, 0, count);\n}\noutput.flush();\noutput.close();\ninput.close();\n\n\t}catch(Exception e){\n\t\t\r\n\t}","color":"#FF2E7D32"},{"name":"create cache file from path","palette":"51","spec":"create cache file with name %s from storage file path %s in %m.activity","typeName":"","type":" ","code":"try{\ncacheFile \u003d new java.io.File(%4$s.this.getCacheDir(),%1$s);\ninput\u003d new java.io.FileInputStream(new java.io.File(%2$s));\noutput \u003d new  java.io.FileOutputStream(cacheFile);\ndata \u003d new byte[1024];\nwhile ((count \u003d input.read(data))\u003e0) {\noutput.write(data, 0, count);\n}\noutput.flush();\noutput.close();\ninput.close();\n\n\t}catch(Exception e){\n\t\t\r\n\t}","color":"#FF2E7D32"},{"name":"create cache file from path_copy89","palette":"51","spec":"create cache file with name %s from storage file path %s in fragment %m.activity","typeName":"","type":" ","code":"try{\ncacheFile \u003d new java.io.File(%4$s.this.getActivity().getCacheDir(),%1$s);\ninput\u003d new java.io.FileInputStream(new java.io.File(%2$s));\noutput \u003d new  java.io.FileOutputStream(cacheFile);\ndata \u003d new byte[1024];\nwhile ((count \u003d input.read(data))\u003e0) {\noutput.write(data, 0, count);\n}\noutput.flush();\noutput.close();\ninput.close();\n\n\t}catch(Exception e){\n\t\t\r\n\t}","color":"#FF2E7D32"},{"name":"create cache file from string","palette":"51","spec":"create cache file with name %s from string %s in %m.activity","type":" ","typeName":"","color":"#FF2E7D32","code":"cacheFile \u003d new java.io.File(%3$s.this.getCacheDir(),%1$s);\nfileWriter \u003d null;\n\n\t\ttry {\n\t\t\tfileWriter \u003d new java.io.FileWriter(cacheFile, false);\n\t\t\tfileWriter.write(%2$s);\n\t\t\tfileWriter.flush();\n\t\t} catch (java.io.IOException e) {\n\t\n\t\t} finally {\n\t\t\ttry {\n\t\t\t\tif (fileWriter !\u003d null)\n\t\t\t\t\tfileWriter.close();\n\t\t\t} catch (java.io.IOException e) {\n\t\n\t\t\t}\n\t\t}"},{"name":"create cache file from string_copy55","palette":"51","spec":"create cache file with name %s from string %s in fragment %m.activity","type":" ","typeName":"","color":"#FF2E7D32","code":"cacheFile \u003d new java.io.File(%3$s.this.getActivity().getCacheDir(),%1$s);\nfileWriter \u003d null;\n\n\t\ttry {\n\t\t\tfileWriter \u003d new java.io.FileWriter(cacheFile, false);\n\t\t\tfileWriter.write(%2$s);\n\t\t\tfileWriter.flush();\n\t\t} catch (java.io.IOException e) {\n\t\n\t\t} finally {\n\t\t\ttry {\n\t\t\t\tif (fileWriter !\u003d null)\n\t\t\t\t\tfileWriter.close();\n\t\t\t} catch (java.io.IOException e) {\n\t\n\t\t\t}\n\t\t}"},{"name":"getCacheFilePath","palette":"51","spec":"get cache file %s real path in %m.activity","type":"s","typeName":"","color":"#FF2E7D32","code":"new java.io.File(%2$s.this.getCacheDir(),%1$s).getAbsolutePath()"},{"name":"getCacheFilePath_copy19","palette":"51","spec":"get cache file %s real path in fragment %m.activity","type":"s","typeName":"","color":"#FF2E7D32","code":"new java.io.File(%2$s.this.getActivity().getCacheDir(),%1$s).getAbsolutePath()"},{"name":"getCacheFileString","palette":"51","spec":"%m.activity get cache file %s as string","type":"s","typeName":"","color":"#FF2E7D32","code":"readCacheFile(new java.io.File(%1$s.this.getCacheDir(),%2$s))"},{"name":"getCacheFileString_copy93","palette":"51","spec":"%m.activity fragment get cache file %s as string","type":"s","typeName":"","color":"#FF2E7D32","code":"readCacheFile(new java.io.File(%1$s.this.getActivity().getCacheDir(),%2$s))"},{"name":"delete...","palette":"51","spec":"delete cache file name %s in %m.activity","typeName":"","type":" ","code":"new java.io.File(%2$s.this.getCacheDir(),%1$s).delete();","color":"#FF2E7D32"},{"name":"delete..._copy43","palette":"51","spec":"delete cache file name %s in fragment %m.activity","typeName":"","type":" ","code":"new java.io.File(%2$s.this.getActivity().getCacheDir(),%1$s).delete();","color":"#FF2E7D32"}]