[{"code":"","color":"#FF5E35B1","name":"developed \u0026 fixed by arab ware channel","typeName":"","palette":"123","type":"h","spec":"developed \u0026 fixed by arab ware channel"},{"code":"%1$s.setRadius((int)%2$s);","color":"#FF5E35B1","name":"Card View Radius","typeName":"","palette":"123","type":" ","spec":"%m.cardview Set Radius %d"},{"code":"%1$s.setElevation((int)%2$s);","color":"#FF5E35B1","name":"Card View Elvelation","typeName":"","palette":"123","type":" ","spec":"%m.cardview Set Elevation %d"},{"code":"%1$s.setMaxCardElevation((int)%2$s);","color":"#FF5E35B1","name":"Card View Max Elvelation","typeName":"","palette":"123","type":" ","spec":"%m.cardview Set Max Elevation %d"},{"code":"%1$s.setMargins(%2$s);","color":"#FF5E35B1","name":"Card View Margins","typeName":"","palette":"123","type":" ","spec":"%m.cardview setMargin %d"},{"code":"%1$s.setPreventCornerOverlap(%2$s);","color":"#FF5E35B1","name":"Card View Prevent Corner Overlap","typeName":"","palette":"123","type":" ","spec":"%m.cardview Prevent Corner Overlap %b"},{"code":"%1$s.setBackgroundColor(Color.parseColor(%2$s));","color":"#FF5E35B1","name":"Card View Background","typeName":"","palette":"123","type":" ","spec":"%m.cardview Background %s"},{"code":"\n\n%s.setOnRefreshListener(new androidx.swiperefreshlayout.widget.SwipeRefreshLayout.OnRefreshListener() {\n@Override\npublic void onRefresh() {\n%2$s\n%1$s.setRefreshing(false);\n%3$s\n}\n});","name":"swiperefresh","palette":"123","type":"e","spec":"%m.SwipeRefreshLayout  On Refresh","spec2":"OnRefreshed"},{"code":"%1$s.setRadius((int)%2$s);\n%1$s.setPadding((int)%3$s,(int)%3$s,(int)%3$s,(int)%3$s);","color":"#FF5E35B1","name":"Card View Corner Radius","typeName":"","palette":"123","type":" ","spec":"%m.cardview setCornerRadius %d setPadding %d"},{"code":"%1$s.setCardBackgroundColor(%2$s);\n%1$s.setMaxCardElevation((int)%3$s);","color":"#FF5E35B1","name":"Card ViewBackground","typeName":"","palette":"123","type":" ","spec":"%m.cardview setBackgroundColor %m.color setElevation %d"}]