[{"code":"%1$s.setRadius((int)%2$s);","name":"cvred","palette":"50","type":" ","spec":"%m.CardView SetRadius %d"},{"code":"%1$s.setElevation((int)%2$s);","name":"cvele","palette":"50","type":" ","spec":"%m.CardView SetElevatiom %d"},{"code":"%1$s.setMaxCardElevation((int)%2$s);","name":"cvmxele","palette":"50","type":" ","spec":"%m.CardView SetMaxElevatiom %d"},{"code":"%1$s.setMargins(%2$s);","name":"cvmar","palette":"50","type":" ","spec":"%m.CardView setMargin %d"},{"code":"%1$s.setPreventCornerOverlap(%2$s);","name":"cvoverlap","palette":"50","type":" ","spec":"%m.CardView PreventCornerOverlap %b"},{"code":"%1$s.setBackgroundColor(Color.parseColor(%2$s));","name":"cvbg","palette":"50","type":" ","spec":"%m.CardView Background %s"},{"code":"\n\n%s.setOnRefreshListener(new androidx.swiperefreshlayout.widget.SwipeRefreshLayout.OnRefreshListener() {\n@Override\npublic void onRefresh() {\n%2$s\n%1$s.setRefreshing(false);\n%3$s\n}\n});","name":"swiperefresh","palette":"50","type":"e","spec":"%m.SwipeRefreshLayout  On Refresh","spec2":"OnRefreshed"}]