[{"code":"ImageView icon91\u003dnew ImageView(%1$s.this); icon91.setImageResource(R.drawable.%2$s);\nfinal FloatingActionButton fab91 \u003dnew FloatingActionButton.Builder(%1$s.this).setContentView(icon91).build();\nSubActionButton.Builder builder91 \u003dnew SubActionButton.Builder(%1$s.this);","color":"#FFFF5722","name":"CreateFabIconCFAM","typeName":"","palette":"47","type":" ","spec":"%m.activity CFAM CreateFloatingActionButton %m.resource "},{"code":"ImageView %2$sIcon\u003dnew ImageView(%1$s.this); \n%2$sIcon.setImageResource(R.drawable.%3$s);\n        SubActionButton %2$sBtn\u003dbuilder91.setContentView(%2$sIcon).build();","color":"#FFFF5722","name":"CFAMCreateItem","typeName":"","palette":"47","type":" ","spec":"%m.activity CFAM CreateMenuItem %s.inputOnly icon %m.resource"},{"code":"final FloatingActionMenu fam91 \u003dnew FloatingActionMenu.Builder(%1$s.this).addSubActionView(%2$sBtn).attachTo(fab91).build();","color":"#FFFF5722","name":"CFAMBuildMenu","typeName":"","palette":"47","type":" ","spec":"%m.activity CFAM Build  addItem %m.MenuItem"},{"code":"%sBtn.setOnClickListener(new View.OnClickListener() {\n\t\t\t\t@Override\n\t\t\t\tpublic void onClick(View _view) {\n\t\t\t\t\t%s\n\nfam91.close(true);\n\t\t\t\t}\n\t\t\t});","color":"#FFFF5722","name":"FCAMOnItemOnClick","typeName":"","palette":"47","type":"c","spec":"FCAM when item %m.MenuItem onClick "},{"code":"%s","color":"#FFFF5722","name":"ActionMenuItem","typeName":"MenuItem","palette":"47","type":"p","spec":"MenuItem %s.inputOnly"},{"code":"%sBtn).addSubActionView(%s","color":"#FFFF5722","name":"ActionMenuItemAndMenuItem","typeName":"MenuItem","palette":"47","type":"p","spec":"MenuItem %m.MenuItem and MenuItem %m.MenuItem"}]