[{"code":"CFAlertDialog.Builder %1$s \u003d new CFAlertDialog.Builder(%2$s.this);","name":"CFAlertInitialize","palette":"290","type":" ","spec":"CFAlertBuilder %m.CFAlertDialog.Builder at%m.activity"},{"code":"%1$s.setDialogStyle(CFAlertDialog.CFAlertStyle.BOTTOM_SHEET);","name":"CFAlertStyle","palette":"290","type":" ","spec":"%m.CFAlertDialog.Builder Style.BOTTOM_SHEET"},{"code":"%1$s.setTitle(%2$s);","name":"CFAlertTitle","palette":"290","type":" ","spec":"%m.CFAlertDialog.Builder CFAlertSetTitle %s"},{"code":"%1$s.setMessage(%2$s);","name":"CFAlertSetMessage","palette":"290","type":" ","spec":"%m.CFAlertDialog.Builder CFAlertSetMessage %s"},{"code":"%1$s.setTextGravity(Gravity.START);","name":"CFAlertGravityStart","palette":"290","type":" ","spec":"%m.CFAlertDialog.Builder setGravity.START"},{"code":"%1$s.addButton(%2$s , -1, -1, CFAlertActionStyle.POSITIVE, getButtonGravity(), new DialogInterface.OnClickListener() {\n@Override\npublic void onClick(DialogInterface dialog, int which) {\n%3$s\n}\n});","name":"CFAlertPositiveButton","palette":"290","type":"c","spec":"%m.CFAlertDialog.Builder addPositiveButtonText %s"},{"code":"%1$s.addButton(%2$s , -1, -1, CFAlertActionStyle.NEGATIVE, getButtonGravity(), new DialogInterface.OnClickListener() {\n@Override\npublic void onClick(DialogInterface dialog, int which) {\n%3$s\n}\n});","name":"CFAlertNegativeButton","palette":"290","type":"c","spec":"%m.CFAlertDialog.Builder addNegativeButtonText %s"},{"code":"%1$s \u003d %2$s.show();","name":"CFAlertShow","palette":"290","type":" ","spec":"CFAlert %m.CFAlertDialog Builder %m.CFAlertDialog.Builder show"},{"code":"%1$s.dismiss();","name":"CFAlertDismiss","palette":"290","type":" ","spec":"CFAlert %m.CFAlertDialog dismiss"},{"code":"}\nprivate CFAlertActionAlignment getButtonGravity() {\nreturn CFAlertActionAlignment.JUSTIFIED;\n}\n{","name":"CFAlertActionAlignment","palette":"290","type":" ","spec":"CFAlertActionAlignment.JUSTIFIED"},{"code":"%1$s.setIcon(R.drawable.%2$s);","name":"CFAlertIcon","palette":"290","type":" ","spec":"%m.CFAlertDialog.Builder CFAlertSetIcon %m.resource"},{"code":"%1$s.setHeaderView(R.layout.%2$s);","name":"CFAlertHeaderLayout","palette":"290","type":" ","spec":"CFAlertBuilder %m.CFAlertDialog.Builder setHeaderLayout %s.inputOnly"}]