[{"code":"","color":"#FF1E88E5","name":"created by arab ware channel ! the library from github","typeName":"","palette":"43","type":"h","spec":"created by arab ware channel owner from found github library"},{"code":"final CircleProgressView %1$sV \u003d (CircleProgressView)findViewById(R.id.%1$s);","color":"#FF1E88E5","name":"progress","typeName":"","palette":"43","type":" ","spec":"put circle progress view into %m.progressbar"},{"code":"final int %1$svar \u003d (int) %2$s;\nfinal float %1$svar2 \u003d (float) (%1$svar);\n%1$sV.setStartProgress(%1$svar2);","color":"#FF1E88E5","name":"set progress","typeName":"","palette":"43","type":" ","spec":"%m.progressbar set progress with number variable %d"},{"code":"%1$sV.setStartProgress(%1$svar2);","color":"#FF1E88E5","name":"set progress_copy18","typeName":"","palette":"43","type":" ","spec":"%m.progressbar set progress without number variable %d"},{"code":"%1$sV.setEndProgress(%1$svar2);","color":"#FF1E88E5","name":"set max","typeName":"","palette":"43","type":" ","spec":"%m.progressbar set max progress %d"},{"code":"%1$sV.setStartColor(Color.parseColor(%2$s));","color":"#FF1E88E5","name":"set start color","typeName":"","palette":"43","type":" ","spec":"%m.progressbar set start color %s"},{"code":"%1$sV.setEndColor(Color.parseColor(%2$s));","color":"#FF1E88E5","name":"set end color","typeName":"","palette":"43","type":" ","spec":"%m.progressbar set end color %s"},{"code":"%1$sV.setCircleBroken(%2$s);","color":"#FF1E88E5","name":"set circle broken","typeName":"","palette":"43","type":" ","spec":"%m.progressbar set broken mode %b"},{"code":"%1$s.setTrackWidth(%2$s);","color":"#FF1E88E5","name":"track width","typeName":"","palette":"43","type":" ","spec":"%m.progressbar set track width %d"},{"code":"%1$sV.setProgressDuration(%2$s);","color":"#FF1E88E5","name":"set progress duration","typeName":"","palette":"43","type":" ","spec":"%m.progressbar set progress duration %d"},{"code":"%1$sV.setTrackEnabled(%2$s);","color":"#FF1E88E5","name":"track enable","typeName":"","palette":"43","type":" ","spec":"%m.progressbar set track enable %b"},{"code":"%1$sV.setFillEnabled(%2$s);","color":"#FF1E88E5","name":"fill enable","typeName":"","palette":"43","type":" ","spec":"%m.progressbar set fill enable %b"},{"code":"%1$sV.startProgressAnimation();","color":"#FF1E88E5","name":"start animation","typeName":"","palette":"43","type":" ","spec":"%m.progressbar start animation"}]