[{"code":"%1$s.setBorderColor(%2$s);","name":"CIV setBorderColor","palette":"293","type":" ","spec":"%m.CircleImageView setBorderColor %m.color"},{"code":"%1$s.setBorderOverlay(%2$s);","name":"CIV setBorderOverlay","palette":"293","type":" ","spec":"%m.CircleImageView setBorderOverlay %b"},{"code":"%1$s.setBorderWidth(%2$s);","name":"CIV setBorderWidth","palette":"293","type":" ","spec":"%m.CircleImageView setBorderWidth %d"},{"code":"%1$s.setCircleBackgroundColor(%2$s);","name":"CIV setCircleBackgroundColor","palette":"293","type":" ","spec":"%m.CircleImageView setCircleBackgroundColor %m.color"},{"code":"%1$s.setCircleBackgroundColorResource(R.drawable.%2$s);","name":"CIV setCircleBackgroundColorResource","palette":"293","type":" ","spec":"%m.CircleImageView setCircleBackgroundColorResource %m.resource_bg"},{"code":"%1$s.setDisableCircularTransformation(%2$s);","name":"CIV setDisableCircularTransformation","palette":"293","type":" ","spec":"%m.CircleImageView setDisableCircularTransformation %b"},{"code":"%1$s.setImageResource(R.drawable.%2$s);","name":"CIV setImageResource","palette":"293","type":" ","spec":"%m.CircleImageView setImageResource %m.resource_bg"},{"code":"%1$s.setImageURI(android.net.Uri.parse(%2$s));","name":"CIV setImageURI","palette":"293","type":" ","spec":"%m.CircleImageView setImageURI %s"}]