[{"code":"","color":"#FF558B2F","name":"Fixed by Arab Ware Channel","typeName":"","palette":"70","type":"h","spec":"Fixed by Arab Ware Channel"},{"code":"%1$s.setBorderColor(%2$s);","color":"#FF558B2F","name":"CIV setBorderColor","typeName":"","palette":"70","type":" ","spec":"%m.imageview setBorderColor %m.color"},{"code":"%1$s.setBorderOverlay(%2$s);","color":"#FF558B2F","name":"CIV setBorderOverlay","typeName":"","palette":"70","type":" ","spec":"%m.imageview setBorderOverlay %b"},{"code":"%1$s.setBorderWidth(%2$s);","color":"#FF558B2F","name":"CIV setBorderWidth","typeName":"","palette":"70","type":" ","spec":"%m.imageview setBorderWidth %d"},{"code":"%1$s.setCircleBackgroundColor(%2$s);","color":"#FF558B2F","name":"CIV setCircleBackgroundColor","typeName":"","palette":"70","type":" ","spec":"%m.imageview setCircleBackgroundColor %m.color"},{"code":"%1$s.setCircleBackgroundColorResource(R.drawable.%2$s);","color":"#FF558B2F","name":"CIV setCircleBackgroundColorResource","typeName":"","palette":"70","type":" ","spec":"%m.imageview setCircleBackgroundColorResource %m.resource_bg"},{"code":"%1$s.setDisableCircularTransformation(%2$s);","color":"#FF558B2F","name":"CIV setDisableCircularTransformation","typeName":"","palette":"70","type":" ","spec":"%m.imageview setDisableCircularTransformation %b"},{"code":"%1$s.setImageResource(R.drawable.%2$s);","color":"#FF558B2F","name":"CIV setImageResource","typeName":"","palette":"70","type":" ","spec":"%m.imageview setImageResource %m.resource_bg"},{"code":"%1$s.setImageURI(android.net.Uri.parse(%2$s));","color":"#FF558B2F","name":"CIV setImageURI","typeName":"","palette":"70","type":" ","spec":"%m.imageview setImageURI %s"}]