[{"name":"BY ARAB WARE CHANNEL..","palette":"46","spec":"BY ARAB WARE CHANNEL","type":"h","typeName":"","color":"#FF00C853","code":""},{"name":"on clipboard text change","palette":"46","spec":"On Clipboard Text Change","typeName":"","type":"c","code":"((android.content.ClipboardManager) getSystemService(getApplicationContext().CLIPBOARD_SERVICE)).addPrimaryClipChangedListener(new android.content.ClipboardManager.OnPrimaryClipChangedListener() {\n@Override\npublic void onPrimaryClipChanged() {\n%1$s\n} });","color":"#FF00C853"},{"name":"getClipboardText","palette":"46","spec":"get clipboard text","type":"s","typeName":"","color":"#FF00C853","code":"String.valueOf(((android.content.ClipboardManager) getSystemService(getApplicationContext().CLIPBOARD_SERVICE)).getText())"},{"name":"setClipboardText","palette":"46","spec":"set clipboard text %s","typeName":"","type":" ","code":"((android.content.ClipboardManager) getSystemService(getApplicationContext().CLIPBOARD_SERVICE)).setPrimaryClip(android.content.ClipData.newPlainText(\"clipboard\", %2$s));","color":"#FF00C853"}]