[{"code":"%1$s.setFitsSystemWindows(%2$s);","color":"#5399BB","name":"setFitsSystemWindows","typeName":"","palette":"149","type":" ","spec":"%m.collapsingtoolbar setFitsSystemWindows %b"},{"code":"%1$s.setTitleEnabled(%2$s);","color":"#5399BB","name":"CollapsingToolbar setTitleEnabled","typeName":"","palette":"149","type":" ","spec":"%m.collapsingtoolbar setTitleEnabled %b"},{"code":"%1$s.setTitle(%2$s);","color":"#5399BB","name":"CollapsingToolbar setTitle","typeName":"","palette":"149","type":" ","spec":"%m.collapsingtoolbar setTitle %s"},{"code":"%1$s.setCollapsedTitleTextColor(%2$s);","color":"#5399BB","name":"setCollapsedTitleTextColor","typeName":"","palette":"149","type":" ","spec":"%m.collapsingtoolbar setCollapsedTitleTextColor %m.color"},{"code":"%1$s.setExpandedTitleColor(%2$s);","color":"#5399BB","name":"setExpandedTitleColor","typeName":"","palette":"149","type":" ","spec":"%m.collapsingtoolbar setExpandedTitleColor %m.color"},{"code":"%1$s.setScrimsShown(%2$s, %3$s);","color":"#5399BB","name":"setScrimShown","typeName":"","palette":"149","type":" ","spec":"%m.collapsingtoolbar setScrimShown %b Animate %b"},{"code":"%1$s.setScrimAnimationDuration(%2$s);","color":"#5399BB","name":"setScrimAnimationDuration","typeName":"","palette":"149","type":" ","spec":"%m.collapsingtoolbar setScrimAnimationDuration %d"},{"code":"%1$s.setContentScrimColor(%2$s);","color":"#5399BB","name":"setContentScrimColor","typeName":"","palette":"149","type":" ","spec":"%m.collapsingtoolbar setContentScrimColor %m.color"},{"code":"%1$s.setContentScrimResource(R.drawable.%2$s);","color":"#5399BB","name":"setContentScrimResource","typeName":"","palette":"149","type":" ","spec":"%m.collapsingtoolbar setContentScrimResource %m.resource"},{"code":"%1$s.getScrimVisibleHeightTrigger();","color":"#5399BB","name":"getScrimVisibleHeightTrigger","typeName":"","palette":"149","type":" ","spec":"%m.collapsingtoolbar getScrimVisibleHeightTrigger"},{"code":"%1$s.setExpandedTitleMargin(%2$s, %3$s, %4$s, %5$s);","color":"#5399BB","name":"setExpandedTitleMargin","typeName":"","palette":"149","type":" ","spec":"%m.collapsingtoolbar setExpandedTitleMargin Start %d Top %d End %d Bottom %d"},{"code":"%1$s.setCollapsedTitleGravity(Gravity.%2$s);","color":"#5399BB","name":"setCollapsedTitleGravity","typeName":"","palette":"149","type":" ","spec":"%m.collapsingtoolbar setCollapsedTitleGravity %m.Gravity"},{"code":"%1$s.setExpandedTitleGravity(Gravity.%2$s);","color":"#5399BB","name":"setExpandedTitleGravity","typeName":"","palette":"149","type":" ","spec":"%m.collapsingtoolbar setExpandedTitleGravity %m.Gravity"},{"code":"AppBarLayout.LayoutParams params \u003d (AppBarLayout.LayoutParams) %1$s.getLayoutParams(); params.setScrollFlags(AppBarLayout.LayoutParams.SCROLL_FLAG_SCROLL | AppBarLayout.LayoutParams.%2$s | AppBarLayout.LayoutParams.%3$s);\n%1$s.setLayoutParams(params);","color":"#5399BB","name":"setScrollFlags","typeName":"","palette":"149","type":" ","spec":"%m.collapsingtoolbar  setScrollFlags %m.scrollflags | %m.scrollflags"},{"code":"Typeface tf \u003d Typeface.createFromAsset(getAssets(), \"fonts/%2$s.ttf\"); \n%1$s.setCollapsedTitleTypeface(tf); \n%1$s.setExpandedTitleTypeface(tf); ","color":"#5399BB","name":"%m.collapsingtoolbar setTitleTypeface","typeName":"","palette":"149","type":" ","spec":"%m.collapsingtoolbar setTitleTypeface %m.font"},{"code":"RIGHT","color":"#5399BB","name":"gravity !","typeName":"Gravity","palette":"149","type":"v","spec":"gravity |Right"},{"code":"LEFT","color":"#5399BB","name":"Gravity !","typeName":"Gravity","palette":"149","type":"v","spec":"Gravity Left"},{"code":"TOP","color":"#5399BB","name":"gravity ","typeName":"Gravity","palette":"149","type":"v","spec":"Gravity Top"},{"code":"BOTTOM","color":"#5399BB","name":"Gravity","typeName":"Gravity","palette":"149","type":"v","spec":"Gravity Bottom"},{"code":"CENTER_VERTICAL","color":"#5399BB","name":"gravity !!","typeName":"Gravity","palette":"149","type":"v","spec":"Gravity Center_Vertical"},{"code":"CENTER_HORIZONTAL","color":"#5399BB","name":"gravity  ","typeName":"Gravity","palette":"149","type":"v","spec":"Gravity Center_Horizontal"}]