[{"code":"%1$s.getProgressDrawable().setColorFilter(Color.parseColor(\"%2$s\"), PorterDuff.Mode.SRC_IN);","color":"#00838F","name":"seekbar progress","typeName":"","palette":"72","type":" ","spec":"%m.seekbar Set progress %m.color"},{"code":"%1$s.getProgressDrawable().setColorFilter(Color.parseColor(\"%2$s\"),","color":"#00838F","name":"progress bar color","typeName":"","palette":"72","type":" ","spec":"%m.progressbar color %m.color"},{"code":"%1$s.getThumb().setColorFilter(Color.parseColor(\"%2$s\"), PorterDuff.Mode.SRC_IN);","color":"#00838F","name":"seekbar bt","typeName":"","palette":"72","type":" ","spec":"%m.seekbar Set  Dot %m.color"},{"code":"%1$s.getThumb().setColorFilter(Color.parseColor(\"#00FF00FF\"), PorterDuff.Mode.SRC_IN);","color":"#00838F","name":"seekbar dot hide","typeName":"","palette":"72","type":" ","spec":"%m.seekbar Set Dot Gone "},{"code":"%1$s.setProgressDrawable(getResources().getDrawable(R.drawable.%2$s));","color":"#00838F","name":"seek progress","typeName":"","palette":"72","type":" ","spec":"%m.seekbar Set Progress %m.resource"},{"code":"%1$s.setThumb(getResources().getDrawable(R.drawable.%2$s));","color":"#00838F","name":"seek ","typeName":"","palette":"72","type":" ","spec":"%m.seekbar Set Dot icon %m.resource"},{"code":"%1$s.getButtonDrawable().setColorFilter(Color.parseColor(\"%2$s\"), PorterDuff.Mode.SRC_IN);","color":"#00838F","name":"checkbox color","typeName":"","palette":"72","type":" ","spec":"%m.checkbox Color %m.color"},{"code":"%1$s.getTrackDrawable().setColorFilter(Color.parseColor(\"%2$s\"), PorterDuff.Mode.SRC_IN);","color":"#00838F","name":"switch off color","typeName":"","palette":"72","type":" ","spec":"%m.switch  off color %m.color"},{"code":"%1$s.getThumbDrawable().setColorFilter(Color.parseColor(\"%2$s\"), PorterDuff.Mode.SRC_IN);","color":"#00838F","name":"switch ","typeName":"","palette":"72","type":" ","spec":"%m.switch set on color %m.color"},{"code":"%1$s.setTrackResource(R.drawable.%2$s);","color":"#00838F","name":"switch","typeName":"","palette":"72","type":" ","spec":"%m.switch set off icon %m.resource"},{"code":"%1$s.setThumbResource(R.drawable.%2$s);","color":"#00838F","name":"switch on","typeName":"","palette":"72","type":" ","spec":"%m.switch set on color %m.color"}]