[{"name":"ColorPicker ...","palette":"31","spec":"By Arab Ware Channel","typeName":"","type":"h","code":"","color":"#FF8E24AA"},{"name":"This Need A Library Watch My Tutorial","palette":"31","spec":"WATCH ARAB WARE TUTORIAL شاهد شرح قناة عرب وير","typeName":"","type":"h","code":"","color":"#FF8E24AA"},{"name":"OnColorPicked","palette":"31","spec":"%m.view OnColorPicked","type":"c","typeName":"","color":"#FF8E24AA","code":"%1$s.setColorListener(new com.skydoves.colorpickerview.listeners.ColorEnvelopeListener() {\n@Override\npublic void onColorSelected(com.skydoves.colorpickerview.ColorEnvelope envelope, boolean fromUser) {\n%2$s\n}\n});"},{"name":"color..String","palette":"31","spec":"get color as String","typeName":"","type":"s","code":"envelope.getHexCode()","color":"#FF8E24AA"},{"name":"getColor...","palette":"31","spec":"get color","type":"v","typeName":"Color","color":"#FF8E24AA","code":"envelope.getColor()"},{"name":"setPaletteDrawable","palette":"31","spec":"%m.view setPaletteDrawable %m.resource","type":" ","typeName":"","color":"#FF8E24AA","code":"%1$s.setPaletteDrawable(getApplicationContext().getResources().getDrawable(R.drawable.%2$s));"},{"name":"setPaletteDrawable_copy46","palette":"31","spec":"%m.view setPaletteDrawable from path %s","type":" ","typeName":"","color":"#FF8E24AA","code":"%1$s.setPaletteDrawable(new BitmapDrawable(getApplicationContext().getResources(), FileUtil.decodeSampleBitmapFromPath(%2$s, 1024, 1024)));"},{"name":"setSelectorDrawable","palette":"31","spec":"%m.view setSelectorDrawable %m.resource","type":" ","typeName":"","color":"#FF8E24AA","code":"%1$s.setSelectorDrawable(getApplicationContext().getResources().getDrawable(R.drawable.%2$s));"},{"name":"setSelectorDrawable_copy26","palette":"31","spec":"%m.view setSelectorDrawable from path %s","type":" ","typeName":"","color":"#FF8E24AA","code":"%1$s.setSelectorDrawable(new BitmapDrawable(getApplicationContext().getResources(), FileUtil.decodeSampleBitmapFromPath(%2$s, 1024, 1024)))"}]