[{"code":"switch(%s){\n%s\n}","name":"switchString","palette":"13","type":"c","spec":"switch %s"},{"code":"switch(%s){\n%s\n}","name":"switchNumber","palette":"13","type":"c","spec":"switch %d"},{"code":"case %s :\n%s\nreturn true;","name":"caseString","palette":"13","type":"c","spec":"case %s"},{"code":"case %s :\n%s\nreturn true;","name":"caseNumber","palette":"13","type":"c","spec":"case %d"},{"code":"default :\n%s","name":"caseDefault","palette":"13","type":"c","spec":"default"},{"code":"try{\n%s\n}catch(Exception e){\n%s\n}","name":"tryCatch","palette":"13","type":"e","spec":"Try","spec2":"Cat"},{"code":"while(%s){\n%s\n}","name":"whileOnly","palette":"13","type":"c","spec":"while %b"},{"code":"for(int %s\u003d%s;%s;%s){\n%s\n}","name":"forLooping","palette":"13","type":"c","spec":"for %s.inputOnly \u003d %d and %b and %s.inputOnly"}]