[{"name":"created by mohammed thaer","palette":"28","spec":"created by mohammed thaer","typeName":"","type":"h","code":"","color":"#FF6A1B9A"},{"name":"set copy bar","palette":"28","spec":"%m.edittext set new copy bar","type":" ","typeName":"","color":"#FF6A1B9A","code":"registerForContextMenu(%1$s);"},{"name":"add item copu bar","palette":"28","spec":"add header %s","type":" ","typeName":"","color":"#FF6A1B9A","code":"menu.setHeaderTitle(%1$s);"},{"name":"add item","palette":"28","spec":"add item %s","typeName":"","type":" ","code":"menu.add(0,view.getId(),0,%1$s);\r","color":"#FF6A1B9A"}]