[{"code":"","color":"#FFEA80FC","name":"FOR PERMISSION + /storage/emulated/0 in short","typeName":"FOR PERMISSION + /storage/emulated/0 in short","palette":"215","type":"h","spec":"FOR PERMISSION + /storage/emulated/0 in short"},{"code":"\"/storage/emulated/0\"","color":"#FFE91E63","name":"/storage/emulated/0 ","typeName":"/storage/emulated/0","palette":"215","type":"s","spec":"/storage/emulated/0"},{"code":"FileUtil.getExternalStorageDir().substring((int)(1), (int)(FileUtil.getExternalStorageDir().length()))","color":"#FFE91E63","name":"Get Storage Path","typeName":"","palette":"215","type":"s","spec":"Get Storage Path"},{"code":"","color":"#FFE91E63","name":"Copy From Assest ","typeName":"","palette":"215","type":"h","spec":"Copy From Assest"},{"code":"try{\nint count;\njava.io.InputStream input\u003d this.getAssets().open(%1$s);\njava.io.OutputStream output \u003d new  java.io.FileOutputStream(%2$s+%1$s);\nbyte data[] \u003d new byte[1024];\nwhile ((count \u003d input.read(data))\u003e0) {\noutput.write(data, 0, count);\n}\noutput.flush();\noutput.close();\ninput.close();\n%3$s\n\t}catch(Exception e){\n\t\t\r%4$s\n\t}","color":"#FFE91E63","name":"Copy Assets File ","typeName":"Copy Assets File","palette":"215","type":"e","spec":"File Name\u003d %s into path %s  If successed then👇","spec2":"else"},{"code":"","color":"#FF18FFFF","name":"cpy_assets part 2","typeName":"","palette":"215","type":"h","spec":"Copy From Assets (Fixed)👇"},{"code":"if (FileUtil.isDirectory(_topathh)) {\r\n\tFileUtil.writeFile(\"Dont remove\", \"its For storage Permission\");\r\n\t%1$s \u003d _filen;\r\n\t%2$s \u003d _topathh;\r\n\ttry{\n\t\tint count;\n\t\tjava.io.InputStream input\u003d this.getAssets().open(assetFilename);\n\t\tjava.io.OutputStream output \u003d new  java.io.FileOutputStream(assetSavePath+\"/\"+assetFilename);\n\t\tbyte data[] \u003d new byte[1024];\n\t\twhile ((count \u003d input.read(data))\u003e0) {\n\t\t\toutput.write(data, 0, count);\n\t\t}\n\t\toutput.flush();\n\t\toutput.close();\n\t\tinput.close();\n\t\t\r\n\t\t%3$s\r\n\t}catch(Exception e){\n\t\t\r\n\t\t%4$s\r\n\t}\r\n}\r\nelse {\r\n\t\r\n}","color":"#FFE040FB","name":"cpy_assets_moreblok","typeName":"","palette":"215","type":"e","spec":"String1\u003d%m.varStr string2\u003d%m.varStr 👉PUT ME AT MORE BLOCK👈 On Success👇 ","spec2":"IF FAIL THEN👇"},{"code":"_Cpy_assets(%1$s, %2$s);","color":"#FFE040FB","name":"cpy_assets_block","typeName":"","palette":"215","type":" ","spec":"ASSETS FILE NAME\u003d %s  TO PATH \u003d%s  ","spec2":"ELSE👇"}]