[{"code":"String %1$s \u003d %2$s;","color":"#FFD32F2F","name":"Create String","typeName":"","palette":"13","type":" ","spec":"Create string variable with name %s.inputOnly with value %s "},{"code":"%1$s","color":"#FFD32F2F","name":"get string","typeName":"","palette":"13","type":"s","spec":"get string with name %s.inputOnly "},{"code":"Number %1$s \u003d %2$s;","color":"#FFD32F2F","name":"Create Number","typeName":"","palette":"13","type":" ","spec":"Create number variable with name %s.inputOnly with value %d"},{"code":"%1$s","color":"#FFD32F2F","name":"get number","typeName":"","palette":"13","type":"d","spec":"get number variable with name %s.inputOnly "},{"code":"Map %1$s \u003d new HashMap\u003c\u003e();","color":"#FFD32F2F","name":"create map","typeName":"","palette":"13","type":" ","spec":"create map with name %s.inputOnly"},{"code":"%3$s.put(%1$s, %2$s);","color":"#FFD32F2F","name":"edit map","typeName":"","palette":"13","type":" ","spec":"Add key %s with value %s to map %s.inputOnly "},{"code":"%1$s.get(%2$s).toString();","color":"#FFD32F2F","name":"get map","typeName":"","palette":"13","type":"s","spec":"get map %s.inputOnly with key %s "}]