[{"code":"","color":"#FFE53935","name":"created by arab ware channel !!!!","typeName":"","palette":"48","type":"h","spec":"created by arab ware channel"},{"code":"String madeErrMsg \u003d \"\";\nString[] exceptionType \u003d {\"StringIndexOutOfBoundsException\",\"IndexOutOfBoundsException\",\"ArithmeticException\",\"NumberFormatException\",\"ActivityNotFoundException\"};\nString[] errMessage\u003d {\"Invalid string operation\\n\",\"Invalid list operation\\n\",\"Invalid arithmetical operation\\n\",\"Invalid toNumber block operation\\n\",\"Invalid intent operation\"};\nIntent intent \u003d getIntent();\n\t\tString errMsg \u003d \"\";\n\t\tif(intent !\u003d null){\n\t\t\terrMsg \u003d intent.getStringExtra(\"error\");\n\tString[] spilt \u003d errMsg.split(\"\\n\");\n\t\t\t//errMsg \u003d spilt[0];\n\t\t\ttry {\n\t\t\t\tfor (int j \u003d 0; j \u003c exceptionType.length; j++) {\n\t\t\t\t\tif (spilt[0].contains(exceptionType[j])) {\n\t\t\t\t\t\tmadeErrMsg \u003d errMessage[j];\n\n\t\t\t\t\t\tint addIndex \u003d spilt[0].indexOf(exceptionType[j]) + exceptionType[j].length();\n\n\t\t\t\t\t\tmadeErrMsg +\u003d spilt[0].substring(addIndex, spilt[0].length());\n\t\t\t\t\t\tbreak;\n\n\t\t\t\t\t}\n\t\t\t\t}\n\n\t\t\t\tif(madeErrMsg.isEmpty()) madeErrMsg \u003d errMsg;\n\t\t\t}catch(Exception e){}\n\n\t\t}","color":"#FFE53935","name":"library","typeName":"","palette":"48","type":" ","spec":"library of custom error |pls put this into activity with name debug|"},{"code":"madeErrMsg","color":"#FFE53935","name":"get error message","typeName":"","palette":"48","type":"s","spec":"get error message"}]