[{"name":"created by","palette":"74","spec":"created by arab ware channel","type":"h","typeName":"","color":"#FFC2185B","code":""},{"name":"emoji view","palette":"74","spec":"%m.EmojiKeyboard create in %m.activity footer ? %b set page icon %m.resource set %m.edittext set left icon %m.resource","typeName":"","type":" ","code":"AXEmojiManager.install(%2$s.this,new com.aghajari.emojiview.emoji.iosprovider.AXIOSEmojiProvider(%2$s.this));\n\nAXEmojiManager.getEmojiViewTheme().setFooterEnabled(%3$s);\n\nAXEmojiPager %1$sPage \u003d new AXEmojiPager(%2$s.this);\n\nAXEmojiView %1$sView \u003d new AXEmojiView(%2$s.this);\n%1$sPage.addPage(%1$sView, R.drawable.%4$s);\n\n%1$sPage.setEditText(%5$s);\n\n%1$sPage.setLeftIcon(R.drawable.%6$s);","color":"#FFC2185B"},{"name":"layout...","palette":"74","spec":"%m.view set layout to show emojis animation enable ? %b %m.EmojiKeyboard","typeName":"","type":" ","code":"%1$s.setPopupAnimationEnabled(%2$s);\n%1$s.setPopupAnimationDuration(250);\n%1$s.initPopupView(%3$sPage);","color":"#FFC2185B"},{"spec2":"if not","typeName":"","color":"#FFC2185B","name":"is show ???","palette":"74","spec":"%m.view if shown","type":"e","code":"if (%1$s.isShowing()) {\r\n\t%1$s.hideAndOpenKeyboard();\r\n%2$s\n}\r\nelse {\r\n\t%1$s.toggle();\n\t%1$s.show();\r\n%3$s\n}"},{"name":"theme","palette":"74","spec":"theme","typeName":"","type":"h","code":"","color":"#FFC2185B"},{"name":"set selection color","palette":"74","spec":"set selection color %m.color","type":" ","typeName":"","color":"#FFC2185B","code":"AXEmojiManager.getEmojiViewTheme().setSelectionColor(%1$s);"},{"name":"set footer selected item color","palette":"74","spec":"set footer selected item color %m.color","typeName":"","type":" ","code":"AXEmojiManager.getEmojiViewTheme().setFooterSelectedItemColor(%1$s);","color":"#FFC2185B"},{"name":"set background color ","palette":"74","spec":"set background color %m.color","type":" ","typeName":"","color":"#FFC2185B","code":"AXEmojiManager.getEmojiViewTheme().setFooterBackgroundColor(%1$s);"},{"name":"set selection on color","palette":"74","spec":"set selection on color %m.color","typeName":"","type":" ","code":"AXEmojiManager.getEmojiViewTheme().setSelectionColor(%1$s);","color":"#FFC2185B"},{"name":"set selected color","palette":"74","spec":"set selected color %m.color","type":" ","typeName":"","color":"#FFC2185B","code":"AXEmojiManager.getEmojiViewTheme().setSelectedColor(%1$s);"},{"name":"theme ","palette":"74","spec":"set category color %m.color show divider %b ","typeName":"","type":" ","code":"AXEmojiManager.getEmojiViewTheme().setCategoryColor(%1$s); AXEmojiManager.getEmojiViewTheme().setAlwaysShowDivider(%2$s);","color":"#FFC2185B"},{"spec2":"on disable focus","typeName":"","color":"#FFC2185B","name":"edittext on focus","palette":"74","spec":"%m.edittext on foucs","type":"e","code":"%1$s.setOnFocusChangeListener(new OnFocusChangeListener() {\n@Override public void onFocusChange(View v, boolean hasFocus) \n{\nif (hasFocus) {\n%2$s\n} else {\n%3$s\n}\n}\n});"}]