[{"name":"created by arab ware channel -_-","palette":"51","spec":"created by arab ware channel","type":"h","typeName":"","color":"#FFF57C00","code":""},{"name":"create custom toast","palette":"51","spec":"%m.CustomToast Create From %m.customViews","typeName":"","type":" ","code":"LayoutInflater %1$sLT \u003d getLayoutInflater(); \nView %1$sVT \u003d %1$sLT.inflate(R.layout.%2$s, null);","color":"#FFF57C00"},{"name":"custom toast - add view","palette":"51","spec":"%m.CustomToast Add View with ID %s.inputOnly With Type %m.typeview From ID %s.inputOnly","type":" ","typeName":"","color":"#FFF57C00","code":"final %3$s %2$s \u003d (%3$s)\n%1$sVT.findViewById(R.id.%4$s);"},{"name":"Show Custom Toast","palette":"51","spec":"%m.CustomToast Set Duration %d  show","typeName":"","type":" ","code":"Toast %1$sT \u003d Toast.makeText(getApplicationContext(),\"\",%2$s);\n%1$sT.setView(%1$sVT);\n%1$sT.show();","color":"#FFF57C00"}]