[{"name":"create custom activity","palette":"71","spec":"%m.activity replace with %m.layout","typeName":"","type":" ","code":"LayoutInflater %1$sLI_t_a \u003d getLayoutInflater();\nView %1$sCV_t_a \u003d (View) %1$sLI_t_a.inflate(R.layout.%2$s, null);\n_coordinator.removeAllViews();\n_coordinator.addView(%1$sCV_t_a);","color":"#FFAFB42B"},{"name":"adf view kskak","palette":"71","spec":"%m.activity add view with new id %s.inputOnly with type %m.typeview with old id ( from custom view ) %s.inputOnly","type":" ","typeName":"","color":"#FFAFB42B","code":"final %3$s %2$s \u003d (%3$s)\n%1$sCV_t_a.findViewById(R.id.%4$s);"}]