[{"name":"BY ARAB WARE CHANNEL ","palette":"88","spec":"BY ARAB WARE CHANNEL","type":"h","typeName":"","color":"#FF0288D1","code":""},{"name":"getDrawerLayout","palette":"88","spec":"get drawer layout","type":"v","typeName":"View","color":"#FF0288D1","code":"findViewById(R.id._nav_view)"},{"spec2":"else if it is close then","typeName":"","color":"#FF0288D1","name":"when","palette":"88","spec":"if drawer is open then","type":"e","code":"if (_drawer.isDrawerOpen(GravityCompat.START)) {\r\n\t%1$s\n}\r\nelse {\r\n\t%2$s\n}"},{"name":"open drawer","palette":"88","spec":"open drawer","type":" ","typeName":"","color":"#FF0288D1","code":"_drawer.openDrawer(GravityCompat.START);"},{"name":"close drawer","palette":"88","spec":"close drawer","typeName":"","type":" ","code":"_drawer.closeDrawer(GravityCompat.START);","color":"#FF0288D1"}]