[{"code":"","color":"#FF43A047","name":"created by Arab Ware Channel ","typeName":"","palette":"51","type":"h","spec":"created by arab ware channel"},{"code":"LayoutInflater %1$sLL \u003d getLayoutInflater(); \nView %1$sVV \u003d %1$sLL.inflate(R.layout.%2$s, null);\n%1$s.addView(%1$sVV);","color":"#FF43A047","name":"CreateCustomLinear","typeName":"","palette":"51","type":" ","spec":"%m.LinearLayout create custom layout from %m.customViews"},{"code":"final %3$s %2$s \u003d (%3$s)\n%1$sVV.findViewById(R.id.%4$s);","color":"#FF43A047","name":"Add View Custom Linear","typeName":"","palette":"51","type":" ","spec":"%m.LinearLayout add view with id %s.inputOnly with type %m.typeview from id %s.inputOnly"}]