[{"code":"View popup \u003d getLayoutInflater().inflate(R.layout.%s, null);\r\nfinal PopupWindow pop_up \u003d new PopupWindow(popup, ViewGroup.LayoutParams.WRAP_CONTENT, ViewGroup.LayoutParams.WRAP_CONTENT, true);\r","color":"#03A9F4","name":"create custom popup","typeName":"","palette":"14","type":" ","spec":"create custom popup on %s.inputOnly  custom view"},{"code":"final LinearLayout %1$s \u003d popup.findViewById(R.id.%1$s);","color":"#03A9F4","name":"CustomDialog LinearLayout ID","typeName":"","palette":"14","type":" ","spec":"add CustomDialog LinearLayout ID %s.inputOnly "},{"code":"pop_up.showAsDropDown(_view, 0,0);","color":"#03A9F4","name":"custom popup show","typeName":"","palette":"14","type":" ","spec":"custom popup show"},{"code":"pop_up.dismiss();","color":"#03A9F4","name":"custom popup dismiss","typeName":"","palette":"14","type":" ","spec":"custom popup dismiss"}]