[{"name":"created by me .","palette":"90","spec":"created by arab ware channel","typeName":"","type":"h","code":"","color":"#FFF57C00"},{"name":"PUT ME AT MORE BLOCK","palette":"90","spec":"put me at more block %m.intent","typeName":"","type":" ","code":"}\nprivate View %1$sview;\nprivate WindowManager %1$swindow;\nprivate LayoutInflater %1$sin;\nWindowManager.LayoutParams %1$spara;\n{","color":"#FFF57C00"},{"name":"create new floating window","palette":"90","spec":"%m.intent create new floating window from custom view %m.customViews","typeName":"","type":" ","code":"int LAYOUT_FLAG;\nif (Build.VERSION.SDK_INT \u003e\u003d Build.VERSION_CODES.O) {\n\t    LAYOUT_FLAG \u003d WindowManager.LayoutParams.TYPE_APPLICATION_OVERLAY;\n} else {\n\t    LAYOUT_FLAG \u003d WindowManager.LayoutParams.TYPE_PHONE;\n}\n\n%1$spara \u003d new WindowManager.LayoutParams(\n    WindowManager.LayoutParams.WRAP_CONTENT,\n    WindowManager.LayoutParams.WRAP_CONTENT,\n    LAYOUT_FLAG,\n      \n    WindowManager.LayoutParams.FLAG_NOT_TOUCH_MODAL \n     ,\n\n    PixelFormat.TRANSLUCENT);\n\n%1$swindow \u003d (WindowManager) getSystemService(WINDOW_SERVICE);\n %1$sin \u003d (LayoutInflater) getSystemService(LAYOUT_INFLATER_SERVICE);\n  \n\n%1$sview \u003d (View) getLayoutInflater().inflate(R.layout.%2$s, null);","color":"#FFF57C00"},{"name":"view on touch","palette":"90","spec":"%m.intent set draggable view %s.inputOnly ","type":" ","typeName":"","color":"#FFF57C00","code":"%2$s.setOnTouchListener(new OnTouchListener() {\n\t\n\tprivate int x;\n\tprivate int y;\n\t\n\t       @Override\n\t       public boolean onTouch(View v, MotionEvent event) {\n\t\t\n\t\tswitch (event.getAction()) { \n\t\t\tcase MotionEvent.ACTION_DOWN: \n\t\t\tx \u003d (int) event.getRawX(); \n\t\t\ty \u003d (int) event.getRawY(); \n\t\t\tbreak;\n\t\t\tcase MotionEvent.ACTION_MOVE:\n\t\t\tint nowX \u003d (int) event.getRawX(); \n\t\t\tint nowY \u003d (int) event.getRawY(); \n\t\t\tint movedX \u003d nowX - x; \n\t\t\tint movedY \u003d nowY - y; \n\t\t\tx \u003d nowX;\n\t\t\ty \u003d nowY; \n\t\t\t%1$spara.x \u003d %1$spara.x + movedX; \n\t\t\t%1$spara.y \u003d %1$spara.y + movedY;\n\t\t\t%1$swindow.updateViewLayout(%1$sview, %1$spara); \n\t\t\tbreak;\n\t\t\tdefault:\n\t\t\tbreak;\n\t\t}\n\t\t return false;\n\t\t }\n\t });\n%1$spara.gravity \u003d Gravity.TOP | Gravity.LEFT;\n       %1$spara.x \u003d 0;\n       %1$spara.y \u003d 0;"},{"name":"activity floating window header","palette":"90","spec":"IN ACTIVITY \u003d\u003d\u003e","type":"h","typeName":"","color":"#FFF57C00","code":""},{"name":"show ","palette":"90","spec":"%m.intent show floating window %m.activity","typeName":"","type":" ","code":"final String %1$sAV \u003d Build.VERSION.RELEASE;\r\nif (Double.parseDouble(%1$sAV.substring((int)(0), (int)(1))) \u003c 6) {\r\n\t%1$swindow.addView(%1$sview, %1$spara);\r\n}\relse {\r\n\tif (android.provider.Settings.canDrawOverlays(%2$s.this)) {\n\t\t\t\t%1$swindow.addView(%1$sview, %1$spara);\n\t} else {\n\t\t\t\tIntent %1$si \u003d new Intent(android.provider.Settings.ACTION_MANAGE_OVERLAY_PERMISSION,\n\t\t\t\tUri.parse(\"package:\" + getPackageName()));\n\t\t\t\tstartActivity(%1$si);\n\t}\r\r\n}","color":"#FFF57C00"},{"name":"fragment floating window header","palette":"90","spec":"IN FRAGMENT \u003d\u003d\u003e","typeName":"","type":"h","code":"","color":"#FFF57C00"},{"name":"show _copy29","palette":"90","spec":"%m.intent show floating window %m.activity","typeName":"","type":" ","code":"final String %1$sAV \u003d Build.VERSION.RELEASE;\r\nif (Double.parseDouble(%1$sAV.substring((int)(0), (int)(1))) \u003c 6) {\r\n\t%1$swindow.addView(%1$sview, %1$spara);\r\n}\relse {\r\n\tif (android.provider.Settings.canDrawOverlays(getActivity())) {\n\t\t\t\t%1$swindow.addView(%1$sview, %1$spara);\n\t} else {\n\t\t\t\tIntent %1$si \u003d new Intent(android.provider.Settings.ACTION_MANAGE_OVERLAY_PERMISSION,\n\t\t\t\tUri.parse(\"package:\" + getPackageName()));\n\t\t\t\tstartActivity(%1$si);\n\t}\r\r\n}","color":"#FFF57C00"},{"name":"add view floating","palette":"90","spec":"%m.intent add new view with id %s.inputOnly with type %m.typeview with old id ( from custom view) %s.inputOnly","type":" ","typeName":"","color":"#FFF57C00","code":"final %3$s %2$s \u003d (%3$s)%1$sview.findViewById(R.id.%4$s);"},{"name":"remove","palette":"90","spec":"%m.intent close","typeName":"","type":" ","code":"%1$swindow.removeView(%1$sview);","color":"#FFF57C00"}]