[{"name":"CREATE BY ARAB WARE CHANNEL","palette":"72","spec":"created by arab ware channel","type":"h","typeName":"","color":"#FF388E3C","code":""},{"name":"Create View","palette":"72","spec":"%m.CustomPopUp set %m.customViews","typeName":"","type":" ","code":"View %1$sV \u003d getLayoutInflater().inflate(R.layout.%2$s, null);","color":"#FF388E3C"},{"name":"Create","palette":"72","spec":"%m.CustomPopUp SetUp","type":" ","typeName":"","color":"#FF388E3C","code":"final PopupWindow %1$s \u003d new PopupWindow(%1$sV, ViewGroup.LayoutParams.WRAP_CONTENT, ViewGroup.LayoutParams.WRAP_CONTENT, true);"},{"name":"Add View ","palette":"72","spec":"%m.CustomPopUp create View with ID %s.inputOnly type %m.typeview from ID %s.inputOnly","typeName":"","type":" ","code":"final %3$s %2$s \u003d %1$sV.findViewById(R.id.%4$s);","color":"#FF388E3C"},{"name":"ShowPopUp","palette":"72","spec":"%m.CustomPopUp On %m.view clicked then show this","typeName":"","type":" ","code":"%1$s.setAnimationStyle(android.R.style.Animation_Dialog);\n%1$s.showAsDropDown(%2$s, 0,0);\n%1$s.setBackgroundDrawable(new BitmapDrawable());","color":"#FF388E3C"},{"name":"DismissPopUp","palette":"72","spec":"%m.CustomPopUp Dismiss","type":" ","typeName":"","color":"#FF388E3C","code":"%1$s.dismiss();"},{"name":"fab","palette":"72","spec":"show on fab ( new )","typeName":"","type":"h","code":"","color":"#FF388E3C"},{"name":"hwjaja","palette":"72","spec":"%m.CustomPopUp set X %d set Y %d","type":" ","typeName":"","color":"#FF388E3C","code":"%1$s.setAnimationStyle(android.R.style.Animation_Dialog);\n%1$s.showAsDropDown(_fab, (int) %2$s,(int) %3$s);\n%1$s.setBackgroundDrawable(new BitmapDrawable());"}]