[{"code":"}\npublic static class CustomDialogByArabWare {\n\nprivate AlertDialog alertDialog;\nprivate View view;\nprivate Context context;\nprivate boolean isCancelable;\nprivate boolean isActivity;\nprivate Fragment fragmentContext;\n\npublic CustomDialogByArabWare(Activity activity) {\n\ncontext \u003d activity;\n\nalertDialog \u003d new AlertDialog.Builder(context).create();\n\nalertDialog.getWindow().setBackgroundDrawable(null);\n\nisActivity \u003d true;\n\n}\n\npublic CustomDialogByArabWare(Fragment fragment) {\n\nfragmentContext \u003d fragment;\n\ncontext \u003d fragment.getActivity();\n\nalertDialog \u003d new AlertDialog.Builder(context).create();\n\nalertDialog.getWindow().setBackgroundDrawable(null);\n\nisActivity \u003d false;\n\n}\n\npublic void setLayout(int layout) {\n\nif(isActivity) {\n\nview \u003d (View) ((Activity)context).getLayoutInflater().inflate(layout, null);\n\n} else {\n\nview \u003d (View) fragmentContext.getActivity().getLayoutInflater().inflate(layout, null);\n\n}\n\nalertDialog.setView(view);\n\n}\n\npublic void show() {\nalertDialog.show();\n}\n\npublic void setCancelable(boolean b) {\nalertDialog.setCancelable(b);\nisCancelable \u003d b;\n}\n\npublic boolean isCancelable() {\nreturn isCancelable;\n}\n\n\npublic View getView(int viewId) {\nreturn view.findViewById(viewId);\n}\n\npublic void dimiss() {\nalertDialog.dismiss();\n}\n\n}\n{","color":"#FF00695C","name":"library .....","typeName":"","palette":"18","type":" ","spec":"library ( put me at more block )  (المكتبة) بلوك مور في ضعني"},{"code":"}\nprivate CustomDialogByArabWare %1$sCD;\n{","color":"#FF00695C","name":"put me at more block also","typeName":"","palette":"18","type":" ","spec":"%m.dialog put me at more block بلوك مور في ضعني"},{"code":"%1$sCD \u003d new CustomDialogByArabWare(%2$s.this);","color":"#FF00695C","name":"create new custom dialog ....","typeName":"","palette":"18","type":" ","spec":"create new custom dialog %m.activity"},{"code":"%1$sCD.setLayout(R.layout.%2$s);","color":"#FF00695C","name":"setLayout.....","typeName":"","palette":"18","type":" ","spec":"%m.dialog setLayout %m.layout"},{"code":"%1$sCD.setCancelable(%2$s);","color":"#FF00695C","name":"setCancelable....","typeName":"","palette":"18","type":" ","spec":"%m.dialog setCancelable %b"},{"code":"%1$sCD.isCancelable()","color":"#FF00695C","name":"isCancelable....","typeName":"","palette":"18","type":"b","spec":"%m.dialog isCancelable"},{"code":"%1$sCD.show();","color":"#FF00695C","name":"show ......","typeName":"","palette":"18","type":" ","spec":"%m.dialog show"},{"code":"%1$sCD.dismiss();","color":"#FF00695C","name":"dismiss .......","typeName":"","palette":"18","type":" ","spec":"%m.dialog dismiss"},{"code":"((%2$s)%1$sCD.getView(R.id.%3$s))","color":"#FF00695C","name":"getView .....","typeName":"View","palette":"18","type":"v","spec":"%m.dialog getViewFromCustomView type %m.typeview and view id %s.inputOnly"}]