[{"code":"final AlertDialog %1$s \u003d new AlertDialog.Builder(%2$s.this).create();","color":"#2BA4E2","name":"CreateCustomDialog","typeName":"","palette":"9","type":" ","spec":"CustomAlert%m.dialog setScreen %m.activity"},{"code":"View inflate \u003d getLayoutInflater().inflate(R.layout.%2$s, null);\n%1$s.setView(inflate);\n%1$s.getWindow().setBackgroundDrawableResource(android.R.color.transparent);","color":"#2BA4E2","name":"LayoutInflateDialog","typeName":"","palette":"9","type":" ","spec":"CustomAlert%m.dialog addCustomView Name %m.customViews "},{"code":"final LinearLayout %1$s \u003d (LinearLayout)\ninflate.findViewById(R.id.%1$s);","color":"#2BA4E2","name":"WidgetLinearLayout","typeName":"","palette":"9","type":" ","spec":"CustomDialog LinearLayout ID %s.inputOnly"},{"code":"final ImageView %1$s \u003d (ImageView)\ninflate.findViewById(R.id.%1$s);","color":"#2BA4E2","name":"WidgetImageView","typeName":"","palette":"9","type":" ","spec":"CustomDialog ImageView ID %s.inputOnly"},{"code":"final TextView %1$s \u003d (TextView)\ninflate.findViewById(R.id.%1$s);","color":"#2BA4E2","name":"WidgetTextView","typeName":"","palette":"9","type":" ","spec":"CustomDialog TextView ID %s.inputOnly"},{"code":"final EditText %1$s \u003d (EditText)\ninflate.findViewById(R.id.%1$s);","color":"#2BA4E2","name":"WidgetEditText","typeName":"","palette":"9","type":" ","spec":"CustomDialog EditText ID %s.inputOnly"},{"code":"final SeekBar %1$s \u003d (SeekBar)\ninflate.findViewById(R.id.%1$s);","color":"#2BA4E2","name":"WidgetSeeKBar","typeName":"","palette":"9","type":" ","spec":"CustomDialog SeekBar ID %s.inputOnly"},{"code":"final Button %1$s \u003d (Button)\ninflate.findViewById(R.id.%1$s);","color":"#2BA4E2","name":"WidgetButton","typeName":"","palette":"9","type":" ","spec":"CustomDialog Button ID %s.inputOnly"},{"code":"final ProgressBar %1$s \u003d (ProgressBar)\ninflate.findViewById(R.id.%1$s);","color":"#2BA4E2","name":"WidgetProgressBar","typeName":"","palette":"9","type":" ","spec":"CustomDialog ProgressBar ID %s.inputOnly"},{"code":"final Switch %1$s \u003d (Switch)\ninflate.findViewById(R.id.%1$s);","color":"#2BA4E2","name":"WidgetSwitch","typeName":"","palette":"9","type":" ","spec":"CustomDialog Switch ID %s.inputOnly"},{"code":"%1$s.setOnClickListener(new View.OnClickListener() {\r\n\t\t\t@Override\r\n\t\t\tpublic void onClick(View _view) {\r\n\t\t\t\t%2$s\r\n\t\t\t}\r\n\t\t});","color":"#2BA4E2","name":"ViewOnClick","typeName":"","palette":"9","type":"c","spec":"If CustomDialog ID %s.inputOnly Clicked"},{"code":"%1$s.setText(%2$s);","color":"#2BA4E2","name":"SetText","typeName":"","palette":"9","type":" ","spec":"CustomDialog TextView ID %s.inputOnly setText %s"},{"code":"%1$s.setProgress((int)%2$s);","color":"#2BA4E2","name":"setProgress","typeName":"","palette":"9","type":" ","spec":"CustomDialog ProgressBar ID %s.inputOnly setProgress %d"},{"code":"%1$s.setImageResource(R.drawable.%2$s);","color":"#2BA4E2","name":"SetImageFromResource","typeName":"","palette":"9","type":" ","spec":"CustomDialog ImageView ID %s.inputOnly setImage %m.resource"},{"code":"%1$s.setChecked(%2$s);","color":"#2BA4E2","name":"SwitchSetCheck","typeName":"","palette":"9","type":" ","spec":"CustomDialog Switch ID %s.inputOnly SetCheck%b"},{"code":"%1$s.setOnCheckedChangeListener(new CompoundButton.OnCheckedChangeListener() {\r\n\t\t\t@Override\r\n\t\t\tpublic void onCheckedChanged(CompoundButton _param1, boolean _param2)  {\r\n\t\t\t\tfinal boolean _isChecked \u003d _param2;\r\n\t\t\t\tif (_isChecked) {\r\n\t\t\t\t\t%2$s\r\n\t\t\t\t}\r\n\t\t\t\telse {\r\n\t\t\t\t\t%3$s\r\n\t\t\t\t}\r\n\t\t\t}\r\n\t\t});","color":"#2BA4E2","name":"SwitchListener","typeName":"","palette":"9","type":"e","spec":"CustomDialog Switch ID %s.inputOnly onCheckChange ifChecked"},{"code":"%1$s.addTextChangedListener(new TextWatcher() {\r\n\t\t\t@Override\r\n\t\t\tpublic void onTextChanged(CharSequence _param1, int _param2, int _param3, int _param4) {\r\n\t\t\t\tfinal String _charSeq \u003d _param1.toString();\r\n\t\t\t\t%2$s\r\n\t\t\t}\r\n\t\t\t@Override\r\n\t\t\tpublic void beforeTextChanged(CharSequence _param1, int _param2, int _param3, int _param4) {\r\n\t\t\t\t\r\n\t\t\t}\r\n\t\t\t\r\n\t\t\t@Override\r\n\t\t\tpublic void afterTextChanged(Editable _param1) {\r\n\t\t\t\t\r\n\t\t\t}\r\n\t\t});","color":"#2BA4E2","name":"addTextChangedListener","typeName":"","palette":"9","type":"c","spec":"CustomDialog EditText ID %s.inputOnly getStringText  _charSeq"},{"code":"_charSeq","name":"_charSeq","palette":"9","type":"s","spec":"_charSeq"},{"code":"LottieAnimationView %1$s \u003d new LottieAnimationView(%2$s.this);\n%1$s.setAnimation(%3$s);\n%1$s.setLayoutParams(new LinearLayout.LayoutParams(-1, -1));\n%1$s.setRepeatCount(-1);\n%1$s.setRepeatMode(com.airbnb.lottie.LottieDrawable.RESTART);\n%4$s.addView(%1$s);\n%1$s.playAnimation();","color":"#FF03A9F4","name":"addLottieWidget","typeName":"","palette":"9","type":" ","spec":"LottieAnimationView Name %s.inputOnly setScreen %m.activity assetsFile %s inflateToLayout %s.inputOnly"},{"code":"Window window \u003d %1$s.getWindow();\nWindowManager.LayoutParams wlp \u003d window.getAttributes();\n\nwlp.gravity \u003d Gravity.%2$s;\nwlp.flags \u0026\u003d ~WindowManager.LayoutParams.FLAG_DIM_BEHIND;\nwindow.setAttributes(wlp);","color":"#2BA4E2","name":"DialogPosition","typeName":"","palette":"9","type":" ","spec":"CustomAlert %m.dialog setVerticalPosition %s.inputOnly "},{"code":"%1$s.setCancelable(%2$s);","color":"#2BA4E2","name":"DialogCancelable","typeName":"","palette":"9","type":" ","spec":"CustomAlert %m.dialog setCancelable %b"},{"code":"%1$s.dismiss();","color":"#2BA4E2","name":"DialogDismiss","typeName":"","palette":"9","type":" ","spec":"CustomAlert %m.dialog dismiss"},{"code":"%1$s.show();","color":"#2BA4E2","name":"DialogShow","typeName":"","palette":"9","type":" ","spec":"CustomAlert %m.dialog show"},{"code":"%1$s.getProgress()","color":"#2BA4E2","name":"ProgressBarGetProgress","typeName":"","palette":"9","type":"d","spec":"CustomDialog Progress ID %s.inputOnly getProgress"},{"code":"%1$s.setMax((int)%2$s);","color":"#2BA4E2","name":"ProgressBarSetMax","typeName":"","palette":"9","type":" ","spec":"CustomDialog ProgressBar ID %s.inputOnly setMax %d"},{"code":"%1$s.setShowSoftInputOnFocus(%2$s);","color":"#2BA4E2","name":"EditTextKeyBoard","typeName":"","palette":"9","type":" ","spec":"CustomDialog EditText ID %s.inputOnly Keyboard %b"},{"code":"%s.setBackground(new android.graphics.drawable.GradientDrawable() { public android.graphics.drawable.GradientDrawable getIns(int a, int b, int c, int d) { this.setCornerRadius(a); \nthis.setColor(b); \nthis.setStroke(c, d); \nreturn this; \n} }.getIns((int)%s, %s,%s ,%s));","color":"#2BA4E2","name":"acd setCornerRadius","typeName":"","palette":"9","type":" ","spec":"CustomDialog ID %s.inputOnly setCornerRadius %d setBackgroundColor %m.color setStroke %d setStrokeColor %m.color"},{"code":"%1$s.setElevation(%2$s);","color":"#2BA4E2","name":"acd setElevation","typeName":"","palette":"9","type":" ","spec":"CustomDialog ID %s.inputOnly setElevation %d"},{"code":"%s.setBackground(new android.graphics.drawable.GradientDrawable(android.graphics.drawable.GradientDrawable.Orientation.BR_TL,new int[] {%s,%s}));","color":"#2BA4E2","name":"acd setGradientColor","typeName":"","palette":"9","type":" ","spec":"CustomDialog ID %s.inputOnly setGradientBackground %m.color to %m.color"},{"code":"%1$s.setTypeface(Typeface.createFromAsset(getAssets(),\"fonts/%2$s.ttf\"),0);\n","color":"#FF03A9F4","name":"Tyface (TTF).","typeName":"","palette":"9","type":" ","spec":"TextView %s.inputOnly  setTypeface (TTF) %m.font"},{"code":"%1$s.setTypeface(Typeface.createFromAsset(getAssets(),\"fonts/%2$s.otf\"),0);\n","color":"#FF03A9F4","name":"Typeface (OTF).","typeName":"","palette":"9","type":" ","spec":"TextView %s.inputOnly  setTypeface (OTF) %m.font"},{"code":"%1$s.setOnDismissListener(new DialogInterface.OnDismissListener() {\n@Override\npublic void onDismiss(DialogInterface dialogInterface) {\n%2$s\n} \n});","color":"#FF00BCD4","name":"OnDismiss","typeName":"","palette":"9","type":"c","spec":"%m.dialog On Dismiss"}]