[{"name":"by","palette":"81","spec":"BY ARAB WARE CHANNEL","type":"h","typeName":"","color":"#FFD32F2F","code":""},{"name":"tablyaout","palette":"81","spec":"%m.tablayout set %m.customViews with %m.viewpager","typeName":"","type":" ","code":"%1$s.setupWithViewPager(%3$s);\nint %1$sLength \u003d %1$s.getTabCount();\nfor (int i \u003d 0; i \u003c %1$sLength; i++) {\n%1$s.getTabAt(i).setCustomView(getTabView(i));\n}","color":"#FFD32F2F"},{"name":"tablyaout_copy89","palette":"81","spec":"%m.tablayout set %m.customViews","typeName":"","type":" ","code":"int %1$sLength \u003d %1$s.getTabCount();\nfor (int i \u003d 0; i \u003c %1$sLength; i++) {\n%1$s.getTabAt(i).setCustomView(getTabView(i));\n}","color":"#FFD32F2F"},{"name":"put this in more block","palette":"81","spec":"more block","type":"h","typeName":"","color":"#FFD32F2F","code":""},{"name":"MorwBlock","palette":"81","spec":"%m.tablayout %m.activity %m.customViews","type":"c","typeName":"","color":"#FFD32F2F","code":"}\npublic View getTabView(int position) {\nView %1$sV \u003d LayoutInflater.from(%2$s.this).inflate(R.layout.%3$s, null);\n%4$s\nreturn %1$sV;"},{"name":"add vuew-","palette":"81","spec":"%m.tablayout add view with id %s.inputOnly type %m.typeview old id (custm view) %s.inputOnly","typeName":"","type":" ","code":"final %3$s %2$s \u003d (%3$s)\n%1$sV.findViewById(R.id.%4$s);","color":"#FFD32F2F"}]