[{"name":"created by me  ....","palette":"90","spec":"created by arab ware channel","type":"h","typeName":"","color":"#FF00BFA5","code":""},{"name":"create new property....","palette":"90","spec":"%m.FilePickerDialog create new property","typeName":"","type":" ","code":"DialogProperties %1$sp \u003d new DialogProperties();","color":"#FF00BFA5"},{"name":"set property....","palette":"90","spec":"%m.FilePickerDialog set %m.selection_mode set %m.extensions set main path %s","type":" ","typeName":"","color":"#FF00BFA5","code":"%1$sp.selection_mode \u003d %2$s;\n%1$sp.selection_type \u003d DialogConfigs.FILE_SELECT;\n%1$sp.root \u003d new java.io.File(%4$s);\n%1$sp.error_dir \u003d new java.io.File(%4$s);\n%1$sp.offset \u003d new java.io.File(%4$s);\n%1$sp.extensions \u003d %3$s;"},{"name":"single....","palette":"90","spec":"single selection","typeName":"selection_mode","type":"v","code":"DialogConfigs.SINGLE_MODE","color":"#FF00BFA5"},{"name":"multi....","palette":"90","spec":"multi selection","typeName":"selection_mode","type":"v","code":"DialogConfigs.MULTI_MODE","color":"#FF00BFA5"},{"name":"null...","palette":"90","spec":"all","typeName":"extensions","type":"v","code":"null","color":"#FF00BFA5"},{"name":"new....","palette":"90","spec":"extensions %s ","type":"v","typeName":"extensions","color":"#FF00BFA5","code":"new String[] {%1$s}"},{"name":"and.......","palette":"90","spec":"%s and %s","type":"v","typeName":"String","color":"#FF00BFA5","code":"%1$s,%2$s"},{"name":"activity file picker...","palette":"90","spec":"IN ACTIVITY \u003d\u003d\u003e","type":"h","typeName":"","color":"#FF00BFA5","code":""},{"name":"file....","palette":"90","spec":"%m.FilePickerDialog create %m.activity with title %s","typeName":"","type":" ","code":"%1$s \u003d new FilePickerDialog(%2$s.this,%1$sp);\n%1$s.setTitle(%3$s);","color":"#FF00BFA5"},{"name":"file picker fragment.....","palette":"90","spec":"IN FRAGMENT \u003d\u003d\u003e","typeName":"","type":"h","code":"","color":"#FF00BFA5"},{"name":"file_copy80.....","palette":"90","spec":"%m.FilePickerDialog create with title %s","typeName":"","type":" ","code":"%1$s \u003d new FilePickerDialog(getActivity(),%1$sp);\n%1$s.setTitle(%3$s);","color":"#FF00BFA5"},{"name":"on file picked....","palette":"90","spec":"%m.FilePickerDialog on file picked","type":"c","typeName":"","color":"#FF00BFA5","code":"%1$s.setDialogSelectionListener(new DialogSelectionListener() {\n@Override public void onSelectedFilePaths(String[] files) {\n%2$s\n} \n});"},{"name":"get file path at....","palette":"90","spec":"get file path at %d","typeName":"","type":"s","code":"Arrays.asList(files).get((int) %1$s).toString()","color":"#FF00BFA5"},{"name":"getLength  .......","palette":"90","spec":"get picked files length","type":"d","typeName":"","color":"#FF00BFA5","code":"files.length"},{"name":"setPositiveBtnName....","palette":"90","spec":"%m.FilePickerDialog setPositiveBtnName %s","type":" ","typeName":"","color":"#FF00BFA5","code":"%1$s.setPositiveBtnName(%2$s);"},{"name":"setNagativeBtnName......","palette":"90","spec":"%m.FilePickerDialog setNegativeBtnName %s","type":" ","typeName":"","color":"#FF00BFA5","code":"%1$s.setNegativeBtnName(%2$s);"},{"name":"show .....","palette":"90","spec":"%m.FilePickerDialog show","type":" ","typeName":"","color":"#FF00BFA5","code":"%1$s.show();"}]