[{"name":"by who ?","palette":"84","spec":"By Arab Ware Channel","type":"h","typeName":"","color":"#FFD50000","code":""},{"name":"Create View2","palette":"84","spec":"%m.CustomPopUp set %m.customViews","type":" ","typeName":"","color":"#FFD50000","code":"View %1$sV \u003d getLayoutInflater().inflate(R.layout.%2$s, null);"},{"name":"Create2","palette":"84","spec":"%m.CustomPopUp SetUp","typeName":"","type":" ","code":"final PopupWindow %1$s \u003d new PopupWindow(%1$sV, ViewGroup.LayoutParams.WRAP_CONTENT, ViewGroup.LayoutParams.WRAP_CONTENT, true);","color":"#FFD50000"},{"name":"addFab","palette":"84","spec":"%m.CustomPopUp add fab with id %s.inputOnly from custom view linear id %s.inputOnly in %m.activity","type":" ","typeName":"","color":"#FFD50000","code":"final LinearLayout %3$s_fab \u003d %1$sV.findViewById(R.id.%3$s);\r\ncom.google.android.material.floatingactionbutton.FloatingActionButton %2$s \u003d new com.google.android.material.floatingactionbutton.FloatingActionButton(%4$s.this);\n%3$s_fab.addView(%2$s);\r"},{"name":"DismissPopUp2","palette":"84","spec":"%m.CustomPopUp Dismiss","typeName":"","type":" ","code":"%1$s.dismiss();","color":"#FFD50000"},{"name":"hwjaja2","palette":"84","spec":"%m.CustomPopUp set X %d set Y %d","typeName":"","type":" ","code":"%1$s.setAnimationStyle(android.R.style.Animation_Dialog);\n%1$s.showAsDropDown(_fab, (int) %2$s,(int) %3$s);\n%1$s.setBackgroundDrawable(new BitmapDrawable());","color":"#FFD50000"}]