[{"name":"created By Arab Ware Channel ","palette":"57","spec":"created by arab ware channel","typeName":"","type":"h","code":"","color":"#FFD32F2F"},{"name":"setX","palette":"57","spec":"%m.view set X  %d","type":" ","typeName":"","color":"#FFD32F2F","code":"%1$s.setTranslationX((float)(%2$s));"},{"name":"setY","palette":"57","spec":"%m.view set Y %d","type":" ","typeName":"","color":"#FFD32F2F","code":"%1$s.setTranslationY((float)(%2$s));"},{"name":"setZ","palette":"57","spec":"%m.view set Z %d","type":" ","typeName":"","color":"#FFD32F2F","code":"%1$s.setTranslationZ((float)(%2$s));"}]