[{"name":"credits.....","palette":"17","spec":"created by arab ware channel","type":"h","typeName":"","color":"#FFAD1457","code":""},{"name":"custom toast library ........","palette":"17","spec":"put me at more block ( library ) (المكتبة) بلوك مور في ضعني","typeName":"","type":" ","code":"}\n\npublic static class CustomToastByArabWare {\n\nprivate Toast toast;\nprivate View view;\nprivate Context context;\nprivate boolean isActivity;\nprivate Fragment fragmentContext;\n\npublic CustomToastByArabWare(Activity activity) {\n\n\ncontext \u003d activity;\n\ntoast \u003d Toast.makeText(context,\"\",2726);\n\nisActivity \u003d true;\n\n}\n\npublic CustomToastByArabWare(Fragment fragment) {\n\nfragmentContext \u003d fragment;\n\ncontext \u003d fragment.getActivity();\n\ntoast \u003d Toast.makeText(context,\"\",2726);\n\nisActivity \u003d false;\n\n}\n\npublic void setLayout(int layout) {\n\nif(isActivity) {\n\nview \u003d (View) ((Activity)context).getLayoutInflater().inflate(layout, null);\n\n} else {\n\nview \u003d (View) fragmentContext.getActivity().getLayoutInflater().inflate(layout, null);\n\n}\n\ntoast.setView(view);\n\n}\n\npublic void show() {\n\ntoast.show();\n\n}\n\npublic View getView(int viewId) {\n\nreturn view.findViewById(viewId);\n\n}\n\n}\n\n{","color":"#FFAD1457"},{"name":"put me at more block","palette":"17","spec":"create new toast %m.activity put me at more block بلوك مور في ضعني","type":" ","typeName":"","color":"#FFAD1457","code":"}\nprivate CustomToastByArabWare %1$sCT;\n{"},{"name":"create new toast .....","palette":"17","spec":"create new toast in %m.activity","typeName":"","type":" ","code":"%1$sCT \u003d new CustomToastByArabWare(%1$s.this);","color":"#FFAD1457"},{"name":"setLayout ...","palette":"17","spec":"%m.activity set toast layout %m.customViews","type":" ","typeName":"","color":"#FFAD1457","code":"%1$sCT.setLayout(R.layout.%2$s);"},{"name":"show ........","palette":"17","spec":"%m.activity show toast","typeName":"","type":" ","code":"%1$sCT.show();","color":"#FFAD1457"},{"name":"getView ........","palette":"17","spec":"%m.activity getToastView type %m.typeview viewId %s.inputOnly","type":"v","typeName":"View","color":"#FFAD1457","code":"((%2$s)%1$sCT.getView(R.id.%3$s))"}]