[{"name":"bywho","palette":"83","spec":"By Arab Ware Channel","typeName":"","type":"h","code":"","color":"#FF0097A7"},{"name":"create___","palette":"83","spec":"%m.CustomSnackBar create one from %m.customViews","typeName":"","type":" ","code":"View %1$sView \u003d getLayoutInflater().inflate(R.layout.%2$s, null);\n%1$s \u003d com.google.android.material.snackbar.Snackbar.make(_coordinator, \"\", Snackbar.LENGTH_LONG);","color":"#FF0097A7"},{"name":"AddView","palette":"83","spec":"%m.CustomSnackBar add view with id %s.inputOnly type %m.typeview from custom view with id %s.inputOnly","type":" ","typeName":"","color":"#FF0097A7","code":"final %3$s %2$s \u003d (%3$s)\n%1$sView.findViewById(R.id.%4$s);"},{"name":"show _-","palette":"83","spec":"%m.CustomSnackBar show","type":" ","typeName":"","color":"#FF0097A7","code":"%1$s.getView().setBackgroundColor(Color.TRANSPARENT);\nSnackbar.SnackbarLayout %1$sView2 \u003d (Snackbar.SnackbarLayout) %1$s.getView(); \n%1$sView2.addView(%1$sView, 0);\n%1$s.show();"}]