[{"name":"createdByArabWareChannel","palette":"52","spec":"created by arab ware channel - api from updatity app","typeName":"","type":"h","code":"","color":"#FF0288D1"},{"name":"text","palette":"52","spec":"text","type":"h","typeName":"","color":"#FF0288D1","code":""},{"name":"Update-title","palette":"52","spec":"%m.varMap get Dialog Title","typeName":"","type":"s","code":"%1$s.get(\"dialogTitle\").toString()","color":"#FF0288D1"},{"name":"Update-Subtitle","palette":"52","spec":"%m.varMap Get Subtitle","type":"s","typeName":"","color":"#FF0288D1","code":"%1$s.get(\"dialogSubtitle\").toString()"},{"name":"Update-ExtraButtonText","palette":"52","spec":"%m.varMap Get Extra Button Text","type":"s","typeName":"","color":"#FF0288D1","code":"%1$s.get(\"dialogBtnExtraTxt\").toString()"},{"name":"Update-MainButtonText","palette":"52","spec":"%m.varMap Get  Main Button Text","typeName":"","type":"s","code":"%1$s.get(\"dialogBtnMainTxt\").toString()","color":"#FF0288D1"},{"name":"get-update-custom-icon-link","palette":"52","spec":"%m.varMap get link of custom icon","typeName":"","type":"s","code":"%1$s.get(\"customDialogIcon\").toString()","color":"#FF0288D1"},{"name":"getLinkOfUpdate","palette":"52","spec":"%m.varMap get link of update","type":"s","typeName":"","color":"#FF0288D1","code":"%1$s.get(\"openLinkExtra\").toString()"},{"name":"getKey","palette":"52","spec":"%m.varMap get shared preference key of One Time Key","type":"s","typeName":"","color":"#FF0288D1","code":"%1$s.get(\"isOneTimeKey\").toString()"},{"name":"getNewVersion","palette":"52","spec":"%m.varMap Get The Version From App ","typeName":"","type":"s","code":"%1$s.get(\"newVersion\").toString()","color":"#FF0288D1"},{"name":"getAppVersion","palette":"52","spec":"Get Your App Version Into %m.varStr","typeName":"","type":" ","code":"try {\r\nandroid.content.pm.PackageInfo %1$sP \u003d this.getPackageManager().getPackageInfo(getPackageName(), 0);\r\n%1$s \u003d %1$sP.versionName;\r\n} catch (android.content.pm.PackageManager.NameNotFoundException e) {\r\ne.printStackTrace();\r\n}\r","color":"#FF0288D1"},{"name":"booleans","palette":"52","spec":"booleans","type":"h","typeName":"","color":"#FF0288D1","code":""},{"name":"update-type-1","palette":"52","spec":"%m.varMap update type is waring","typeName":"","type":"b","code":"%1$s.get(\"dialogOption\").toString().equals(\"warning\")","color":"#FF0288D1"},{"name":"update-type-2","palette":"52","spec":"%m.varMap update type is update","type":"b","typeName":"","color":"#FF0288D1","code":"%1$s.get(\"dialogOption\").toString().equals(\"update\")"},{"name":"update-type-3","palette":"52","spec":"%m.varMap update type is message","typeName":"","type":"b","code":"%1$s.get(\"dialogOption\").toString().equals(\"message\")","color":"#FF0288D1"},{"name":"update-type-4","palette":"52","spec":"%m.varMap update type is custom","type":"b","typeName":"","color":"#FF0288D1","code":"%1$s.get(\"dialogOption\").toString().equals(\"custom\")"},{"name":"update-extra-button-is-avaiable","palette":"52","spec":"%m.varMap update extra button is avaiable","type":"b","typeName":"","color":"#FF0288D1","code":"%1$s.get(\"dialogBtnExtra\").toString().equals(\"true\")"},{"name":"update-extra-button-is-avaiable-exit-on-click","palette":"52","spec":"%m.varMap update extra button on click exit","type":"b","typeName":"","color":"#FF0288D1","code":"%1$s.get(\"dialogBtnExtraClick\").toString().equals(\"exit\")"},{"name":"update-extra-button-is-avaiable-on-click","palette":"52","spec":"%m.varMap update extra button on click browse","type":"b","typeName":"","color":"#FF0288D1","code":"%1$s.get(\"dialogBtnExtraClick\").toString().equals(\"browser\")"},{"name":"update-extra-button-is-avaiable-on-click_dismiss","palette":"52","spec":"%m.varMap update extra button on click dismiss","type":"b","typeName":"","color":"#FF0288D1","code":"%1$s.get(\"dialogBtnExtraClick\").toString().equals(\"dismiss\")"},{"name":"update-main-button-is-avaiable","palette":"52","spec":"%m.varMap update main button is avaiable","typeName":"","type":"b","code":"%1$s.get(\"dialogBtnMain\").toString().equals(\"true\")","color":"#FF0288D1"},{"name":"update-main-button-is-avaiable-exit-on-click","palette":"52","spec":"%m.varMap update main button on click exit","typeName":"","type":"b","code":"%1$s.get(\"dialogBtnMainClick\").toString().equals(\"exit\")","color":"#FF0288D1"},{"name":"update-main-button-is-avaiable-on-click","palette":"52","spec":"%m.varMap update main button on click browse","typeName":"","type":"b","code":"%1$s.get(\"dialogBtnMainClick\").toString().equals(\"browser\")","color":"#FF0288D1"},{"name":"update-main-button-is-avaiable-on-click_dismiss","palette":"52","spec":"%m.varMap update main button on click dismiss","typeName":"","type":"b","code":"%1$s.get(\"dialogBtnMainClick\").toString().equals(\"dismiss\")","color":"#FF0288D1"},{"name":"isCancelable","palette":"52","spec":"%m.varMap is cancelable ?","typeName":"","type":"b","code":"%1$s.get(\"isCancelable\").toString().equals(\"true\")","color":"#FF0288D1"},{"name":"getType1","palette":"52","spec":"%m.varMap is dialog ?","typeName":"","type":"b","code":"%1$s.get(\"alertOption\").toString().equals(\"dialog\")","color":"#FF0288D1"},{"name":"getType2","palette":"52","spec":"%m.varMap is bottom sheet","type":"b","typeName":"","color":"#FF0288D1","code":"%1$s.get(\"alertOption\").toString().equals(\"sheet\")"},{"name":"isOneTime","palette":"52","spec":"%m.varMap is one time ?","typeName":"","type":"b","code":"%1$s.get(\"isOneTime\").toString().equals(\"true\")","color":"#FF0288D1"}]