[{"name":"by.......","palette":"106","spec":"BY ARAB WARE CHANNEL also THANKS FOR NELEU SINGTH BECAUSE OF HIS HELP","typeName":"","type":"h","code":"","color":"#FF6200EA"},{"name":"for all android versions \u003d\u003e 5","palette":"106","spec":"for all android versions 5 and up لكل اصدارات الاندرويد فوق الخمسة و الخمسة","type":"h","typeName":"","color":"#FF651FFF","code":""},{"name":"activity custom notification header.","palette":"106","spec":"IN ACTIVITY \u003d\u003d\u003e","type":"h","typeName":"","color":"#FF6200EA","code":""},{"name":"create new notification..","palette":"106","spec":"%m.notification set small %m.customViews set big %m.customViews set %m.activity set id %d set small icon %m.resource    set AutoCancel %b set On Going %b %m.NotificationManager set View 1%m.RemoteView set View 2 %m.RemoteView On Click Go To %m.activity with %m.NotificationChannel with title %s and description %s","type":"c","typeName":"","color":"#FF6200EA","code":"%10$s \u003d new RemoteViews(%4$s.this.getPackageName(), R.layout.%2$s);\n%11$s \u003d new RemoteViews(%4$s.this.getPackageName(), R.layout.%3$s);\nandroidx.core.app.NotificationCompat.DecoratedCustomViewStyle %1$sS \u003d new androidx.core.app.NotificationCompat.DecoratedCustomViewStyle(); \nandroidx.core.app.NotificationCompat.Builder %1$s \u003d new androidx.core.app.NotificationCompat.Builder(%4$s.this).setStyle(%1$sS).setCustomContentView(%10$s).setCustomBigContentView(%11$s).setSmallIcon(R.drawable.%6$s).setOngoing(%8$s).setPriority(androidx.core.app.NotificationCompat.PRIORITY_DEFAULT).setAutoCancel(%7$s).setContentIntent(PendingIntent.getActivity(getApplicationContext(),0,new Intent(%4$s.this.getApplicationContext(),\r\n%12$s.class),0));\nif (Build.VERSION.SDK_INT \u003e\u003d Build.VERSION_CODES.O) {\n%13$s \u003d new NotificationChannel(String.valueOf(%5$s), %14$s, NotificationManager.IMPORTANCE_HIGH);\n%13$s.setDescription(%15$s);\n%9$s \u003d androidx.core.app.NotificationManagerCompat.from(%4$s.this);\n %9$s.createNotificationChannel(%13$s);\n%1$s.setChannelId(String.valueOf(%5$s));\n    }\n%9$s \u003d androidx.core.app.NotificationManagerCompat.from(%4$s.this);\n%16$s\n%9$s.notify(%5$s, %1$s.build());"},{"name":"fragment custom notification header.","palette":"106","spec":"IN FRAGMENT \u003d\u003d\u003e","typeName":"","type":"h","code":"","color":"#FF6200EA"},{"name":"create new notification_copy78.","palette":"106","spec":"%m.notification set small %m.customViews set big %m.customViews set %m.activity set id %d set small icon %m.resource    set AutoCancel %b set On Going %b %m.NotificationManager set View 1%m.RemoteView set View 2 %m.RemoteView On Click Go To %m.activity with %m.NotificationChannel \u003d\u003etitle %s description %s","type":"c","typeName":"","color":"#FF6200EA","code":"%10$s \u003d new RemoteViews(getActivity().getPackageName(), R.layout.%2$s);\n%11$s \u003d new RemoteViews(getActivity().getPackageName(), R.layout.%3$s);\nandroidx.core.app.NotificationCompat.DecoratedCustomViewStyle %1$sS \u003d new androidx.core.app.NotificationCompat.DecoratedCustomViewStyle(); \nfinal androidx.core.app.NotificationCompat.Builder %1$s \u003d new androidx.core.app.NotificationCompat.Builder(getActivity()).setStyle(%1$sS).setCustomContentView(%10$s).setCustomBigContentView(%11$s).setSmallIcon(R.drawable.%6$s).setOngoing(%8$s).setPriority(androidx.core.app.NotificationCompat.PRIORITY_DEFAULT).setAutoCancel(%7$s).setContentIntent(PendingIntent.getActivity(getApplicationContext(),0,new Intent(getApplicationContext(),\r\n%12$s.class),0));\nif (Build.VERSION.SDK_INT \u003e\u003d Build.VERSION_CODES.O) {\n%13$s \u003d new NotificationChannel(String.valueOf(%5$s), %14$s, NotificationManager.IMPORTANCE_HIGH);\n%13$s.setDescription(%15$s);\n %9$s.createNotificationChannel(%13$s);\n%9$s \u003d androidx.core.app.NotificationManagerCompat.from(%4$s.this);\n%1$s.setChannelId(String.valueOf(%5$s));\n    }\n%9$s \u003d androidx.core.app.NotificationManagerCompat.from(getActivity());\n%16$s\n%9$s.notify(%5$s, %1$s.build());"},{"name":"toAddEventsOrDoActions.","palette":"106","spec":"toAddEventsOrDoActions لاضافة احداث او فعل شيء","type":"h","typeName":"","color":"#FF6200EA","code":""},{"name":"setText..........","palette":"106","spec":"%m.RemoteView setText %s of TextView %s.inputOnly","type":" ","typeName":"","color":"#FF6200EA","code":"%1$s.setTextViewText(R.id.%3$s,%2$s);"},{"name":"setImage.......","palette":"106","spec":"%m.RemoteView setImageView %s.inputOnly Resource %m.resource","typeName":"","type":" ","code":"%1$s.setImageViewResource(R.id.%2$s,R.drawable.%3$s);","color":"#FF6200EA"},{"name":"setImageBitmap.......","palette":"106","spec":"%m.RemoteView setImageView %s.inputOnly Bitmap From %m.imageview","typeName":"","type":" ","code":"%1$s.setImageViewBitmap(R.id.%2$s,((android.graphics.drawable.BitmapDrawable) %3$s.getDrawable()).getBitmap());","color":"#FF6200EA"}]