[{"code":"//*//","color":"#C37E06","name":"Block by: Devcloper Ur-L","typeName":"","palette":"83","type":"h","spec":"Block by: Devcloper Ur-L"},{"code":"LinearLayout _nav_view \u003d (LinearLayout) findViewById(R.id._nav_view);  androidx.drawerlayout.widget.DrawerLayout .LayoutParams params \u003d (androidx.drawerlayout.widget.DrawerLayout .LayoutParams)_nav_view.getLayoutParams();  params.width \u003d (int)getDip((int)%s);  params.height \u003d androidx.drawerlayout.widget.DrawerLayout .LayoutParams.MATCH_PARENT;  _nav_view.setLayoutParams(params);\n _nav_view.setBackgroundDrawable(new android.graphics.drawable.ColorDrawable(Color.TRANSPARENT));","color":"#2CA5E2","name":"Drawer setWidth","typeName":"","palette":"83","type":" ","spec":"Drawer setWidth %d"},{"code":"_drawer_%1$s.setBackgroundColor(%2$s);","color":"#2CA5E2","name":"Drawer setWidgetColor","typeName":"","palette":"83","type":" ","spec":"Drawer Widget ID %s.inputOnly setBackgroundColor %m.color"},{"code":"_drawer_%s.setElevation((int)%s);","color":"#2CA5E2","name":"Drawer Widget setElevation","typeName":"","palette":"83","type":" ","spec":"Drawer Widget ID %s.inputOnly setElevation %d"},{"code":"_drawer_%1$s.setText(%2$s);","color":"#2CA5E2","name":"Drawer setText","typeName":"","palette":"83","type":" ","spec":"Drawer TextView ID %s.inputOnly setText %s"},{"code":"_drawer_%1$s.setTextColor(%2$s);","color":"#2CA5E2","name":"Drawer setTextColor","typeName":"","palette":"83","type":" ","spec":"Drawer TextView ID %s.inputOnly setTextColor %m.color"},{"code":"_drawer_%1$s.setOnClickListener(new View.OnClickListener() {\r\n\t\t\t@Override\r\n\t\t\tpublic void onClick(View _view) {\r\n\t\t\t\t%2$s\r\n\t\t\t}\r\n\t\t});","color":"#2CA5E2","name":"Drawer setOnClick","typeName":"","palette":"83","type":"c","spec":"Drawer When Widget ID %s.inputOnly Clicked"},{"code":"_drawer_%s.setOnLongClickListener(new View.OnLongClickListener() {\n\t\t\t\t@Override\n\t\t\t\tpublic boolean onLongClick(View _view) {\n\t\t\t\t\t%s\n\t\t\t\t\treturn true;\n\t\t\t\t}\n\t\t\t});","color":"#2CA5E2","name":"Drawer setOnLongClick","typeName":"","palette":"83","type":"c","spec":"Drawer When Widget ID %s.inputOnly LongClicked"},{"code":"_drawer_%s.setOnTouchListener(new View.OnTouchListener(){\n@Override\npublic boolean onTouch(View _view, MotionEvent _motionEvent){\n%s\nreturn true;\n}\n});","color":"#2CA5E2","name":"Drawer setOnTouched","typeName":"","palette":"83","type":"c","spec":"Drawer When Widget ID %s.inputOnly Touched"},{"code":"_drawer_%1$s.setCornerRadius((int)%2$s);","color":"#2CA5E2","name":"Drawer setCornerRadius","typeName":"","palette":"83","type":" ","spec":"Drawer Widget ID %s.inputOnly setCornerRadius %d"},{"code":"_drawer_%s.setBackground(new android.graphics.drawable.GradientDrawable() { public android.graphics.drawable.GradientDrawable getIns(int a, int b, int c) { this.setStroke(a, b); this.setColor(c); return this; } }.getIns((int)%s, %s, %s));","color":"#2CA5E2","name":"Drawer setStroke","typeName":"","palette":"83","type":" ","spec":"Drawer Widget ID %s.inputOnly setStroke %d strokeColor %m.color bgColor %m.color"},{"code":"_drawer_%s.setBackground(new android.graphics.drawable.GradientDrawable(android.graphics.drawable.GradientDrawable.Orientation.BR_TL,new int[] {%s,%s}));","color":"#2CA5E2","name":"Drawer gradientColor","typeName":"","palette":"83","type":" ","spec":"Drawer Widget ID %s.inputOnly setGradientBackground %m.color to %m.color"}]