[{"name":"created by arab ware channel...","palette":"87","spec":"%m.intent create custom action bar %m.customViews","typeName":"","type":" ","code":"LayoutInflater %1$sLI_t \u003d getLayoutInflater();\nView %1$sCV_t \u003d (View) %1$sLI_t.inflate(R.layout.%2$s, null);\n_app_bar.removeView(_toolbar);\n_app_bar.addView(%1$sCV_t);","color":"#FF0097A7"},{"name":"create view_","palette":"87","spec":"%m.intent add view to the action bar with new id %s.inputOnly with type %m.typeview with old id ( from custom view )%s.inputOnly ","typeName":"","type":" ","code":"final %3$s %2$s \u003d (%3$s)\n%1$sCV_t.findViewById(R.id.%4$s);","color":"#FF0097A7"},{"name":"action bar delete color or change","palette":"87","spec":"%m.intent change the color to %m.color","type":" ","typeName":"","color":"#FF0097A7","code":"_app_bar.setBackgroundColor(%2$s);\n/*%1$s*/"},{"name":"come back action bar","palette":"87","spec":"%m.intent come back action bar original !","typeName":"","type":" ","code":"_app_bar.removeView(%1$sCV_t);\n_app_bar.addView(_toolbar);","color":"#FF0097A7"}]