[{"name":"CREATED BY ARAB WARE CHANNEL","palette":"103","spec":"CREATED BY ARAB WARE CHANNEL","typeName":"","type":"h","code":"","color":"#FFD32F2F"},{"name":"setMinDate","palette":"103","spec":"%m.datepicker set min date using %m.calendar \u003d %d %d %d ","type":" ","typeName":"","color":"#FFD32F2F","code":"%2$s \u003d Calendar.getInstance(); \n%2$s.set((int) %3$s,(int) %4$s,(int) %5$s); \n%1$s.setMinDate(%2$s.getTimeInMillis());"},{"name":"setMaxDate","palette":"103","spec":"%m.datepicker set max date using %m.calendar \u003d %d %d %d ","type":" ","typeName":"","color":"#FFD32F2F","code":"%2$s \u003d Calendar.getInstance(); \n%2$s.set((int) %3$s,(int) %4$s,(int) %5$s); \n%1$s.setMaxDate(%2$s.getTimeInMillis());"},{"name":"setMinDateAsCurrentDeviceDate","palette":"103","spec":"%m.datepicker set min date as current device date","type":" ","typeName":"","color":"#FFD32F2F","code":"%1$s.setMinDate(Calendar.getInstance().getTimeInMillis());"},{"name":"setMaxDateAsCurrentDeviceTime","palette":"103","spec":"%m.datepicker set max date as current device date","typeName":"","type":" ","code":"%1$s.setMaxDate(Calendar.getInstance().getTimeInMillis());","color":"#FFD32F2F"},{"name":"set current date","palette":"103","spec":"%m.datepicker set current date %d %d %d","type":" ","typeName":"","color":"#FFD32F2F","code":"%1$s.updateDate((int) %2$s,(int) %3$s,(int) %4$s);"}]