[{"name":"by....","palette":"22","spec":"BY ARAB WARE CHANNEL","typeName":"","type":"h","code":"","color":"#FF1976D2"},{"name":"setWindowProperties","palette":"22","spec":"set application properties %m.design","typeName":"","type":" ","code":"getWindow().getDecorView().setSystemUiVisibility(%1$s);","color":"#FF1976D2"},{"name":"design","palette":"22","spec":"%m.design and %m.design","typeName":"design","type":"v","code":"%1$s | %2$s","color":"#FF1976D2"},{"name":"hide navigation bar","palette":"22","spec":"hide navigation bar","typeName":"design","type":"v","code":"View.SYSTEM_UI_FLAG_HIDE_NAVIGATION | View.SYSTEM_UI_FLAG_IMMERSIVE_STICKY","color":"#FF1976D2"},{"name":"show navigation bar","palette":"22","spec":"show navigation bar","type":"v","typeName":"design","color":"#FF1976D2","code":"View.SYSTEM_UI_FLAG_SHOW_NAVIGATION"},{"name":"light status bar","palette":"22","spec":"light status bar","type":"v","typeName":"design","color":"#FF1976D2","code":"View.SYSTEM_UI_FLAG_LIGHT_STATUS_BAR"},{"name":"FAB SHOW","palette":"22","spec":"Show FAB","typeName":"","type":" ","code":"_fab.setVisibility(View.VISIBLE);","color":"#FF1976D2"},{"name":"FAB HIDE","palette":"22","spec":"HIDE FAB","type":" ","typeName":"","color":"#FF1976D2","code":"_fab.setVisibility(View.GONE);"},{"name":"Bars Hide","palette":"22","spec":"Make Navigation and status bar transparent","type":" ","typeName":"","color":"#FF1976D2","code":"if (Build.VERSION.SDK_INT \u003e\u003d Build.VERSION_CODES.KITKAT) { Window w \u003d getWindow();  w.setFlags(WindowManager.LayoutParams.FLAG_LAYOUT_NO_LIMITS, WindowManager.LayoutParams.FLAG_LAYOUT_NO_LIMITS); };"}]