[{"code":"","color":"#FFD81B60","name":"Added \u0026 Created","typeName":"","palette":"18","type":"h","spec":"Added \u0026 Created By Arab Ware Channel"},{"code":"_fab.setVisibility(View.VISIBLE);","color":"#FFD81B60","name":"FAB SHOW","typeName":"","palette":"18","type":" ","spec":"Show FAB"},{"code":"_fab.setVisibility(View.GONE);","color":"#FFD81B60","name":"FAB HIDE","typeName":"","palette":"18","type":" ","spec":"HIDE FAB"},{"code":"if (Build.VERSION.SDK_INT \u003e\u003d Build.VERSION_CODES.KITKAT) { Window w \u003d getWindow();  w.setFlags(WindowManager.LayoutParams.FLAG_LAYOUT_NO_LIMITS, WindowManager.LayoutParams.FLAG_LAYOUT_NO_LIMITS); };","color":"#FFD81B60","name":"Bars Hide","typeName":"","palette":"18","type":" ","spec":"Make Navigation and status bar transparent"},{"code":"getWindow().getDecorView()\n  .setSystemUiVisibility(\n    View.SYSTEM_UI_FLAG_HIDE_NAVIGATION | View.SYSTEM_UI_FLAG_IMMERSIVE_STICKY\n  );","color":"#FFD81B60","name":"Hide Navigation Bar","typeName":"","palette":"18","type":" ","spec":"Hide Navigation Bar"},{"code":"","color":"#FFD81B60","name":"made by Rayan Mark ","typeName":"","palette":"18","type":"h","spec":"Made By Rayan Mark"}]