[{"code":"BatteryManager bm \u003d (BatteryManager)getSystemService(BATTERY_SERVICE);\nint batLevel \u003d bm.getIntProperty(BatteryManager.BATTERY_PROPERTY_CAPACITY);\n%s.setText(Integer.toString(batLevel));","color":"#8D9700","name":"Battery level","typeName":"","palette":"67","type":" ","spec":"🔋 Battery  level in %m.textview"},{"code":"//Copied From Universal SketchCode Premium(6.1).\n//onCreate\nIntentFilter iFilter \u003d new IntentFilter(Intent.ACTION_BATTERY_CHANGED);\ngetApplicationContext().registerReceiver(mBroadcastReceiver,iFilter);\n\n\n\nprivate BroadcastReceiver mBroadcastReceiver \u003d new BroadcastReceiver() {\n@Override\npublic void onReceive(Context context, Intent intent) {\nToast.makeText(getApplicationContext(), \"Received\", Toast.LENGTH_SHORT).show();\nint health \u003d intent.getIntExtra(BatteryManager.EXTRA_HEALTH,0);\nString healthString \u003d \"\";\n// Determine the battery health from return integer value\nif(health \u003d\u003d BatteryManager.BATTERY_HEALTH_COLD){\n   healthString \u003d \"COLD\";\n}else if (health \u003d\u003d BatteryManager.BATTERY_HEALTH_DEAD){\n   healthString \u003d \"DEAD\";\n}else if (health \u003d\u003d BatteryManager.BATTERY_HEALTH_GOOD){\n   healthString \u003d \"GOOD\";\n}else if (health \u003d\u003d BatteryManager.BATTERY_HEALTH_OVERHEAT){\n   healthString \u003d \"OVER HEAT\";\n}else if (health \u003d\u003d BatteryManager.BATTERY_HEALTH_OVER_VOLTAGE){\n   healthString \u003d \"OVER VOLTAGE\";\n}else if(health \u003d\u003d BatteryManager.BATTERY_HEALTH_UNKNOWN){\n   healthString \u003d \"UNKNOWN\";\n}else if(health \u003d\u003d BatteryManager.BATTERY_HEALTH_UNSPECIFIED_FAILURE){\n   healthString \u003d \"UNSPECIFIED FAILURE\";\n}\n%s.setText(healthString);\n}\n};","color":"#8D9700","name":"battery health","typeName":"","palette":"67","type":" ","spec":"%m.textview show 🔋 Battery health"},{"code":"%s.setTextIsSelectable(%s);","color":"#FF5722","name":"text select","typeName":"","palette":"67","type":" ","spec":"%m.textview set selectable %b"},{"code":"%s.setAllCaps(%s);","color":"#FF5722","name":"all caps","typeName":"","palette":"67","type":" ","spec":"first word cap in %m.textview is %b"},{"code":"android.text.util.Linkify.addLinks(%1$s, android.text.util.Linkify.ALL);\n%1$s.setLinkTextColor(Color.parseColor(\"%2$s\"));\n%1$s.setLinksClickable(%3$s);","color":"#FF5722","name":"linkify","typeName":"","palette":"67","type":" ","spec":"linkify %m.textview link color %s.inputOnly link click %b "},{"code":"ClipboardManager clipboard \u003d (ClipboardManager) getSystemService(CLIPBOARD_SERVICE); \n%s.setText(clipboard.getText());","color":"#FF5722","name":"clipboard edittext","typeName":"","palette":"67","type":" ","spec":"%m.textview get clipboard"},{"code":"%s.setTextSize((float)%s);","color":"#FF5722","name":"text size","typeName":"","palette":"67","type":" ","spec":"%m.textview size %d"},{"code":"%s.setText(Html.fromHtml(%s));","color":"#FF5722","name":"set html","typeName":"","palette":"67","type":" ","spec":"%m.textview set html %s"},{"code":"%s.setHint(%s);","color":"#FF5722","name":"hint","typeName":"","palette":"67","type":" ","spec":"%m.edittext set hint %s"},{"code":"%s.setError(%s);","color":"#FF5722","name":"error","typeName":"","palette":"67","type":" ","spec":"%m.edittext set error %s"},{"code":"%s.setCompoundDrawablesWithIntrinsicBounds(R.drawable.%s, 0, 0, 0);","color":"#FF5722","name":"edittext icon","typeName":"","palette":"67","type":" ","spec":"%m.edittext set icon %m.resource"},{"code":"android.hardware.camera2.CameraManager cameraManager \u003d (android.hardware.camera2.CameraManager) getSystemService(Context.CAMERA_SERVICE);\ntry {\nString cameraId \u003d cameraManager.getCameraIdList()[0]; cameraManager.setTorchMode(cameraId, true); } catch (android.hardware.camera2.CameraAccessException e) { }","color":"#000000","name":"flash on ","typeName":"","palette":"67","type":" ","spec":"flash on"},{"code":"android.hardware.camera2.CameraManager cameraManager \u003d (android.hardware.camera2.CameraManager) getSystemService(Context.CAMERA_SERVICE);\ntry {\nString cameraId \u003d cameraManager.getCameraIdList()[0]; cameraManager.setTorchMode(cameraId, false); } catch (android.hardware.camera2.CameraAccessException e) { }","color":"#000000","name":"flash off","typeName":"","palette":"67","type":" ","spec":"flash off"},{"code":"%1$s.setText(Build.VERSION.RELEASE);","color":"#FFC140","name":"version","typeName":"","palette":"67","type":" ","spec":"version %m.textview"},{"code":"%1$s.setText(Build.MANUFACTURER.concat(\" \".concat(Build.MODEL)));","color":"#FFC140","name":"model","typeName":"","palette":"67","type":" ","spec":"Model %m.textview"},{"code":"%1$s.setText(Build.TAGS);","color":"#FFC140","name":"build tags","typeName":"","palette":"67","type":" ","spec":"build tags %m.textview"},{"code":"%1$s.setText(Build.VERSION.RELEASE);","color":"#FFC140","name":"version","typeName":"","palette":"67","type":" ","spec":"version %m.textview"}]