[{"code":"%s \u003d new AlertDialog.Builder(this,AlertDialog.THEME_TRADITIONAL);","color":"#9E9E9E","name":"Gingerbread theme","typeName":"","palette":"66","type":" ","spec":"Gingerbread theme  %m.dialog"},{"code":"%s \u003d new AlertDialog.Builder(this,AlertDialog.THEME_HOLO_DARK);","color":"#9E9E9E","name":"Holo Dark","typeName":"","palette":"66","type":" ","spec":"Holo dark theme %m.dialog "},{"code":"%s \u003d new AlertDialog.Builder(this,AlertDialog.THEME_HOLO_LIGHT);","color":"#9E9E9E","name":"Holo Light","typeName":"","palette":"66","type":" ","spec":"Holo light theme %m.dialog "},{"code":"setTheme(android.R.style.Theme_Material);","color":"#9E9E9E","name":"Material dark","typeName":"","palette":"66","type":" ","spec":"Material dark theme"},{"code":"setTheme(android.R.style.Theme_Material_Light);","color":"#9E9E9E","name":"Material light","typeName":"","palette":"66","type":" ","spec":"Material light theme"},{"code":"%s \u003d new AlertDialog.Builder(this,AlertDialog.THEME_DEVICE_DEFAULT_DARK);","color":"#9E9E9E","name":"Dark theme","typeName":"","palette":"66","type":" ","spec":"Dark theme %m.dialog"},{"code":"%s \u003d new AlertDialog.Builder(this,AlertDialog.THEME_DEVICE_DEFAULT_LIGHT);","color":"#9E9E9E","name":"light theme","typeName":"","palette":"66","type":" ","spec":"Light theme %m.dialog"},{"code":"","color":"#73FEFF","name":"info : ritesh jataian","typeName":"","palette":"66","type":"f","spec":"info: use these codes in oncreate "}]