[{"name":"Added By Jawad al kharrati","palette":"46","spec":"Added By Arabic Ware Team By Jawad Al Kharrati","type":"h","typeName":"","color":"#FF8E24AA","code":""},{"name":"Dialog Icon image","palette":"46","spec":"add icon %m.resource to %m.dialog","type":" ","typeName":"","color":"#FF8E24AA","code":"%2$s.setIcon(R.drawable.%1$s);"},{"name":"Dialog View","palette":"46","spec":"add %m.view into %m.dialog","type":" ","typeName":"","color":"#FF8E24AA","code":"%2$s.setView(%1$s);"},{"name":"Cancelable","palette":"46","spec":"set %m.dialog cancelable as %b","typeName":"","type":" ","code":"%s.setCancelable(%s);","color":"#FF8E24AA"},{"name":"Dialog close","palette":"46","spec":"Close %m.dialog","typeName":"","type":" ","code":"%1$s.dismiss();","color":"#FF8E24AA"},{"name":"Dialog Theme 1","palette":"46","spec":"%m.dialog set theme ( Beautiful Dark Mode )","typeName":"","type":" ","code":"%1$s \u003d new AlertDialog.Builder(this,AlertDialog.THEME_TRADITIONAL);","color":"#FF8E24AA"},{"name":"Dialog Theme 2","palette":"46","spec":"%m.dialog set theme ( Holo Dark )","typeName":"","type":" ","code":"%1$s \u003d new AlertDialog.Builder(this,AlertDialog.THEME_DEVICE_DEFAULT_DARK);","color":"#FF8E24AA"},{"name":"Dialog Theme 3","palette":"46","spec":"%m.dialog set theme ( Holo Light )","typeName":"","type":" ","code":"%1$s \u003d new AlertDialog.Builder(this,AlertDialog.THEME_HOLO_LIGHT);","color":"#FF8E24AA"},{"name":"Dialog Theme 4","palette":"46","spec":"%m.dialog set theme ( Default Dark )","type":" ","typeName":"","color":"#FF8E24AA","code":"%1$s \u003d new AlertDialog.Builder(this,AlertDialog.THEME_DEVICE_DEFAULT_DARK);"},{"name":"Dialog Theme 5","palette":"46","spec":"%m.dialog set theme ( Default Light )","typeName":"","type":" ","code":"%1$s \u003d new AlertDialog.Builder(this,AlertDialog.THEME_DEVICE_DEFAULT_LIGHT);","color":"#FF8E24AA"}]