[{"name":"by...?","palette":"77","spec":"BY ARAB WARE CHANNEL","typeName":"","type":"h","code":"","color":"#FF2962FF"},{"name":"MoreBlock.","palette":"77","spec":"%m.activity dialog fragment | put me at more block |","type":" ","typeName":"","color":"#FF2962FF","code":"}\nprivate %1$s %1$sN;\nprivate FragmentManager %1$sFM;\npublic void test_%1$s () {"},{"name":"show dialog","palette":"77","spec":"create new dialog fragment %m.activity  ","type":" ","typeName":"","code":"%1$sN \u003d new %1$s();\r\n%1$sN.show(getFragmentManager(),\"1\");","color":"#FF2962FF"},{"name":"set dialog fragment color","palette":"77","spec":"put me at dialog fragment logic | set dialog color %m.color","type":" ","typeName":"","code":"if (getDialog() !\u003d null) { \r\nint width \u003d ViewGroup.LayoutParams.MATCH_PARENT;\r\nint height \u003d ViewGroup.LayoutParams.MATCH_PARENT; \r\n getDialog().getWindow().setLayout(width, height);\ngetDialog().getWindow().addFlags(WindowManager.LayoutParams.FLAG_TRANSLUCENT_STATUS);getDialog().getWindow().setBackgroundDrawable(new ColorDrawable(%1$s));\n}","color":"#FF2962FF"},{"name":"setDialogFragmentWidthAndHieght","palette":"77","spec":"PUT ME AT YOUR DIALOG FRAGMENT LOGIC | SET WIDTH %d SET HIEGHT %d","type":" ","typeName":"","color":"#FF2962FF","code":"getDialog().getWindow().setLayout(%1$s, %2$s);"}]