[{"name":"created by arab ware channel.","palette":"41","spec":"created by arab ware channel","typeName":"","type":"h","code":"","color":"#FF9CCC65"},{"name":"createDownloader","palette":"41","spec":"create Downloader %m.intent in %m.activity in path %s","type":" ","typeName":"","color":"#FF9CCC65","code":"final WebView %1$sweb \u003d new WebView(%2$s.this);\nfinal String %1$sStr \u003d %3$s;\n%1$sweb.setDownloadListener(new DownloadListener() {\npublic void onDownloadStart(String url, String userAgent, String contentDisposition, String mimetype, long contentLength) {\nDownloadManager.Request request \u003d new DownloadManager.Request(Uri.parse(url));\nString cookies \u003d CookieManager.getInstance().getCookie(url);\nrequest.addRequestHeader(\"cookie\", cookies);\nrequest.addRequestHeader(\"User-Agent\", userAgent);\nrequest.setDescription(\"Downloading file...\");\nrequest.setTitle(URLUtil.guessFileName(url, contentDisposition, mimetype));\nrequest.allowScanningByMediaScanner(); request.setNotificationVisibility(DownloadManager.Request.VISIBILITY_VISIBLE_NOTIFY_COMPLETED);\njava.io.File aatv \u003d new java.io.File(Environment.getExternalStorageDirectory().getPath() + \"/\" + %1$sStr);\nif(!aatv.exists()){if (!aatv.mkdirs()){ Log.e(\"TravellerLog ::\",\"Problem creating Image folder\");}} request.setDestinationInExternalPublicDir(\"/\" + %1$sStr, URLUtil.guessFileName(url, contentDisposition, mimetype));\nDownloadManager manager \u003d (DownloadManager) getSystemService(Context.DOWNLOAD_SERVICE);\nmanager.enqueue(request);\nshowMessage(\"Downloading File....\");\n//Notif if success\nBroadcastReceiver onComplete \u003d new BroadcastReceiver() {\npublic void onReceive(Context ctxt, Intent intent) {\nshowMessage(\"Download Complete!\");\nunregisterReceiver(this);\n}};\nregisterReceiver(onComplete, new IntentFilter(DownloadManager.ACTION_DOWNLOAD_COMPLETE));\n}\n});"},{"name":"start Downloader","palette":"41","spec":"%m.intent start downloader with link %s","typeName":"","type":" ","code":"%1$sweb.loadUrl(%2$s);\r","color":"#FF9CCC65"}]