[{"name":"more block.....","palette":"225","spec":"%m.intent put me at more block |ضعني في مور بلوك","type":" ","typeName":"","color":"#FF2962FF","code":"}\npublic ir.siaray.downloadmanagerplus.classes.Downloader %1$sD;\npublic int %1$sN1,%1$sN2,%1$sN3;\n{"},{"spec2":"OnDownloadCompleted","typeName":"","color":"#FF2962FF","name":"new Downloader","palette":"225","spec":"%m.intent  set url %s set save path (without storage main path ) %s set file name %s set notification title %s set notification description %s set notification shown %b OnDownloadRun","type":"e","code":"\n%1$sD \u003d ir.siaray.downloadmanagerplus.classes.Downloader.getInstance(getApplicationContext())\n .setUrl(%2$s)\n .setListener(new ir.siaray.downloadmanagerplus.interfaces.DownloadListener() {\n            @Override\n            public void onComplete(int totalBytes) {\n               %9$s\n            }\n            \n            @Override\n            public void onRunning(int percent, int totalBytes, int downloadedBytes, float downloadSpeed) {\n%1$sN1 \u003d totalBytes;\n%1$sN2 \u003d downloadedBytes;\n%1$sN3 \u003d (int) downloadSpeed;\n%8$s\n            }\n\n@Override\n            public void onPause(int percent, ir.siaray.downloadmanagerplus.enums.DownloadReason reason, int totalBytes, int downloadedBytes) {\n               \n            }\n            @Override\n            public void onPending(int percent, int totalBytes, int downloadedBytes) {\n                \n            }\n            @Override\n            public void onFail(int percent, ir.siaray.downloadmanagerplus.enums.DownloadReason reason, int totalBytes, int downloadedBytes) {\n                 \n            }\n            @Override\n            public void onCancel(int totalBytes, int downloadedBytes) {\n                \n            }\n\n        })\n .setToken(%2$s)\n .setAllowedOverRoaming(true)\n .setAllowedOverMetered(true) //Api 16 and higher\n .setVisibleInDownloadsUi(true)\n .setDestinationDir(%3$s, %4$s)\n .setNotificationTitle(%5$s)\n .setDescription(%6$s);\nif(!%7$s) {\n%1$sD.setNotificationVisibility(DownloadManager.Request.VISIBILITY_HIDDEN);\n}"},{"name":"for android 11","palette":"225","spec":"for android 11 لاندرويد اصدار احد عشر","typeName":"","type":"h","code":"","color":"#FF2962FF"},{"spec2":"OnDownloadCompleted","typeName":"","color":"#FF2962FF","name":"new Downloader_copy58","palette":"225","spec":"%m.intent  set url %s set save path (without storage main path ) %s set file name %s set notification title %s set notification description %s set notification shown %b OnDownloadRun","type":"e","code":"\n%1$sD \u003d ir.siaray.downloadmanagerplus.classes.Downloader.getInstance(getApplicationContext())\n .setUrl(%2$s)\n .setListener(new ir.siaray.downloadmanagerplus.interfaces.DownloadListener() {\n            @Override\n            public void onComplete(int totalBytes) {\n               %9$s\n            }\n            \n            @Override\n            public void onRunning(int percent, int totalBytes, int downloadedBytes, float downloadSpeed) {\n%1$sN1 \u003d totalBytes;\n%1$sN2 \u003d downloadedBytes;\n%1$sN3 \u003d (int) downloadSpeed;\n%8$s\n            }\n\n@Override\n            public void onPause(int percent, ir.siaray.downloadmanagerplus.enums.DownloadReason reason, int totalBytes, int downloadedBytes) {\n               \n            }\n            @Override\n            public void onPending(int percent, int totalBytes, int downloadedBytes) {\n                \n            }\n            @Override\n            public void onFail(int percent, ir.siaray.downloadmanagerplus.enums.DownloadReason reason, int totalBytes, int downloadedBytes) {\n                 \n            }\n            @Override\n            public void onCancel(int totalBytes, int downloadedBytes) {\n                \n            }\n\n        })\n .setToken(%2$s)\n .setAllowedOverRoaming(true)\n .setAllowedOverMetered(true) //Api 16 and higher\n .setVisibleInDownloadsUi(true)\n .setDestinationDir(Environment.DIRECTORY_DOWNLOADS, %4$s)\n .setNotificationTitle(%5$s)\n .setDescription(%6$s);\nif(!%7$s) {\n%1$sD.setNotificationVisibility(DownloadManager.Request.VISIBILITY_HIDDEN);\n}"},{"name":"start ....","palette":"225","spec":"%m.intent start","type":" ","typeName":"","color":"#FF2962FF","code":"%1$sD.start();"},{"name":"pause....","palette":"225","spec":"%m.intent pause","typeName":"","type":" ","code":"%1$sD.pause();","color":"#FF2962FF"},{"name":"resume ....","palette":"225","spec":"%m.intent resume","type":" ","typeName":"","color":"#FF2962FF","code":"%1$sD.resume();"},{"name":"getTotalBytes","palette":"225","spec":"%m.intent get total bytes","type":"d","typeName":"","color":"#FF2962FF","code":"%1$sN1"},{"name":"getCurrentBytes","palette":"225","spec":"%m.intent get current bytes","typeName":"","type":"d","code":"%1$sN2","color":"#FF2962FF"},{"name":"get download speed","palette":"225","spec":"%m.intent get download speed","type":"d","typeName":"","color":"#FF2962FF","code":"%1$sN3"}]