[{"name":"created by arab ware channel.......","palette":"61","spec":"created by arab ware channel","type":"h","typeName":"","color":"#FF000000","code":""},{"name":"create new custom dialog","palette":"61","spec":"%m.CustomDialog create new drawer dialog in %m.activity","typeName":"","type":" ","code":"final LinearLayout _nav_view \u003d (LinearLayout) findViewById(R.id._nav_view);\r\n_coordinator.removeView(_app_bar);\n_drawer.removeView(_nav_view);\n%1$s \u003d new AlertDialog.Builder(%2$s.this).create();\n%1$s.setView(_nav_view);\n%1$s.getWindow().setBackgroundDrawable(new ColorDrawable(Color.TRANSPARENT));","color":"#FF000000"},{"name":"show..","palette":"61","spec":"%m.CustomDialog show","type":" ","typeName":"","color":"#FF000000","code":"%1$s.show();"},{"name":"dismiss ....","palette":"61","spec":"%m.CustomDialog dimiss","typeName":"","type":" ","code":"%1$s.dimiss();","color":"#FF000000"}]