[{"name":"created","palette":"33","spec":"created by arab ware channel","typeName":"","type":"h","code":"","color":"#FFE53935"},{"name":"createAnimation","palette":"33","spec":"%m.view create drop animation with image %m.resource and images %m.animation","type":" ","typeName":"","color":"#FFE53935","code":"final DropAnimationView %1$sD \u003d (DropAnimationView) findViewById(R.id.%1$s); \n%1$sD.setDrawables(R.drawable.%2$s,%3$s);"},{"name":"animation1","palette":"33","spec":"%m.resource","type":"v","typeName":"animation","color":"#FFE53935","code":"\nR.drawable.%1$s"},{"name":"animation","palette":"33","spec":"%m.animation and %m.animation","typeName":"animation","type":"v","code":"%1$s,%2$s","color":"#FFE53935"},{"name":"startAnimation","palette":"33","spec":"%m.view start animation","typeName":"","type":" ","code":"%1$s.startAnimation();","color":"#FFE53935"}]