[{"code":"FloatingViewManager mFloatingViewManager \u003d new FloatingViewManager(%1$s.this, null);","name":"float view create","palette":"80","type":" ","spec":"FloatViewCreate On%m.activity"},{"code":"final FloatingViewManager.Options options \u003d new FloatingViewManager.Options();\n\t\toptions.overMargin \u003d(int) %2$s;\nfinal ImageView iconView \u003d new ImageView(%1$s.this);\niconView.setScaleType(android.widget.ImageView.ScaleType.FIT_CENTER);","name":"Create Folating Logo","palette":"80","type":" ","spec":"%m.activity Create Floating Icon Margin%d"},{"code":"Glide.with(getApplicationContext()).load(Uri.parse(%s)).into(iconView);","name":"SetFloatingIcon","palette":"80","type":" ","spec":"set Icon From Url%s"},{"code":"iconView","name":"iconView","typeName":"imageview","palette":"80","type":"v","spec":"Floating ImageView"},{"code":"iconView.setImageResource(R.drawable.%s);","name":"floating icon 1","palette":"80","type":" ","spec":"setIcon1%m.resource"},{"code":"mFloatingViewManager.setFixedTrashIconImage(R.drawable.%s);","name":"set Delete Icon","palette":"80","type":" ","spec":"setFixedTrashIconImage %m.resource "},{"code":"mFloatingViewManager.setActionTrashIconImage(R.drawable.%s);","name":"setAction Delete IconImage","palette":"80","type":" ","spec":"setAction Delete IconImage %m.resource"},{"code":"mFloatingViewManager.addViewToWindow(iconView, options);\niconView.setLayoutParams(new android.widget.ImageSwitcher.LayoutParams( %1$s, %1$s));","name":"Float Build","palette":"80","type":" ","spec":"Build and setIconSize %d"}]