[{"code":"%1$s.startLoading();","color":"#FF1976D2","name":"Start Loading","typeName":"","palette":"116","type":" ","spec":"%m.view start loading"},{"code":"%1$s.loadingSuccessful();","color":"#FF1976D2","name":"loading successful","typeName":"","palette":"116","type":" ","spec":"%m.view loading successful"},{"code":"%1$s.loadingFailed();","color":"#FF1976D2","name":"loading failded","typeName":"","palette":"116","type":" ","spec":"%m.view loading failed"},{"code":"%1$s.cancelLoading();","color":"#FF1976D2","name":"cancel loading","typeName":"","palette":"116","type":" ","spec":"%m.view Cancel Loading"},{"code":"%1$s.reset();","color":"#FF1976D2","name":"loading reset","typeName":"","palette":"116","type":" ","spec":"%m.view loading reset"},{"code":"%1$s.setEnable(%2$s);","color":"#FF1976D2","name":"loading enable","typeName":"","palette":"116","type":" ","spec":"%m.view loading enable %b"},{"code":"%1$s.setCornerRadius(%$2s);","color":"#FF1976D2","name":"loading radius","typeName":"","palette":"116","type":" ","spec":"%m.view loading radius %d"}]