[{"code":"%1s.startLoading();","color":"#FFF44336","name":"LoadingButton startLoading","typeName":"","palette":"92","type":" ","spec":"%m.view   startLoading"},{"code":"%1s.loadingSuccessful();","color":"#FFF44336","name":"LoadingButton loadingSuccessful","typeName":"","palette":"92","type":" ","spec":"%m.view   loadingSuccessfull"},{"code":"%1s.loadingFailed();","color":"#FFF44336","name":"LoadingButton loadingFailed","typeName":"","palette":"92","type":" ","spec":"%m.view   loadingFailed"},{"code":"%1s.cancelLoading();","color":"#FFF44336","name":"LoadingButton cancelLoading","typeName":"","palette":"92","type":" ","spec":"%m.view   cancelLoading"},{"code":"%1s.reset();","color":"#FFF44336","name":"LoadingButton reset","typeName":"","palette":"92","type":" ","spec":"%m.view  reset"},{"code":"%1s.setEnable(%2s);","color":"#FFF44336","name":"LoadingButton setEnable","typeName":"","palette":"92","type":" ","spec":"%m.view setEnable %b"},{"code":"%1s.setCornerRadius(%2sf);","color":"#FFF44336","name":"LoadingButton setCornerRadius","typeName":"","palette":"92","type":" ","spec":"%m.view     setCornerRadius %d  "}]