[{"code":"%s \u003d FirebaseDynamicLinks.getInstance().createDynamicLink().setDomainUriPrefix(%s).setAndroidParameters(new DynamicLink.AndroidParameters.Builder().setMinimumVersion(%s).build()).setLink(Uri.parse(%s)).buildDynamicLink();","color":"#FF00B0FF","name":"FirebaseDynamicLink createDynamicLink","typeName":"","palette":"10","type":" ","spec":"%m.dynamiclink createLink Domain %s MinVer %d Link %s"},{"code":"%s.getUri().toString()","color":"#FF00B0FF","name":"FirebaseDynamicLink getLink","typeName":"","palette":"10","type":"s","spec":"%m.dynamiclink getLink"},{"code":"FirebaseDynamicLinks.getInstance().getDynamicLink(%2$s.this.getIntent()).addOnSuccessListener(%2$s.this, %1$s_onSuccessLink).addOnFailureListener(%2$s.this, %1$s_onFailureLink);","color":"#FF00B0FF","name":"FirebaseDynamicLink getDynamicLink","typeName":"","palette":"10","type":" ","spec":"%m.dynamiclink getDynamicLink On %m.activity"},{"code":"","name":"FirebaseDynamicLink setDataHost","palette":"10","type":" ","spec":"setDataHost Url %s Scheme %s"},{"code":"// manuall link\n        String manuallink  \u003d \"https://indosw.com/jcoderz.php?id\u003d\"+ %1$s +\n                \"\u0026apn\u003d\"+ getPackageName()+\n                \"\u0026st\u003d\"+ %2$s +\n                \"\u0026sd\u003d\"+ %3$s +\n                \"\u0026si\u003d\"+ \"https://firebasestorage.googleapis.com/v0/b/exis62.appspot.com/o/newlogoswrevo.png?alt\u003dmedia\u0026token\u003d19556173-e4ae-487f-b3dc-ef439548c36c\";","name":"GenerateManualDynamicLink","palette":"10","type":" ","spec":"GenerateManualDynamicLink keyID %s Title %s Description %s"},{"code":"%1$s \u003d FirebaseDynamicLinks.getInstance().createDynamicLink()\n                .setLink(Uri.parse(%3$s))\n                .setDomainUriPrefix(%2$s)\n                // Open links with this id.swrevo.app on Android\n                .setAndroidParameters(new DynamicLink.AndroidParameters.Builder().build())\n                // Open links with com.example.ios on iOS\n                //.setIosParameters(new DynamicLink.IosParameters.Builder(\"com.example.ios\").build())\n                .buildDynamicLink();","color":"#FF00B0FF","name":"DynamicLinkFromManual","typeName":"","palette":"10","type":" ","spec":"%m.dynamiclink HostDomain %s ManualLink %s"},{"code":"manuallink","name":"ManualLink","typeName":"String","palette":"10","type":"v","spec":"ManualLink"},{"code":"Glide.with(getApplicationContext()).load(Uri.parse(\"https://api.qrserver.com/v1/create-qr-code/?data\u003d\".concat(%1$s))).into(%2$s);","name":"LinkToQRBarcode","palette":"10","type":" ","spec":"Convert Link %s toQRBarcode setToImage %m.imageview"},{"code":"Intent intentDynLink \u003d new Intent();\nintentDynLink.setAction(Intent.ACTION_SEND);\nintentDynLink.putExtra(Intent.EXTRA_TEXT,  %1$s);\nintentDynLink.setType(\"text/plain\");\nstartActivity(intentDynLink);","name":"ShareLink","palette":"10","type":" ","spec":"%s Share"},{"code":"%1$s \u003d FirebaseDynamicLinks.getInstance().createDynamicLink()\n        .setLink(Uri.parse(\"https://indosw.com/jcoderz.php?id\u003d\".concat(%4$s)))\n        .setDomainUriPrefix(%2$s)\n        .setAndroidParameters(\n                new DynamicLink.AndroidParameters.Builder(getPackageName())\n                        .setMinimumVersion(%3$s)\n                        .build())\n        .setSocialMetaTagParameters(\n                new DynamicLink.SocialMetaTagParameters.Builder()\n                        .setTitle(%5$s)\n                        .setDescription(%6$s)\n                        .build())\n        .buildDynamicLink();","color":"#FF00B0FF","name":"DynamicLinkWithMetaTag","typeName":"","palette":"10","type":" ","spec":"%m.dynamiclink UriPerfix %s MinVer %d CatchID %s Title %s Descript %s"},{"code":"Task\u003cShortDynamicLink\u003e shortLinkTask \u003d FirebaseDynamicLinks.getInstance().createDynamicLink()\n        .setLongLink(Uri.parse(%1$s))\n        .buildShortDynamicLink()\n        .addOnCompleteListener(%2$s.this, new OnCompleteListener\u003cShortDynamicLink\u003e() {\n            @Override\n            public void onComplete(@NonNull Task\u003cShortDynamicLink\u003e task) {\n                if (task.isSuccessful()) {\n                    // Short link created\n                    Uri shortLink \u003d task.getResult().getShortLink();\n                    Uri flowchartLink \u003d task.getResult().getPreviewLink();\n                    \n                    final String srtLink \u003d shortLink.toString();\n                    final String flwLink \u003d shortLink.toString();\n                    \n                    %3$s\n                    \n                    \n                    \n                    \n                } else {\n                    // Error\n                    \n                    \n                    %4$s\n                    \n                    \n                }\n            }\n        });","name":"ShortenLink","palette":"10","type":"e","spec":"Shorthen LongURL %s at %m.activity ifSuccess"},{"code":"srtLink","name":"srtLink","typeName":"String","palette":"10","type":"v","spec":"srtLink"},{"code":"flwLink","name":"flwLink","typeName":"String","palette":"10","type":"v","spec":"flwLink"},{"code":"Bitmap bmshare \u003d ((android.graphics.drawable.BitmapDrawable) %1$s.getDrawable()).getBitmap();\ntry {\njava.io.File fileBM \u003d new java.io.File(getExternalCacheDir() + \"/\"+%2$s+\".jpg\");\njava.io.OutputStream outFiles \u003d new java.io.FileOutputStream(fileBM);\nbmshare.compress(Bitmap.CompressFormat.JPEG, 100, outFiles);\noutFiles.flush();\noutFiles.close();\n} catch (Exception e) { showMessage(e.toString()); }\nIntent iten \u003d new Intent(android.content.Intent.ACTION_SEND);\niten.setType(\"*/*\");\niten.putExtra(Intent.EXTRA_TEXT,  %3$s);\niten.putExtra(Intent.EXTRA_STREAM, Uri.fromFile(new java.io.File(getExternalCacheDir() + \"/\"+%2$s+\".jpg\")));\nstartActivity(Intent.createChooser(iten, \"Share\"));","name":"ShareQRBarcode","palette":"10","type":" ","spec":"ShareQRBarcode %m.imageview asName %s DynamicLink %s"},{"code":"%1$s.substring((int)(%1$s.lastIndexOf(\"jcoderz.php?id\u003d\")), (int)(%1$s.length())).replace(\"jcoderz.php?id\u003d\", \"\");","name":"CatchCoreDynamicLinks","typeName":"String","palette":"10","type":"v","spec":"%s CatchCoreDynamicLinks"}]