[{"code":"%s \u003d FirebaseDynamicLinks.getInstance().createDynamicLink().setDomainUriPrefix(%s).setAndroidParameters(new DynamicLink.AndroidParameters.Builder().setMinimumVersion(%s).build()).setLink(Uri.parse(%s)).buildDynamicLink();","name":"FirebaseDynamicLink createDynamicLink","palette":"286","type":" ","spec":"%m.FirebaseDynamicLink createLink Domain %s MinVer %d Link %s"},{"code":"%s.getUri().toString()","name":"FirebaseDynamicLink getLink","palette":"286","type":"s","spec":"%m.FirebaseDynamicLink getLink"},{"code":"FirebaseDynamicLinks.getInstance().getDynamicLink(%2$s.this.getIntent()).addOnSuccessListener(%2$s.this, %1$s_onSuccessLink).addOnFailureListener(%2$s.this, %1$s_onFailureLink);","name":"FirebaseDynamicLink getDynamicLink","palette":"286","type":" ","spec":"%m.FirebaseDynamicLink getDynamicLink On %m.activity"},{"code":"","name":"FirebaseDynamicLink setDataHost","palette":"286","type":" ","spec":"setDataHost Url %s Scheme %s"}]