[{"code":"%1$s.setAction(Intent.ACTION_CALL);\r\n%1$s.setData(Uri.parse(\"tel:\".concat(\"%2$s%3$s%4$s\")));\r\nstartActivity(%1$s);","color":"#FF03A9F4","name":"Call","typeName":"","palette":"33","type":" ","spec":"Use %m.intent  to Call this number %d %d %d"},{"code":"%1$s.setAction(Intent.ACTION_VIEW);\r\n%1$s.setData(Uri.parse(%2$s));\r\nstartActivity(%1$s);","color":"#FF03A9F4","name":"View","typeName":"","palette":"33","type":" ","spec":"Use %m.intent to view url %s"},{"code":"%1$s.setClass(getApplicationContext(), %2$s.class);\r\nstartActivity(%1$s);","color":"#FF03A9F4","name":"Set Screen","typeName":"","palette":"33","type":" ","spec":"Use %m.intent To open %m.activity"},{"code":"%1$s \u003d %1$s + %2$s;","color":"#FF03A9F4","name":"Number Variable Increase","typeName":"","palette":"33","type":" ","spec":"Increase %m.varInt + %d"},{"code":"%1$s \u003d %1$s - %2$s;","color":"#FF03A9F4","name":"Number Variable Decrease","typeName":"","palette":"33","type":" ","spec":"Decrease %m.varInt - %d"},{"code":"%1$s.setText(%1$s.getText().toString().trim());","color":"#FF03A9F4","name":"LazyCrazyBusyEasy1","typeName":"","palette":"33","type":" ","spec":"Trim %m.textview"},{"code":"%1$s.setText(%1$s.getText().toString().toUpperCase());","color":"#FF03A9F4","name":"LazyCrazyBusyEasy2","typeName":"","palette":"33","type":" ","spec":"UpperCase text in %m.textview"},{"code":"%1$s.setText(%1$s.getText().toString().toLowerCase());","color":"#FF03A9F4","name":"LazyCrazyBusyEasy3","typeName":"","palette":"33","type":" ","spec":"LowerCase text in %m.textview"},{"code":"%s.setText(String.valueOf((long)(%s)));","color":"#FF03A9F4","name":"LazyCrazyBusyEasy4","typeName":"","palette":"33","type":" ","spec":"Set %m.textview as number without demical %d"},{"code":"%s.setText(String.valueOf(%s));","color":"#FF03A9F4","name":"LazyCrazyBusyEasy5","typeName":"","palette":"33","type":" ","spec":"Set %m.textview as number with demical %d"},{"code":"if ((%1$s \u003d\u003d %2$s) || (%1$s \u003e %2$s)) {\r\n\t\r%3$s\n}\r","color":"#FF03A9F4","name":"If Number","typeName":"","palette":"33","type":"c","spec":"if %d equals or more than %d"},{"code":"if ((%1$s \u003d\u003d %2$s) || (%1$s \u003e %2$s)) {\r\n\t\r%3$s\n}\r\nelse {\r\n\t\r%4$s\n}","color":"#FF03A9F4","typeName":"","name":"If Number else","palette":"33","type":"e","spec":"if %d equals or more than %d","spec2":"else"},{"code":"%1$s.put(\"%2$s\", \"%3$s\");","color":"#FF03A9F4","name":"number map variable","typeName":"","palette":"33","type":" ","spec":"%m.varMap set key %s.inputOnly set number %d "},{"code":"Double.parseDouble(%1$s.get(\"%2$s\").toString())","color":"#FF03A9F4","name":"get number map variable","typeName":"","palette":"33","type":"d","spec":"get %m.varMap with key %s.inputOnly "}]