[{"name":"by ..ArabWare","palette":"12","spec":"by arab ware channel","typeName":"","type":"h","code":"","color":"#FF689F38"},{"name":"setText ;)","palette":"12","spec":"%m.edittext setText %s","type":" ","typeName":"","color":"#FF689F38","code":"%1$s.setText(%2$s);"},{"name":"getText ;)","palette":"12","spec":"%m.edittext getText","typeName":"","type":"s","code":"%1$s.getText().toString()","color":"#FF689F38"},{"name":"setTextColor ;)","palette":"12","spec":"%m.edittext setTextColor %m.color","type":" ","typeName":"","color":"#FF689F38","code":"%1$s.setTextColor(%2$s);"},{"name":"setTextColor ;) 2","palette":"12","spec":"%m.edittext setTextColor %s","typeName":"","type":" ","code":"%1$s.setTextColor(Color.parseColor(%2$s));","color":"#FF689F38"},{"name":"setTextSize ;)","palette":"12","spec":"%m.edittext setTextSize %d","type":" ","typeName":"","color":"#FF689F38","code":"%1$s.setTextSize((float) %2$s);"},{"name":"getTextSize ;)","palette":"12","spec":"%m.edittext getTextSize","typeName":"","type":"d","code":"(int) %1$s.getTextSize()","color":"#FF689F38"},{"name":"setTextIsSelectable","palette":"12","spec":"%m.edittext setTextIsSelectable %b","type":" ","typeName":"","color":"#FF689F38","code":"%1$s.setTextIsSelectable(%2$s);"},{"name":"IsTextSelectable ? ;)","palette":"12","spec":"%m.edittext IsTextSelectable","typeName":"","type":"b","code":"%1$s.IsTextSelectable()","color":"#FF689F38"},{"name":"setTextScaleX ;)","palette":"12","spec":"%m.edittext setTextScaleX %d","type":" ","typeName":"","color":"#FF689F38","code":"%1$s.setTextScaleX((float) %2$s);"},{"name":"getTextScaleX","palette":"12","spec":"%m.edittext getTextScaleX","typeName":"","type":"d","code":"(int) %1$s.getTextScaleX()","color":"#FF689F38"},{"name":"setLetterSpacing ;)","palette":"12","spec":"%m.edittext setLetterSpacing %d","type":" ","typeName":"","color":"#FF689F38","code":"%1$s.setLetterSpacing((float) %2$s);"},{"name":"getLetterSpacing ;)","palette":"12","spec":"%m.edittext getLetterSpacing","typeName":"","type":"d","code":"(int) %1$s.getLetterSpacing()","color":"#FF689F38"},{"name":"setTooltipText ;)","palette":"12","spec":"%m.edittext setTooltipText %s","type":" ","typeName":"","color":"#FF689F38","code":"%1$s.setTooltipText(%2$s);"},{"name":"getTooltipText ;)","palette":"12","spec":"%m.edittext getTooltipText","typeName":"","type":"s","code":"%1$s.getTooltipText().toString()","color":"#FF689F38"},{"name":"setHint ;)","palette":"12","spec":"%m.edittext setHint %s","type":" ","typeName":"","color":"#FF689F38","code":"%1$s.setHint(%2$s);"},{"name":"getHint","palette":"12","spec":"%m.edittext getHint","typeName":"","type":"s","code":"%1$s.getHint().toString()","color":"#FF689F38"},{"name":"setHintTextColor ;)","palette":"12","spec":"%m.edittext setHintTextColor %m.color","type":" ","typeName":"","color":"#FF689F38","code":"%1$s.setHintTextColor(%2$s);"},{"name":"setHintTextColor ;) 2","palette":"12","spec":"%m.edittext setHintTextColor %s","typeName":"","type":" ","code":"%1$s.setHintTextColor(Color.parseColor(%2$s));","color":"#FF689F38"},{"name":"setAutofillHints ;)","palette":"12","spec":"%m.edittext setAutofillHints %s","type":" ","typeName":"","color":"#FF689F38","code":"%1$s.setAutofillHints(%2$s);"},{"name":"getAutofillHints","palette":"12","spec":"%m.edittext getAutofillHints","typeName":"","type":"s","code":"%1$s.getAutofillHints().toString()","color":"#FF689F38"},{"name":"setElegantTextHeight ;)","palette":"12","spec":"%m.edittext setElegantTextHeight %b","type":" ","typeName":"","color":"#FF689F38","code":"%1$s.setElegantTextHeight(%2$s);"},{"name":"isElegantTextHeight ;)","palette":"12","spec":"%m.edittext IsElegantTextHeight","typeName":"","type":"b","code":"%1$s.isElegantTextHeight()","color":"#FF689F38"},{"name":"setMaxLetters ;)","palette":"12","spec":"%m.edittext setMaxLengthOfLetters %d","type":" ","typeName":"","color":"#FF689F38","code":"%1$s.setFilters(new InputFilter[]{new InputFilter.LengthFilter((int) %2$s)});"},{"name":"setFocusable ;)","palette":"12","spec":"%m.edittext setFocusable %b","type":" ","typeName":"","color":"#FF689F38","code":"%1$s.setFocusable(%2$s);"},{"name":"isFocusable ;)","palette":"12","spec":"%m.edittext IsFocusable","typeName":"","type":"b","code":"%1$s.isFocusable()","color":"#FF689F38"},{"name":"setFreezesText ;)","palette":"12","spec":"%m.edittext setFreezesText %b","type":" ","typeName":"","color":"#FF689F38","code":"%1$s.setFreezesText(%2$s);"},{"name":"getFreezesText ;)","palette":"12","spec":"%m.edittext IsFreezesText","typeName":"","type":"b","code":"%1$s.getFreezesText()","color":"#FF689F38"},{"name":"setLinksClickable ;)","palette":"12","spec":"%m.edittext setLinksClickable %b","type":" ","typeName":"","color":"#FF689F38","code":"%1$s.setLinksClickable(%2$s);"},{"name":"getLinksClickable ;)","palette":"12","spec":"%m.edittext IsLinksClickable","type":"b","typeName":"","color":"#FF689F38","code":"%1$s.getLinksClickable()"},{"name":"setLinkTextColor ;)","palette":"12","spec":"%m.edittext setLinkTextColor %m.color","typeName":"","type":" ","code":"%1$s.setLinkTextColor(%2$s);","color":"#FF689F38"},{"name":"setLinkTextColor ;) 2","palette":"12","spec":"%m.edittext setLinkTextColor %s","type":" ","typeName":"","color":"#FF689F38","code":"%1$s.setLinkTextColor(Color.parseColor(%2$s));"},{"name":"setCursorVisible ;)","palette":"12","spec":"%m.edittext setCursorVisible %b","typeName":"","type":" ","code":"%1$s.setCursorVisible(%2$s);","color":"#FF689F38"},{"name":"isCursorVisible","palette":"12","spec":"%m.edittext IsCursorVisible","type":"b","typeName":"","color":"#FF689F38","code":"%1$s.isCursorVisible()"}]