[{"code":"","color":"#FF2196F3","name":"h1a","typeName":"","palette":"44","type":"h","spec":"created by ReeftonClude"},{"code":"%1$s.setOnEditorActionListener(new TextView.OnEditorActionListener() {\n@Override public boolean onEditorAction(TextView v, int actionId, KeyEvent event) { \nif(actionId \u003d\u003d %2$s){\n%3$s\n} \nreturn false;\n}\n});","color":"#FF2196F3","name":"setimeoption","typeName":"","palette":"44","type":"c","spec":"%m.edittext  set ime option %m.imeType"},{"code":"","color":"#FF2196F3","name":"component:imetype","typeName":"","palette":"44","type":"h","spec":"component: imeType"},{"code":"0","color":"#FF2196F3","name":"imetype:normal","typeName":"imeType","palette":"44","type":"v","spec":"NORMAL"},{"code":"1","color":"#FF2196F3","name":"imetype:none","typeName":"imeType","palette":"44","type":"v","spec":"NONE"},{"code":"2","color":"#FF2196F3","name":"imetype:go","typeName":"imeType","palette":"44","type":"v","spec":"GO"},{"code":"3","color":"#FF2196F3","name":"imetype:search","typeName":"imeType","palette":"44","type":"v","spec":"SEARCH"},{"code":"4","color":"#FF2196F3","name":"imetype:send","typeName":"imeType","palette":"44","type":"v","spec":"SEND"},{"code":"5","color":"#FF2196F3","name":"imetype:next","typeName":"imeType","palette":"44","type":"v","spec":"NEXT"},{"code":"6","color":"#FF2196F3","name":"imetype:done","typeName":"imeType","palette":"44","type":"v","spec":"DONE"}]