[{"code":"try {\n\r%s\n} catch(net.lingala.zip4j.exception.ZipException e) {\n\r%s\n}","color":"#FF00BCD4","typeName":"","name":"trymolang","palette":"59","type":"e","spec":"Try Zip4J","spec2":""},{"code":"zipFile.isEncrypted()","color":"#FF00BCD4","name":"isEncrypted","typeName":"","palette":"59","type":"b","spec":"is Encrypted"},{"code":"TextUtils.isEmpty(%1$s.getText().toString())","color":"#FF00BCD4","name":"ifempty","typeName":"","palette":"59","type":"b","spec":"%m.edittext isEmpty"},{"code":"net.lingala.zip4j.core.ZipFile zipFile \u003d new net.lingala.zip4j.core.ZipFile(%1$s);","color":"#FF00BCD4","name":"newZip","typeName":"","palette":"59","type":" ","spec":"Zip InPut Directory %s"},{"code":"zipFile.extractAll(%1$s);","color":"#FF00BCD4","name":"newZipp","typeName":"","palette":"59","type":" ","spec":"Zip OutPut Directory %s"},{"code":"zipFile.setPassword(%1$s);","color":"#FF00BCD4","name":"zipPass","typeName":"","palette":"59","type":" ","spec":"setPass %s"},{"code":"e","color":"#FF00BCD4","name":"ZipException","typeName":"","palette":"59","type":"s","spec":"Zip Exception"}]