[{"code":"SimpleExpandableListAdapter el_adapter; \nExpandableListView elv;\n\nfinal ArrayList\u003cHashMap\u003cString, String\u003e\u003e groupData \u003d new ArrayList\u003cHashMap\u003cString, String\u003e\u003e(); \t\t\n\nHashMap\u003cString, String\u003e currentGroupMap; \n\nfinal ArrayList\u003cArrayList\u003cHashMap\u003cString, String\u003e\u003e\u003e childrenData \u003d new ArrayList\u003cArrayList\u003cHashMap\u003cString, String\u003e\u003e\u003e();\n\nArrayList\u003cHashMap\u003cString, String\u003e\u003e currentChildList; \n\nHashMap\u003cString, String\u003e currentChildMap;\n\r\n%2$s\n\r\nelv \u003d new ExpandableListView(this); \t\t\nel_adapter \u003d new SimpleExpandableListAdapter(getBaseContext(), groupData, android.R.layout.simple_expandable_list_item_1, new String[] { GROUPTEXT1//, GROUPTEXT2\n }, new int[] { android.R.id.text1//, android.R.id.text2 \n}, childrenData, \t\t\tandroid.R.layout.simple_list_item_2, new String[] { CHILDTEXT1, CHILDTEXT2 }, \t\t\tnew int[] { android.R.id.text1, android.R.id.text2 } \t\t); \t\t\n\n\n\n\nelv.setAdapter(el_adapter);\n\n%3$s\n\r\nandroid.widget.LinearLayout.LayoutParams elv_params \u003d new android.widget.LinearLayout.LayoutParams(-1, -2, 0);\r\n%1$s.addView(elv, elv_params);","color":"#FF00838F","typeName":"ExpandableListView","name":"ExpandableListViewNew","palette":"144","type":"e","spec":"ExpandableListView add to view %m.view ","spec2":"Listeners"},{"code":"final String GROUPTEXT%1$s \u003d \"GROUPTEXT\"+%1$s;","color":"#FF00838F","name":"Group","typeName":"ExpandableListView","palette":"144","type":" ","spec":"GROUPTEXT %d "},{"code":"final String CHILDTEXT%1$s \u003d \"CHILDTEXT\"+%1$s;","color":"#FF00838F","name":"Child","typeName":"ExpandableListView","palette":"144","type":" ","spec":"CHILDTEXT %d "},{"code":"// Group Data\n\tcurrentGroupMap \u003d new HashMap\u003cString, String\u003e(); \t\t\t\n\tcurrentGroupMap.put(GROUPTEXT1,%1$s); \t\t\t\n   currentGroupMap.put(GROUPTEXT2,%2$s); \t\t\t\n\tgroupData.add(currentGroupMap);  \t\t\t\n\tcurrentChildList \u003d new ArrayList\u003cHashMap\u003cString, String\u003e\u003e();\r\n\n%3$s\n\nchildrenData.add(currentChildList);","color":"#FF00838F","name":"Groups","typeName":"","palette":"144","type":"c","spec":"Group name %s  comment %s "},{"code":"//Child Data\n\t\tcurrentChildMap \u003d new HashMap\u003cString, String\u003e(); \t\t\t\t\n\t\tcurrentChildMap.put(CHILDTEXT1,%1$s); \t\t\t\t\n\t\tcurrentChildMap.put(CHILDTEXT2,%2$s); \t\t\t\t\n\t\tcurrentChildList.add(currentChildMap);","color":"#FF00838F","name":"Childs","typeName":"","palette":"144","type":" ","spec":"Child name %s  comment %s "},{"code":"elv.setOnGroupClickListener(new ExpandableListView.OnGroupClickListener() {\n\t@Override public boolean onGroupClick(ExpandableListView parent, View v, int groupPosition, long id) {\n\t\t\n%s\n\n//\t\tToast.makeText(getApplicationContext(), \"You Clicked : \"+(groupData.get(groupPosition).get(GROUPTEXT1)), Toast.LENGTH_SHORT).show(); \t\t\t\t\t\nreturn false; \t\t\t\n} \t\t} \t\t);","color":"#FF00838F","name":"OnGroupClick","typeName":"","palette":"144","type":"c","spec":"OnGroupClick"},{"code":"elv.setOnGroupExpandListener(new ExpandableListView.OnGroupExpandListener() {\n\t@Override public void onGroupExpand(int groupPosition) \t\t\t\t{ \t\t\t\t\t\n\n%s\n\n// Toast.makeText(getApplicationContext(), \"Group Expanded\", Toast.LENGTH_SHORT).show(); \t\t\t\t\n\t} \t\t} \t\t);","color":"#FF00838F","name":"OnGroupExpand","typeName":"","palette":"144","type":"c","spec":"OnGroupExpand"},{"code":"elv.setOnGroupCollapseListener(new ExpandableListView.OnGroupCollapseListener() {\n\t@Override public void onGroupCollapse(int groupPosition) \t\t\t\t{\n\n%s\n\n //Toast.makeText(getApplicationContext(), \"Group Collapsed\", Toast.LENGTH_SHORT).show(); \t\t\t\t\n\t\n} \t\t} \t\t);","color":"#FF00838F","name":"OnGroupCollapse","typeName":"","palette":"144","type":"c","spec":"OnGroupCollapse"},{"code":"elv.setOnChildClickListener(new ExpandableListView.OnChildClickListener() {\n\t@Override public boolean onChildClick(ExpandableListView parent, View v, int groupPosition, int childPosition, long id) {\n\t\t\n%s\n\n//\t\tToast.makeText(getApplicationContext(), \"You Clicked : \" + (childrenData.get(groupPosition).get(childPosition).get(CHILDTEXT1)), Toast.LENGTH_SHORT).show(); \t\t\t\t\t\n\nreturn false; \t\t\t\n} \t\t} \t\t);","color":"#FF00838F","name":"OnChildClick","typeName":"","palette":"144","type":"c","spec":"OnChildClick"},{"code":"groupPosition","color":"#FF00838F","name":"GroupPosition","typeName":"","palette":"144","type":"d","spec":"groupPosition"},{"code":"childPosition","color":"#FF00838F","name":"ChildPosition","typeName":"","palette":"144","type":"d","spec":"childPosition"},{"code":"elv.expandGroup(%1$s);","color":"#FF00838F","name":"Expand Group Position","typeName":"","palette":"144","type":" ","spec":"ExpandGroupPosition %d "}]