[{"code":"\n}\npublic class ExpandableListView%1$sAdapter extends BaseExpandableListAdapter {\n\n        private ArrayList\u003cHashMap\u003cString,Object\u003e\u003e _dataGroup \u003d new ArrayList\u003c\u003e ();\n        private ArrayList\u003cHashMap\u003cString,Object\u003e\u003e _dataChild \u003d new ArrayList\u003c\u003e ();\n\n        public ExpandableListView0Adapter(ArrayList\u003cHashMap\u003cString,Object\u003e\u003e _dataGroup, ArrayList\u003cHashMap\u003cString,Object\u003e\u003e _dataChild) {\n\n            this._dataGroup \u003d _dataGroup;\n            this._dataChild \u003d _dataChild;\n        }\n\n        public ExpandableListView0Adapter(ArrayList\u003cHashMap\u003cString,Object\u003e\u003e _dataGroup) {\n\n            this._dataGroup \u003d _dataGroup;\n\n        }\n      \n\n    %3$s\n\n\n        @Override\n        public int getGroupCount() {\n            return _dataGroup.size();\n        }\n\n        // Начало Children count------------------------------\n        @Override\n        public int getChildrenCount(int groupPosition) {\n            return (int)%2$s;\n        }\n        // Конец  Children cont------------------------------\n        @Override\n        public Object getGroup(int groupPosition) {\n            return _dataGroup.get(groupPosition);\n        }\n\n        @Override\n        public Object getChild(int groupPosition, int childPosition) {\n            return _dataChild.get(groupPosition);\n        }\n\n        @Override\n        public long getGroupId(int groupPosition) {\n            return groupPosition;\n        }\n\n        @Override\n        public long getChildId(int groupPosition, int childPosition) {\n            return childPosition;\n        }\n\n        @Override\n        public boolean hasStableIds() {\n            return false;\n        }\n\n        @Override\n        public boolean isChildSelectable(int groupPosition, int childPosition) {\n            return true;\n        }\n    }\n    // Конец адаптер класса------------------------------\n{","color":"#FF9C27B0","name":"expandablelistviewadapter_elv","typeName":"","palette":"305","type":"c","spec":"ExpandableListViewAdapter anyname %s.inputOnly  getChildrenCount %d "},{"code":" // Начало Group view------------------------------\n        @Override\n        public View getGroupView(int groupPosition, boolean isExpanded,View view, ViewGroup viewGroup) {\n\n            if (view \u003d\u003d null) {\n                LayoutInflater layoutInflater \u003d (LayoutInflater) getSystemService(Context.LAYOUT_INFLATER_SERVICE);\n                view \u003d layoutInflater.inflate(R.layout.%1$s, null);\n            }\n            \n      %3$s\n    \n\n\n            return view;\n        }\n        // Конец group view------------------------------\n\n        // Начало Child view------------------------------\n        @Override\n        public View getChildView(final int groupPosition, int childPosition, boolean isLastChild, View view, ViewGroup viewGroup) {\n\n            if (view \u003d\u003d null) {\n                LayoutInflater layoutInflater \u003d (LayoutInflater) getSystemService(Context.LAYOUT_INFLATER_SERVICE);\n                view \u003d layoutInflater.inflate(R.layout.%2$s, null);\n\n            }\n         \n          %4$s\n            \n\n            return view;\n        }\n     // Конец  Child view------------------------------","color":"#FF9C27B0","name":"getgroupview_getchildview_elv","typeName":"","palette":"305","type":"e","spec":"GroupView %m.customViews  ChildView %m.customViews ","spec2":"ChildView"},{"code":"final %1$s %2$s \u003d view.findViewById(R.id.%2$s);","color":"#FF9C27B0","name":"findviewbyid_elv","typeName":"","palette":"305","type":" ","spec":"%m.typeview  find custom view by id %s.inputOnly "},{"code":"_dataGroup","color":"#FFE040FB","name":"list map group:data_elv","typeName":"ListMap","palette":"305","type":"l","spec":"List Map Group: data"},{"code":"_dataChild","color":"#FFE040FB","name":"list map child:data_elv","typeName":"ListMap","palette":"305","type":"l","spec":"List Map Child: data"},{"code":"groupPosition","color":"#FFE040FB","name":"groupposition_elv","typeName":"","palette":"305","type":"d","spec":"groupPosition"},{"code":"childPosition","color":"#FFE040FB","name":"childposition_elv","typeName":"","palette":"305","type":"d","spec":"childPosition"},{"code":"isExpanded","color":"#FFE040FB","name":"isexpanded_elv","typeName":"","palette":"305","type":"b","spec":"isExpanded group"},{"code":"isLastChild","color":"#FFE040FB","name":"islastchild_elv","typeName":"","palette":"305","type":"b","spec":"isLastChild"},{"code":"%1$s.setOnClickListener(new View.OnClickListener() {\n\t@Override\n\tpublic void onClick(View _view) {\n\n\t\t   %2$s\n\t}\n});\r","color":"#FF673AB7","name":"whenviewclicked_elv","typeName":"","palette":"305","type":"c","spec":"When %m.view  clicked"},{"code":"%1$s.setOnLongClickListener(new View.OnLongClickListener() {\r\n\t@Override\r\n\tpublic boolean onLongClick(View _view) {\n\r\n\t\t %2$s\n\r\n\t\treturn true;\r\n\t}\r\n});\r","color":"#FF673AB7","name":"whenviewlongclicked_elv","typeName":"","palette":"305","type":"c","spec":"When %m.view  long clicked"},{"code":"%1$s.setOnCheckedChangeListener(new CompoundButton.OnCheckedChangeListener() {\r\n\t@Override\r\n\tpublic void onCheckedChanged(CompoundButton cb, boolean isChecked) {\n     %2$s\r\n\t\t \r\n\t}});\r","color":"#FF673AB7","name":"whenviewchecked_elv","typeName":"","palette":"305","type":"c","spec":"When %m.checkbox  checked"},{"code":"","color":"#FF000000","name":"","typeName":"","palette":"305","type":"h","spec":""},{"code":"%1$s.setAdapter (new ExpandableListView%2$sAdapter (%3$s));","color":"#FF9C27B0","name":"setlistcustomviewdata_elv","typeName":"ExpandableListView","palette":"305","type":" ","spec":"%m.ExpandableListView setListCustomViewData adapterName %s.inputOnly  group %m.listMap  "},{"code":"%1$s.setAdapter (new ExpandableListView%2$sAdapter (%3$s, %4$s));","color":"#FF9C27B0","name":"setlistcustomviewdata_groupchild_elv","typeName":"ExpandableListView","palette":"305","type":" ","spec":"%m.ExpandableListView setListCustomViewData adapterName %s.inputOnly  Group %m.listMap Child  %m.listMap "},{"code":"%1$s.setGroupIndicator(null);","color":"#FF9C27B0","name":"remove indicator icon","typeName":"ExpandableListView","palette":"305","type":" ","spec":"%m.ExpandableListView  remove indicator icon"},{"code":"%2$s \u003d -1;\n%1$s.setOnGroupExpandListener(new ExpandableListView.OnGroupExpandListener() {\n            @Override\n            public void onGroupExpand(int groupPosition) {\n                if((int)%2$s !\u003d -1 \u0026\u0026 groupPosition !\u003d (int)%2$s){\n                    %1$s.collapseGroup((int)%2$s);\n                }\n                %2$s \u003d groupPosition;\n            }\n\n              \n        });\n","color":"#FF9C27B0","name":"setongroupexpandlistener_elv","typeName":"ExpandableListView","palette":"305","type":" ","spec":"%m.ExpandableListView  setOnGroupExpandListener %m.varInt"},{"code":"%1$s.setOnGroupCollapseListener(new ExpandableListView.OnGroupCollapseListener() {\n\n            @Override\n            public void onGroupCollapse(int groupPosition) {\n                %2$s\n              \n\n            }\n        });","color":"#FF9C27B0","name":"setongroupcollapselistener_elv","typeName":"ExpandableListView","palette":"305","type":"c","spec":"%m.ExpandableListView setOnGroupCollapseListener(groupPosition)"},{"code":"%1$s.setOnChildClickListener(new ExpandableListView.OnChildClickListener() {\n            @Override\n            public boolean onChildClick(ExpandableListView parent, View v, int groupPosition, int childPosition, long id) {\n                \n            %2$s\n                \n\n                return false;\n\n            }\n        });\n","color":"#FF9C27B0","name":"setonchildclicklistener_elv","typeName":"ExpandableListView","palette":"305","type":"c","spec":"%m.ExpandableListView setOnChildClickListener(groupPosition,childPosition)"},{"code":"","color":"#FF000000","name":"","typeName":"","palette":"305","type":"h","spec":""}]