[{"name":"created...n","palette":"35","spec":"created by arab ware channel","typeName":"","type":"h","code":"","color":"#FFFDD835"},{"name":"set progress....","palette":"35","spec":"%m.view set number %d","typeName":"","type":" ","code":"%1$s.setNumber((int) %2$s);","color":"#FFFDD835"},{"name":"SetType","palette":"35","spec":"%m.view set type %s.inputOnly","type":" ","typeName":"","color":"#FFFDD835","code":"%1$s.setEmoji(Emoji.%2$s);"},{"name":"text facebook react","palette":"35","spec":"%m.view set text color %s set text %s","typeName":"","type":" ","code":"%1$s.setTextColor(%2$s);\n%1$s.setText(%3$s);","color":"#FFFDD835"},{"name":"animation of facebook","palette":"35","spec":"%m.view set animation enable %b","type":" ","typeName":"","color":"#FFFDD835","code":"%1$s.setAnimationEnabled(%2$s);"},{"name":"clear facebook","palette":"35","spec":"%m.view clear","typeName":"","type":" ","code":"%1$s.clear();","color":"#FFFDD835"}]