[{"code":"","name":"FacebookAds setProvider","palette":"289","type":" ","spec":"Facebook Ads initProvider"},{"code":"AudienceNetworkAds.initialize(this);","name":"FacebookAds initialize","palette":"289","type":" ","spec":"Facebook Ads initialize"},{"code":"%s \u003d new AdView(%s.this, %s, AdSize.BANNER_HEIGHT_50);\n%1$s.setAdListener(%1$s_AdListener);","name":"FacebookAds createBannerAds","palette":"289","type":" ","spec":"%m.FBAdsBanner createBannerAds %m.activity id %s"},{"code":"%s.loadAd();","name":"FacebookAds loadAdsBanner","palette":"289","type":" ","spec":"%m.FBAdsBanner loadAds"},{"code":"%s.destroy();","name":"FacebookAds destroyAdsBanner","palette":"289","type":" ","spec":"%m.FBAdsBanner destroyAds"},{"code":"%2$s.addView(%1$s);","name":"FacebookAds setView","palette":"289","type":" ","spec":"%m.FBAdsBanner setViewOn %m.view"},{"code":"%s \u003d new InterstitialAd(%s.this, %s);\n%1$s.setAdListener(%1$s_InterstitialAdListener);","name":"FacebookAds createInterstitialAds","palette":"289","type":" ","spec":"%m.FBAdsInterstitial createInterstitialAds %m.activity id %s"},{"code":"%s.loadAd();","name":"FacebookAds loadAdsInterstitial","palette":"289","type":" ","spec":"%m.FBAdsInterstitial loadAds"},{"code":"%s.destroy();","name":"FacebookAds destroyAdsInterstitial","palette":"289","type":" ","spec":"%m.FBAdsInterstitial destroyAds"},{"code":"%s.show();","name":"FacebookAds showAdsInterstitial","palette":"289","type":" ","spec":"%m.FBAdsInterstitial showAds"}]