[{"code":"","color":"#FF2196F3","name":"@MohammedAlherk","typeName":"","palette":"161","type":"h","spec":"MohammedAlherk FacebookPoster"},{"code":"","color":"#FF2196F3","name":"name","typeName":"","palette":"161","type":"h","spec":"1 create Request Network and name it\u003d reqalherk"},{"code":"HashMap\u003cString, Object\u003e mapalherk \u003d new HashMap\u003c\u003e();\n\t\nmapalherk \u003d new HashMap\u003c\u003e();\r\nmapalherk.put(\"message\", %2$s);\r\nmapalherk.put(\"access_token\", %3$s);\r\nreqalherk.setParams(mapalherk, RequestNetworkController.REQUEST_PARAM);\r\nreqalherk.startRequestNetwork(RequestNetworkController.POST, \"https://graph.facebook.com/v8.0/\".concat(%1$s.concat(\"/feed\")), \"A\", _reqalherk_request_listener);\n\n","color":"#FF2196F3","name":"Post to Page","typeName":"","palette":"161","type":" ","spec":"Page ID %s  message %s AccessToken %s RequestNetwork "}]