[{"code":"%1$s \u003d new FancyButton(%2$s.this);\n%1$s.setLayoutParams(new LinearLayout.LayoutParams(LinearLayout.LayoutParams.MATCH_PARENT,LinearLayout.LayoutParams.MATCH_PARENT));","name":"FancyButton","palette":"74","type":" ","spec":"Create %m.FancyButton at %m.activity"},{"code":"%1$s.setText(%2$s);","name":"SetText","palette":"74","type":" ","spec":"%m.FancyButton setText %s"},{"code":"%1$s.setBackgroundColor(%2$s);","name":"SetBG_Color","palette":"74","type":" ","spec":"%m.FancyButton setBG_Color %m.color"},{"code":"%1$s.setFocusBackgroundColor(%2$s);","name":"SetFocusBG_Color","palette":"74","type":" ","spec":"%m.FancyButton setFocusBG_Color %m.color"},{"code":"%1$s.setTextSize(%2$s);","name":"SetTextSize","palette":"74","type":" ","spec":"%m.FancyButton setTextSize %d"},{"code":"%1$s.setRadius(%2$s);","name":"SetRadius","palette":"74","type":" ","spec":"%m.FancyButton setRadius %d"},{"code":"%1$s","name":"FancyButtonView","typeName":"View","palette":"74","type":"v","spec":"%m.FancyButton"}]