[{"name":".....","palette":"44","spec":"CREATED BY ARAB WARE CHANNEL","typeName":"","type":"h","code":"","color":"#FF009688"},{"name":"new java.io.File","palette":"44","spec":"%m.File new %s","type":" ","typeName":"","color":"#FF009688","code":"%1$s \u003d new java.io.File(%2$s);"},{"name":"exists...","palette":"44","spec":"%m.File exists","typeName":"","type":"b","code":"%1$s.exists()","color":"#FF009688"},{"name":"delete....","palette":"44","spec":"%m.File delete","type":" ","typeName":"","color":"#FF009688","code":"%1$s.delete();"},{"name":"renameTo","palette":"44","spec":"%m.File renameTo %s","typeName":"","type":" ","code":"%1$s.renameTo(new java.io.File(%2$s));","color":"#FF009688"}]