[{"code":"","color":"#FFFFA000","name":"Created By Arab Ware Channel","typeName":"","palette":"16","type":"h","spec":"Created By Arab Ware Channel"},{"code":"FileUtil.getExternalStorageDir().substring((int)(1), (int)(FileUtil.getExternalStorageDir().length()))","color":"#FFFFA000","name":"get storage","typeName":"","palette":"16","type":"s","spec":"get storage path of every device"},{"code":"java.io.File file \u003d new java.io.File(%1$s);\nDate lastModDate \u003d new Date(file.lastModified());","color":"#FFFFA000","name":"LastModifiedFile","typeName":"@JoseFireFox","palette":"16","type":" ","spec":"Last Modified File of path %s"},{"code":"lastModDate.toString()","color":"#FFFFA000","name":"get last","typeName":"","palette":"16","type":"s","spec":"get last modified of file"},{"code":"Uri.parse(%1$s).getLastPathSegment().substring((int)(Uri.parse(%1$s).getLastPathSegment().length() - \".\".concat(\"apk\").length()), (int)(Uri.parse(%1$s).getLastPathSegment().length())).equals(\".apk\")","color":"#FFFFA000","name":"is apk","typeName":"","palette":"16","type":"b","spec":"file in the path %s is apk"},{"code":"Uri.parse(%1$s).getLastPathSegment().substring((int)(Uri.parse(%1$s).getLastPathSegment().length() - \".\".concat(\"mp3\").length()), (int)(Uri.parse(%1$s).getLastPathSegment().length())).equals(\".mp3\")","color":"#FFFFA000","name":"is mp3","typeName":"","palette":"16","type":"b","spec":"file in the path %s is mp3 "},{"code":"Uri.parse(%1$s).getLastPathSegment().substring((int)(Uri.parse(%1$s).getLastPathSegment().length() - \".\".concat(\"jpg\").length()), (int)(Uri.parse(%1$s).getLastPathSegment().length())).equals(\".jpg\")","color":"#FFFFA000","name":"is jpg","typeName":"","palette":"16","type":"b","spec":"file in the path %s is jpg"},{"code":"Uri.parse(%1$s).getLastPathSegment().substring((int)(Uri.parse(%1$s).getLastPathSegment().length() - \".\".concat(\"png\").length()), (int)(Uri.parse(%1$s).getLastPathSegment().length())).equals(\".png\")","color":"#FFFFA000","name":"is png","typeName":"","palette":"16","type":"b","spec":"file in the path %s is png"},{"code":"Uri.parse(%1$s).getLastPathSegment().substring((int)(Uri.parse(%1$s).getLastPathSegment().length() - \".\".concat(\"mp4\").length()), (int)(Uri.parse(%1$s).getLastPathSegment().length())).equals(\".mp4\")","color":"#FFFFA000","name":"is video (mp4)","typeName":"","palette":"16","type":"b","spec":"file in the path %s is video (mp4)"},{"code":"Uri.parse(%1$s).getLastPathSegment().substring((int)(Uri.parse(%1$s).getLastPathSegment().length() - \".\".concat(\"html\").length()), (int)(Uri.parse(%1$s).getLastPathSegment().length())).equals(\".html\")","color":"#FFFFA000","name":"is html","typeName":"","palette":"16","type":"b","spec":"file in the path %s is html"},{"code":"Uri.parse(%1$s).getLastPathSegment().substring((int)(Uri.parse(%1$s).getLastPathSegment().length() - \".\".concat(\"css\").length()), (int)(Uri.parse(%1$s).getLastPathSegment().length())).equals(\".css\")","color":"#FFFFA000","name":"is css","typeName":"","palette":"16","type":"b","spec":"file in the path %s is css"},{"code":"Uri.parse(%1$s).getLastPathSegment().substring((int)(Uri.parse(%1$s).getLastPathSegment().length() - \".\".concat(\"pdf\").length()), (int)(Uri.parse(%1$s).getLastPathSegment().length())).equals(\".pdf\")","color":"#FFFFA000","name":"is pdf","typeName":"","palette":"16","type":"b","spec":"file in the path %s is pdf"},{"code":"Uri.parse(%1$s).getLastPathSegment().substring((int)(Uri.parse(%1$s).getLastPathSegment().length() - \".\".concat(\"zip\").length()), (int)(Uri.parse(%1$s).getLastPathSegment().length())).equals(\".zip\")","color":"#FFFFA000","name":"is zip","typeName":"","palette":"16","type":"b","spec":"file in the path %s is zip"},{"code":"Uri.parse(%1$s).getLastPathSegment().substring((int)(Uri.parse(%1$s).getLastPathSegment().length() - \".\".concat(\"rar\").length()), (int)(Uri.parse(%1$s).getLastPathSegment().length())).equals(\".rar\")","color":"#FFFFA000","name":"is rar","typeName":"","palette":"16","type":"b","spec":"file in the path %s is rar"},{"code":"Uri.parse(%1$s).getLastPathSegment().substring((int)(Uri.parse(%1$s).getLastPathSegment().length() - \".\".concat(\"json\").length()), (int)(Uri.parse(%1$s).getLastPathSegment().length())).equals(\".json\")","color":"#FFFFA000","name":"is json","typeName":"","palette":"16","type":"b","spec":"file in the path %s is json"},{"code":"Uri.parse(%1$s).getLastPathSegment().substring((int)(Uri.parse(%1$s).getLastPathSegment().length() - \".\".concat(%2$s).length()), (int)(Uri.parse(%1$s).getLastPathSegment().length())).equals(\".\".concat(%2$s))","color":"#FFFFA000","name":"is custom","typeName":"","palette":"16","type":"b","spec":"file in the path %s is %s"}]