[{"code":"","color":"#FFFFEB3B","name":"Block by Sketchqube ","typeName":"","palette":"23","type":"h","spec":"block by sketchqube"},{"code":"DialogProperties  %1$s \u003d new DialogProperties();\n//From Sketchqube","color":"#FFFFEB3B","name":"create by Sketchqube","typeName":"","palette":"23","type":" ","spec":"%m.dialog Create filepicker dialog"},{"code":"%1$s.selection_mode \u003d DialogConfigs.%2$s;","color":"#FFFFEB3B","name":"selected mode fpd","typeName":"","palette":"23","type":" ","spec":"%m.dialog selection mode %m.SelectionMode"},{"code":"%1$s.selection_type \u003d DialogConfigs.%2$s;","color":"#FFFFEB3B","name":"selectividad","typeName":"","palette":"23","type":" ","spec":"%m.dialog selection type %m.SelectionType"},{"code":"%1$s.root \u003d new File(DialogConfigs.DEFAULT_DIR);\n%1$s.error_dir \u003d new File(DialogConfigs.DEFAULT_DIR);\n%1$s.offset \u003d new File(DialogConfigs.DEFAULT_DIR);","color":"#FFFFEB3B","name":"optionali","typeName":"","palette":"23","type":" ","spec":"%m.dialog optional "},{"code":"%1$s.extensions \u003d new String[] {%2$s};","color":"#FFFFEB3B","name":"exw","typeName":"","palette":"23","type":" ","spec":"%m.dialog with extension %s.inputOnly "},{"code":"%1$s.extensions \u003d null;","color":"#FFFFEB3B","name":"exn","typeName":"","palette":"23","type":" ","spec":"%m.dialog without extension"},{"code":"FilePickerDialog dialog45 \u003d new FilePickerDialog(%2$s.this,%1$s);\ndialog45.setTitle(%3$s);","color":"#FFFFEB3B","name":"bul","typeName":"","palette":"23","type":" ","spec":"%m.dialog context %m.activity  setTitle %s "},{"code":"dialog45.setDialogSelectionListener(new DialogSelectionListener() {\n        @Override\n        public void onSelectedFilePaths(String[] files) {\n            %1$s\n        }\n    });\n","color":"#FFFFEB3B","name":"onvlik","typeName":"","palette":"23","type":"c","spec":"onSelected"},{"code":"dialog45.show();\n//from Sketchqube","color":"#FFFFEB3B","name":"cre","typeName":"","palette":"23","type":" ","spec":"show"},{"code":"","color":"#FFFFEB3B","name":"h2","typeName":"","palette":"23","type":"h","spec":"component: SelectionMode"},{"code":"SINGLE_MODE","color":"#FFFFEB3B","name":"sgm","typeName":"SelectionMode","palette":"23","type":"v","spec":"SINGLE_MODE"},{"code":"MULTI_MODE","color":"#FFFFEB3B","name":"mtg","typeName":"SelectionMode","palette":"23","type":"v","spec":"MULTI_MODE"},{"code":"","color":"#FFFFEB3B","name":"h3","typeName":"","palette":"23","type":"h","spec":"component: SelectionType"},{"code":"FILE_SELECT","color":"#FFFFEB3B","name":"fls","typeName":"SelectionType","palette":"23","type":"v","spec":"FILE_SELECT"},{"code":"DIR_SELECT","color":"#FFFFEB3B","name":"drf","typeName":"SelectionType","palette":"23","type":"v","spec":"DIR_SELECT"},{"code":"FILE_AND_DIR_SELECT","color":"#FFFFEB3B","name":"fnd","typeName":"SelectionType","palette":"23","type":"v","spec":"FILE_AND_DIR_SELECT"},{"code":"","color":"#FFFFEB3B","name":"h4","typeName":"","palette":"23","type":"h","spec":"selected path"},{"code":"files[0]","color":"#FFFFEB3B","name":"filesn","typeName":"","palette":"23","type":"s","spec":"path"}]