[{"code":"%s","name":"getVarActionCodeSettings","typeName":"ActionCodeSettings","palette":"17","type":"v","spec":"getVarActionCodeSettings %s.inputOnly"},{"code":"FirebaseAuth.getInstance().getCurrentUser().getDisplayName()","name":"firebaseAuthGetName","palette":"17","type":"s","spec":"FirebaseAuth getName"},{"code":"FirebaseAuth.getInstance().getCurrentUser().getPhotoUrl().toString()","name":"firebaseAuthGetPhotoUrl","palette":"17","type":"s","spec":"FirebaseAuth getPhotoUrl"},{"code":"((FirebaseUser)FirebaseAuth.getInstance().getCurrentUser()) !\u003d null","name":"firebaseAuthisLoggedIn","palette":"17","type":"b","spec":"FirebaseAuth isLoggedIn"},{"code":"FirebaseAuth.getInstance().getCurrentUser().isEmailVerified()","name":"firebaseAuthisEmailVerified","palette":"17","type":"b","spec":"FirebaseAuth isEmailVerified"},{"code":"ActionCodeSettings %s \u003d ActionCodeSettings.newBuilder()\n.setUrl(%s)\n.setHandleCodeInApp(true)\n.setIOSBundleId(%s)\n.setAndroidPackageName(%s, true, \"19\")\n.build();","name":"firebaseAuthActionCodeSettings","palette":"17","type":" ","spec":"ActionCodeSettings %s.inputOnly Create New Builder With Url %s And Package IOS %s Package Android %s "},{"code":"FirebaseAuth.getInstance().getCurrentUser().updateProfile(new UserProfileChangeRequest.Builder().setDisplayName(%2$s).setPhotoUri(Uri.parse(%3$s)).build()).addOnCompleteListener(%1$s_updateProfileListener);","name":"firebaseAuthUpdateProfile","palette":"17","type":" ","spec":"%m.firebaseauth updateProfile Name %s Photo Url %s"},{"code":"FirebaseAuth.getInstance().getCurrentUser().updateEmail(%2$s).addOnCompleteListener(%1$s_updateEmailListener);","name":"firebaseAuthUpdateEmail","palette":"17","type":" ","spec":"%m.firebaseauth updateEmail %s"},{"code":"FirebaseAuth.getInstance().getCurrentUser().updatePassword(%2$s).addOnCompleteListener(%1$s_updatePasswordListener);","name":"firebaseAuthUpdatePassword","palette":"17","type":" ","spec":"%m.firebaseauth updatePassword %s"},{"code":"FirebaseAuth.getInstance().getCurrentUser().sendEmailVerification().addOnCompleteListener(%s_emailVerificationSentListener);","name":"firebaseAuthSendEmailVerification","palette":"17","type":" ","spec":"%m.firebaseauth sendEmailVerification"},{"code":"FirebaseAuth.getInstance().getCurrentUser().delete()\n.addOnCompleteListener(%s_deleteUserListener);","name":"firebaseAuthDeleteUser","palette":"17","type":" ","spec":"%m.firebaseauth deleteUser"},{"code":"PhoneAuthProvider.getInstance().verifyPhoneNumber(%2$s, 60, TimeUnit.SECONDS, %3$s.this, %1$s);","name":"FirebasePhoneAuth startPhoneNumberVerification","palette":"17","type":" ","spec":"%m.FirebasePhoneAuth startPhoneNumberVerification %s On %m.activity"},{"code":"FirebaseAuth.getInstance().signInWithCredential(PhoneAuthProvider.getCredential(%2$s, %3$s)).addOnCompleteListener(%1$s_phoneAuthListener);","name":"FirebasePhoneAuth verifyPhoneNumberWithCode","palette":"17","type":" ","spec":"%m.firebaseauth verifyPhoneNumberWithCode Verification %s Code %s"},{"code":"FirebaseAuth.getInstance().signInWithCredential(%2$s).addOnCompleteListener(%1$s_phoneAuthListener);","name":"FirebasePhoneAuth signInWithPhoneAuthCredential","palette":"17","type":" ","spec":"%m.firebaseauth signInWithPhoneAuthCredential %m.PhoneAuthCredential"},{"code":"PhoneAuthProvider.getInstance().verifyPhoneNumber(%2$s, 60, TimeUnit.SECONDS, %3$s.this, %1$s, %1$s_resendToken);","name":"FirebasePhoneAuth resendVerificationCode","palette":"17","type":" ","spec":"%m.FirebasePhoneAuth resendVerificationCode %s On %m.activity"},{"code":"%1$s_resendToken \u003d %2$s;","name":"FirebasePhoneAuth setRecentToken","palette":"17","type":" ","spec":"%m.FirebasePhoneAuth setRecentToken %m.FirebasePhoneAuth"}]