[{"code":"android.hardware.camera2.CameraManager cameraManager \u003d (android.hardware.camera2.CameraManager) getSystemService(Context.CAMERA_SERVICE);\ntry {\nString cameraId \u003d cameraManager.getCameraIdList()[0]; cameraManager.setTorchMode(cameraId, true); } catch (android.hardware.camera2.CameraAccessException e) { }","name":"Flashlight On","palette":"39","type":" ","spec":"Flashlight On"},{"code":"android.hardware.camera2.CameraManager cameraManager \u003d (android.hardware.camera2.CameraManager) getSystemService(Context.CAMERA_SERVICE);\ntry {\nString cameraId \u003d cameraManager.getCameraIdList()[0]; cameraManager.setTorchMode(cameraId, false); } catch (android.hardware.camera2.CameraAccessException e) { }","name":"Flashlight Off","palette":"39","type":" ","spec":"Flashlight Off"}]