[{"name":"created by arab ware channel ...","palette":"48","spec":"created by arab ware channel","type":"h","typeName":"","color":"#FF00BFA5","code":""},{"name":"create new dialog","palette":"48","spec":"create %m.FlatDialog into %m.activity","typeName":"","type":" ","code":"final FlatDialog %1$s \u003d new FlatDialog(%2$s.this);","color":"#FF00BFA5"},{"name":"Set Title","palette":"48","spec":"%m.FlatDialog set title %s","type":" ","typeName":"","color":"#FF00BFA5","code":"%1$s.setTitle(%2$s);"},{"name":"Set Subtitle","palette":"48","spec":"%m.FlatDialog set subtitle %s","typeName":"","type":" ","code":"%1$s.setSubtitle(%2$s);","color":"#FF00BFA5"},{"name":"create edittext","palette":"48","spec":"%m.FlatDialog create first edittext with hint %s","type":" ","typeName":"","color":"#FF00BFA5","code":"%1$s.setFirstTextFieldHint(%2$s);"},{"name":"create edittext2","palette":"48","spec":"%m.FlatDialog create second edittext with hint %s","typeName":"","type":" ","code":"%1$s.setSecondTextFieldHint(%2$s);","color":"#FF00BFA5"},{"name":"create button","palette":"48","spec":"%m.FlatDialog create first button with text %s","type":" ","typeName":"","color":"#FF00BFA5","code":"%1$s.setFirstButtonText(%2$s);"},{"name":"create button2","palette":"48","spec":"%m.FlatDialog create second button with text %s","typeName":"","type":" ","code":"%1$s.setSecondButtonText(%2$s);","color":"#FF00BFA5"},{"name":"OnFirstButtonClicked","palette":"48","spec":"%m.FlatDialog On First Button Clicked","typeName":"","type":"c","code":"%1$s.withFirstButtonListner(new View.OnClickListener() {\n@Override public void onClick(View view) {\n%2$s\n} });","color":"#FF00BFA5"},{"name":"OnSecondButtonClicked","palette":"48","spec":"%m.FlatDialog On Second Button Clicked","type":"c","typeName":"","color":"#FF00BFA5","code":"%1$s.withSecondButtonListner(new View.OnClickListener() { @Override public void onClick(View view) {\n%2$s\n} });"},{"name":"get","palette":"48","spec":"%m.FlatDialog get First Button Text","typeName":"","type":"s","code":"%1$s.getFirstTextField()","color":"#FF00BFA5"},{"name":"get2","palette":"48","spec":"%m.FlatDialog Get Second Button Text","type":"s","typeName":"","color":"#FF00BFA5","code":"%1$s.getSecondTextField()"},{"name":"ShowFlatDialog","palette":"48","spec":"%m.FlatDialog show","typeName":"","type":" ","code":"%1$s.show();","color":"#FF00BFA5"},{"name":"DismissFlatDialog","palette":"48","spec":"%m.FlatDialog dismiss","typeName":"","type":" ","code":"%1$s.dismiss();","color":"#FF00BFA5"},{"name":"set icon ","palette":"48","spec":"%m.FlatDialog set icon %m.resource","type":" ","typeName":"","color":"#FF00BFA5","code":"%1$s.setIcon(R.drawable.%2$s);"},{"name":"set background color","palette":"48","spec":"%m.FlatDialog set background color %m.color","typeName":"","type":" ","code":"%1$s.setBackgroundColor(%2$s);","color":"#FF00BFA5"},{"name":"set first button color","palette":"48","spec":"%m.FlatDialog set first button color %m.color","type":" ","typeName":"","color":"#FF00BFA5","code":"%1$s.setFirstButtonColor(%2$s);"},{"name":"set second button color","palette":"48","spec":"%m.FlatDialog set second button color %m.color","type":" ","typeName":"","color":"#FF00BFA5","code":"%1$s.setSecondButtonColor(%2$s);"},{"name":"set edittext 1","palette":"48","spec":"%m.FlatDialog set first edittext border color %m.color","type":" ","typeName":"","color":"#FF00BFA5","code":"%1$s.setFirstTextFieldBorderColor(%2$s);"},{"name":"set edittext 2","palette":"48","spec":"%m.FlatDialog set second edittext border color %m.color","type":" ","typeName":"","color":"#FF00BFA5","code":"%1$s.setSecondTextFieldBorderColor(%2$s);"},{"name":"set color of text","palette":"48","spec":"%m.FlatDialog set first edittext color %m.color","type":" ","typeName":"","color":"#FF00BFA5","code":"%1$s.setFirstTextFieldTextColor(%2$s);"},{"name":"set color of text2","palette":"48","spec":"%m.FlatDialog set second edittext color %m.color","typeName":"","type":" ","code":"%1$s.setSecondTextFieldTextColor(%2$s);","color":"#FF00BFA5"}]