[{"code":"","color":"#808200","name":"Created","typeName":"","palette":"92","type":"h","spec":"By The Safi Hacker \u0026 Arab Ware Channel"},{"code":"","color":"#808200","name":"You need My Own Components","typeName":"","palette":"92","type":"h","spec":"You need My Own Components"},{"code":"","color":"#808200","name":"For more Info","typeName":"","palette":"92","type":"h","spec":"For more Info Visit My Channel Just Search Arab Ware"},{"code":"","color":"#808200","name":"You need MoreBlockComponent \u0026 \"MoreBlock\"Block","typeName":"","palette":"92","type":"h","spec":"You need MoreBlockComponent \u0026 \"MoreBlock\"Block"},{"code":"}\nprivate WindowManager windowManager;\n\nprivate WindowManager.LayoutParams layoutParams;\n\nprivate View displayView;\n\nprivate void showFloatingWindow() {\n\nLayoutInflater layoutInflater \u003d LayoutInflater.from(this);\n\ndisplayView \u003d layoutInflater.inflate(R.layout.%s, null); displayView.setOnTouchListener(new FloatingOnTouchListener());\n\n%s\n\nwindowManager.addView(displayView, layoutParams);\n}\n\nprivate class FloatingOnTouchListener implements View.OnTouchListener { \nprivate int x;\nprivate int y;\n\n@Override public boolean onTouch(View view, MotionEvent event) {\n\nswitch (event.getAction()) { \ncase MotionEvent.ACTION_DOWN: \nx \u003d (int) event.getRawX(); \ny \u003d (int) event.getRawY(); \nbreak;\n\ncase MotionEvent.ACTION_MOVE: int nowX \u003d (int) event.getRawX(); \nint nowY \u003d (int) event.getRawY(); \nint movedX \u003d nowX - x; \nint movedY \u003d nowY - y; \nx \u003d nowX; y \u003d nowY; \nlayoutParams.x \u003d layoutParams.x + movedX; \nlayoutParams.y \u003d layoutParams.y + movedY; windowManager.updateViewLayout(view, layoutParams); \nbreak; \ndefault: \nbreak; \n}\n return true;\n }\n }\n\npublic void closes(){\ntry{\nwindowManager.removeView(displayView);\n}\ncatch(Exception e){\n        }","color":"#808200","name":"FloatingWindowLibrary","typeName":"","palette":"92","type":"c","spec":"floatingWindowLibrary view %m.customViews "},{"code":"android.provider.Settings.canDrawOverlays(%s.this)","color":"#808200","name":"canDrawOverlays","typeName":"","palette":"92","type":"b","spec":"%m.activity canDrawOverlays"},{"code":"Intent intent \u003d new Intent(android.provider.Settings.ACTION_MANAGE_OVERLAY_PERMISSION,\nUri.parse(\"package:\" + getPackageName()));\nstartActivity(intent);","color":"#808200","name":"getPermissionOverlay","typeName":"","palette":"92","type":" ","spec":"getOverLayPermission"},{"code":"_%1$s();\nshowFloatingWindow();","color":"#808200","name":"showFloatingWindow","typeName":"","palette":"92","type":" ","spec":"showFloatingWindow with More Block ID %s.inputOnly"},{"code":"closes();","color":"#808200","name":"closeWindow","typeName":"","palette":"92","type":"f","spec":"closeWindow"},{"code":"ImageView %s \u003d displayView.findViewById(R.id.%s);","color":"#808200","name":"Create Image View","typeName":"","palette":"92","type":" ","spec":"Create ImageView %s.inputOnly From %s.inputOnly  In The Custom View"},{"code":"windowManager \u003d (WindowManager) getSystemService(WINDOW_SERVICE); \nlayoutParams \u003d new WindowManager.LayoutParams();\n\nif (Build.VERSION.SDK_INT \u003e\u003d Build.VERSION_CODES.O) { \nlayoutParams.type \u003d WindowManager.LayoutParams.TYPE_APPLICATION_OVERLAY; \n} else { \nlayoutParams.type \u003d WindowManager.LayoutParams.TYPE_PHONE; \n}\n\nlayoutParams.format \u003d PixelFormat.RGBA_8888; layoutParams.gravity \u003d Gravity.LEFT | Gravity.TOP; layoutParams.flags \u003d WindowManager.LayoutParams.FLAG_NOT_TOUCH_MODAL | WindowManager.LayoutParams.FLAG_NOT_FOCUSABLE; layoutParams.width \u003d %s; \nlayoutParams.height \u003d %s;\n layoutParams.x \u003d 0;\nlayoutParams.y \u003d 0;","color":"#808200","name":"onCreateFW","typeName":"","palette":"92","type":" ","spec":"Create Floating Window width %d height %d"},{"code":"ImageView _lcIcon1 \u003d (ImageView) %1$s ;\n_lcIcon1.setImageDrawable(getResources().getDrawable(R.drawable.%2$s));","color":"#808200","name":"seticon","typeName":"","palette":"92","type":" ","spec":" ImageView %s.inputOnly Set Image %m.resource "}]