[{"code":"","color":"#FF000000","name":"Amir Sina iz","typeName":"h","palette":"253","type":"h","spec":"Create By : Amir Sina iz"},{"code":"int LAYOUT_FLAG;\nif (Build.VERSION.SDK_INT \u003e\u003d Build.VERSION_CODES.O) {\n\t    LAYOUT_FLAG \u003d WindowManager.LayoutParams.TYPE_APPLICATION_OVERLAY;\n} else {\n\t    LAYOUT_FLAG \u003d WindowManager.LayoutParams.TYPE_PHONE;\n}\n\nfinal WindowManager.LayoutParams params \u003d new WindowManager.LayoutParams(\n    WindowManager.LayoutParams.WRAP_CONTENT,\n    WindowManager.LayoutParams.WRAP_CONTENT,\n    LAYOUT_FLAG,\n      \n    WindowManager.LayoutParams.FLAG_NOT_TOUCH_MODAL \n     ,\n\n    PixelFormat.TRANSLUCENT);\nparams.flags \u003d WindowManager.LayoutParams.FLAG_NOT_TOUCH_MODAL | WindowManager.LayoutParams.FLAG_NOT_FOCUSABLE;\n\n  final  WindowManager wm \u003d (WindowManager) getSystemService(WINDOW_SERVICE);\n    LayoutInflater inflater \u003d (LayoutInflater) getSystemService(LAYOUT_INFLATER_SERVICE);\n  \n\nfinal View myView \u003d (View) getLayoutInflater().inflate(R.layout.%1$s, null); \n\n\n%2$s","color":"#FFFFD740","name":"Create Floating","typeName":"c","palette":"253","type":"c","spec":"Creat Floating Window Custom view %m.customViews "},{"code":"final %2$s %1$s \u003d (%2$s)myView.findViewById(R.id.%3$s);","color":"#FFFFD740","name":"Add View Floating","typeName":"","palette":"253","type":" ","spec":"Add View With Id %s.inputOnly Type %m.typeview Widget ID %s.inputOnly "},{"code":"%1$s.setOnTouchListener(new OnTouchListener() {\n\t\n\tprivate int x;\n\tprivate int y;\n\t\n\t       @Override\n\t       public boolean onTouch(View v, MotionEvent event) {\n\t\t\n\t\tswitch (event.getAction()) { \n\t\t\tcase MotionEvent.ACTION_DOWN: \n\t\t\tx \u003d (int) event.getRawX(); \n\t\t\ty \u003d (int) event.getRawY(); \n\t\t\tbreak;\n\t\t\tcase MotionEvent.ACTION_MOVE:\n\t\t\tint nowX \u003d (int) event.getRawX(); \n\t\t\tint nowY \u003d (int) event.getRawY(); \n\t\t\tint movedX \u003d nowX - x; \n\t\t\tint movedY \u003d nowY - y; \n\t\t\tx \u003d nowX;\n\t\t\ty \u003d nowY; \n\t\t\tparams.x \u003d params.x + movedX; \n\t\t\tparams.y \u003d params.y + movedY;\n\t\t\twm.updateViewLayout(myView, params); \n\t\t\tbreak;\n\t\t\tdefault:\n\t\t\tbreak;\n\t\t}\n\t\t return true;\n\t\t }\n\t });\n\t params.gravity \u003d Gravity.TOP | Gravity.LEFT;\n       params.x \u003d 0;\n       params.y \u003d 0;\r","color":"#FFFFD740","name":"Moving","typeName":"r","palette":"253","type":" ","spec":"Set Movable Window With ID %s.inputOnly "},{"code":"%1$s.setOnClickListener(new View.OnClickListener() {\n\t@Override\n\tpublic void onClick(View _view) {\n\t\t%2$s\n\t}\n});\r","color":"#FFFFD740","name":"OnClickF","typeName":"","palette":"253","type":"c","spec":"Set OnClickListener ID %s.inputOnly "},{"code":"%1$s.setOnCheckedChangeListener(new CompoundButton.OnCheckedChangeListener() {\r\n\t\t\t@Override\r\n\t\t\tpublic void onCheckedChanged(CompoundButton _param1, boolean _param2)  {\r\n\t\t\t\tfinal boolean _isChecked \u003d _param2;\r\n\t\t\t\t%2$s\r\n\t\t\t}\r\n\t\t});\r","color":"#FFFFD740","name":"Switch Click","typeName":"","palette":"253","type":"c","spec":"Set OnCheckedChangeListener ID %s.inputOnly "},{"code":"_isChecked","color":"#FFFFD740","name":"Switch Floating ","typeName":"b","palette":"253","type":"b","spec":"IsChecked"},{"code":"if (android.provider.Settings.canDrawOverlays(%2$s.this)) {\n\twm.addView(myView, params);\n} else {\n\tIntent %1$s \u003d new Intent(android.provider.Settings.ACTION_MANAGE_OVERLAY_PERMISSION,\n\tUri.parse(\"package:\" + getPackageName()));\n\tstartActivity(%1$s);\n}\r\n","color":"#FFFFD740","name":"Permission","typeName":"r","palette":"253","type":" ","spec":"Give Permission %m.intent Activity %m.activity "},{"code":"wm.addView(myView, params);","color":"#FFFFD740","name":"Complete","typeName":"r","palette":"253","type":" ","spec":"Start Floating"},{"code":"wm.removeView(myView);","color":"#FFFFD740","name":"cl","typeName":"r","palette":"253","type":" ","spec":"Close Window"}]