[{"code":"//create moreblock named \"library\" and put libfloatblock and button block\n\n//close block \u003d exit the floating window\n//show block \u003d opens floting window\n\n//oncreate block \u003d put it on oncreate","color":"#324D75","name":"Read this","typeName":"","palette":"9","type":"h","spec":"Pls. Read This"},{"code":"}\nprivate WindowManager windowManager;\nprivate WindowManager.LayoutParams layoutParams;\nprivate View displayView;\n\n\nprivate void showFloatingWindow() {\nLayoutInflater layoutInflater \u003d LayoutInflater.from(this);\ndisplayView \u003d layoutInflater.inflate(R.layout.%1$s, null);\n\n\n\n%2$s\n\ndisplayView.setOnTouchListener(new FloatingOnTouchListener());\n\nwindowManager.addView(displayView, layoutParams);\n}\n\n\nprivate class FloatingOnTouchListener implements View.OnTouchListener { \nprivate int x;\nprivate int y;\n\n@Override public boolean onTouch(View view, MotionEvent event) {\n\nswitch (event.getAction()) { \ncase MotionEvent.ACTION_DOWN: \nx \u003d (int) event.getRawX(); \ny \u003d (int) event.getRawY(); \nbreak;\n\ncase MotionEvent.ACTION_MOVE: int nowX \u003d (int) event.getRawX(); \nint nowY \u003d (int) event.getRawY(); \nint movedX \u003d nowX - x; \nint movedY \u003d nowY - y; \nx \u003d nowX; y \u003d nowY; \nlayoutParams.x \u003d layoutParams.x + movedX; \nlayoutParams.y \u003d layoutParams.y + movedY; windowManager.updateViewLayout(view, layoutParams); \nbreak; \ndefault: \nbreak; \n}\n return true;\n }\n }\n public void closes(){\ntry{\nwindowManager.removeView(displayView);\n}\ncatch(Exception e){\n        }\n    }\n  private boolean show \u003d false; \n\n{\n","color":"#324D75","name":"libfloat","typeName":"","palette":"9","type":"c","spec":"FloatLib XML layout  %s.inputOnly"},{"code":"Button %1$s \u003d displayView.findViewById(R.id.%2$s);\n\n%1$s.setOnClickListener(new View.OnClickListener() {\npublic void onClick(View v) {\n%3$s\n}\n});","color":"#324D75","name":"butt","typeName":"","palette":"9","type":"c","spec":"Button name %s.inputOnly ID %s.inputOnly"},{"code":"closes();","color":"#324D75","name":"close","typeName":"","palette":"9","type":" ","spec":"Close FloatingWindow"},{"code":"if (!android.provider.Settings.canDrawOverlays(MainActivity.this)){\n\tIntent intent \u003d new Intent(android.provider.Settings.ACTION_MANAGE_OVERLAY_PERMISSION, Uri.parse(\"package:\" + getPackageName()));\n    startActivity(intent);\n    }\n    else{\n    \tshowFloatingWindow();\n    }","color":"#324D75","name":"show","typeName":"","palette":"9","type":" ","spec":"Show Floating Window"},{"code":"showMessage(%1$s);","color":"#324D75","name":"toasta","typeName":"","palette":"9","type":" ","spec":"Toast %s"},{"code":"windowManager \u003d (WindowManager) getSystemService(WINDOW_SERVICE); \nlayoutParams \u003d new WindowManager.LayoutParams();\n\nif (Build.VERSION.SDK_INT \u003e\u003d Build.VERSION_CODES.O) { \nlayoutParams.type \u003d WindowManager.LayoutParams.TYPE_APPLICATION_OVERLAY; \n} else { \nlayoutParams.type \u003d WindowManager.LayoutParams.TYPE_PHONE; \n}\n\nlayoutParams.format \u003d PixelFormat.RGBA_8888;\nlayoutParams.gravity \u003d Gravity.LEFT | Gravity.TOP;\nlayoutParams.flags \u003d WindowManager.LayoutParams.FLAG_NOT_TOUCH_MODAL | WindowManager.LayoutParams.FLAG_NOT_FOCUSABLE;\nlayoutParams.width \u003d WindowManager.LayoutParams.WRAP_CONTENT; layoutParams.height \u003d WindowManager.LayoutParams.WRAP_CONTENT;\nlayoutParams.x \u003d 0;\nlayoutParams.y \u003d 0;","color":"#324D75","name":"onCreate","typeName":"","palette":"9","type":" ","spec":"OnCreate Caller"},{"code":"windowManager \u003d (WindowManager) getSystemService(WINDOW_SERVICE); \nlayoutParams \u003d new WindowManager.LayoutParams();\n\nif (Build.VERSION.SDK_INT \u003e\u003d Build.VERSION_CODES.O) { \nlayoutParams.type \u003d WindowManager.LayoutParams.TYPE_APPLICATION_OVERLAY; \n} else { \nlayoutParams.type \u003d WindowManager.LayoutParams.TYPE_PHONE; \n}\n\nlayoutParams.format \u003d PixelFormat.RGBA_8888;\nlayoutParams.gravity \u003d Gravity.LEFT | Gravity.TOP;\nlayoutParams.flags \u003d WindowManager.LayoutParams.FLAG_NOT_TOUCH_MODAL;\nlayoutParams.width \u003d WindowManager.LayoutParams.WRAP_CONTENT; layoutParams.height \u003d WindowManager.LayoutParams.WRAP_CONTENT;\nlayoutParams.x \u003d 0;\nlayoutParams.y \u003d 0;","color":"#324D75","name":"onCreateedittext","typeName":"","palette":"9","type":" ","spec":"OnCreate Caller for Edittext"},{"code":"LinearLayout %1$s \u003d displayView.findViewById(R.id.%2$s);\nEditText %3$s \u003d displayView.findViewById(R.id.%4$s);\n\n((LinearLayout)%1$s).removeView(%3$s); \nfinal com.google.android.material.textfield.TextInputLayout %5$s \u003d new com.google.android.material.textfield.TextInputLayout (this);\n %5$s.setLayoutParams(new LinearLayout.LayoutParams(LinearLayout.LayoutParams.MATCH_PARENT, LinearLayout.LayoutParams.WRAP_CONTENT)); \n\n %5$s.setPadding((int)getDip(2), (int)getDip(2) , (int)getDip(2) , (int)getDip(2) );\n%5$s.setGravity(Gravity.CENTER);\n%5$s.setHintEnabled(true);\n%5$s.setHint(\"%6$s\");\n%5$s.setBoxCornerRadii(5, 5, 5, 5);\n%5$s.setErrorEnabled(true);\n%5$s.setHintAnimationEnabled(true);\n\n%5$s.addView(%3$s);\n ((LinearLayout)%1$s).addView(%5$s);\n\n","color":"#324D75","name":"Material Input","typeName":"","palette":"9","type":" ","spec":"LayoutName %s.inputOnly \u0026 ID%s.inputOnly | Edittext name %s.inputOnly \u0026 ID %s.inputOnly | Material %s.inputOnly Hint %s.inputOnly"},{"code":"LinearLayout %1$s \u003d displayView.findViewById(R.id.%2$s);\nEditText %3$s \u003d displayView.findViewById(R.id.%4$s);\n\n((LinearLayout)%1$s).removeView(%3$s); \nfinal com.google.android.material.textfield.TextInputLayout %5$s \u003d new com.google.android.material.textfield.TextInputLayout (this);\n %5$s.setLayoutParams(new LinearLayout.LayoutParams(LinearLayout.LayoutParams.MATCH_PARENT, LinearLayout.LayoutParams.WRAP_CONTENT)); \n\n %5$s.setPadding((int)getDip(2), (int)getDip(2) , (int)getDip(2) , (int)getDip(2) );\n%5$s.setGravity(Gravity.CENTER);\n%5$s.setHintEnabled(true);\n%5$s.setHint(\"%6$s\");\n%5$s.setBoxBackgroundMode(%5$s.BOX_BACKGROUND_OUTLINE); \n%5$s.setBoxStrokeColor(%7$s);\n%5$s.setBoxCornerRadii(5, 5, 5, 5);\n%5$s.setErrorEnabled(true);\n%5$s.setHintAnimationEnabled(true);\n\n%5$s.addView(%3$s);\n ((LinearLayout)%1$s).addView(%5$s);","color":"#324D75","name":"Material Input2","typeName":"","palette":"9","type":" ","spec":"LayoutName %s.inputOnly \u0026 ID%s.inputOnly | Edittext name %s.inputOnly \u0026 ID %s.inputOnly | Material %s.inputOnly Hint %s.inputOnly | Color %m.color"},{"code":"\nImageView %1$s \u003d displayView.findViewById(R.id.%2$s);\nEditText %3$s \u003d displayView.findViewById(R.id.%4$s);\n\n%1$s.setOnClickListener(new View.OnClickListener() {\r\n\t\t\t@Override\r\n\t\t\tpublic void onClick(View _view) {\nshowMessage(\"Click\");\r\n\t\t\t\tif (show) {\r\nshow \u003d false;\t\t\t\t\t\r\n\t\t\t\t\t//Hide password\t\t\t\t\t%3$s.setTransformationMethod(android.text.method.PasswordTransformationMethod.getInstance())\n\t\t\t\t}\r\n\t\t\t\telse {\t\nshow \u003d true;\t\t\t\t\r\n\t\t\t\t\t//Show password\t\t\t\t\t%3$s.setTransformationMethod(android.text.method.HideReturnsTransformationMethod.getInstance());\r\n\t\t\t\t}\r\n\t\t\t}\r\n\t\t});","color":"#324D75","name":"password","typeName":"","palette":"9","type":" ","spec":"Show/Hide Password Name %s.inputOnly ID %s.inputOnly EditText %s.inputOnly ID %s.inputOnly"},{"code":"final LinearLayout %1$s \u003d displayView.findViewById(R.id.%2$s);\n\n%1$s.setBackground(new android.graphics.drawable.GradientDrawable() { public android.graphics.drawable.GradientDrawable getIns(int a, int b) { this.setCornerRadius(a); this.setColor(b); return this; } }.getIns((int)%3$s,%4$s));\n","color":"#324D75","name":"Round","typeName":"","palette":"9","type":" ","spec":"RoundView Name %s.inputOnly ID %s.inputOnly Radius %d Color %m.color "},{"code":"LinearLayout exit \u003d displayView.findViewById(R.id.%1$s);\n       \nexit.setBackground(new android.graphics.drawable.GradientDrawable() { public android.graphics.drawable.GradientDrawable getIns(int a, int b) { this.setCornerRadius(a); this.setColor(b); return this; } }.getIns((int)%2$s,%3$s));\n\nexit.setOnClickListener(new View.OnClickListener() {\npublic void onClick(View v) {\n%4$s\n}\n});","color":"#324D75","name":"Round2","typeName":"","palette":"9","type":"c","spec":"HideView ID %s.inputOnly Radius %d Color %m.color "},{"code":"%1$s.setVisibility(View.GONE);         ","color":"#324D75","name":"gone","typeName":"","palette":"9","type":" ","spec":"GoneLayout %s.inputOnly"},{"code":"%1$s.setVisibility(View.VISIBLE);         ","color":"#324D75","name":"kita","typeName":"","palette":"9","type":" ","spec":"VisibleLayout %s.inputOnly"}]