[{"code":"if (!android.provider.Settings.canDrawOverlays(MainActivity.this)){\n\tIntent intent \u003d new Intent(android.provider.Settings.ACTION_MANAGE_OVERLAY_PERMISSION, Uri.parse(\"package:\" + getPackageName()));\n    startActivity(intent);\n    }\n    else{\nIntent startMain \u003d new Intent(Intent.ACTION_MAIN); startMain.addCategory(Intent.CATEGORY_HOME); //startMain.setFlags(Intent.FLAG_ACTIVITY_EXCLUDE_FROM_RECENTS); \nstartActivity(startMain);\n\n int LAYOUT_FLAG;\nif (Build.VERSION.SDK_INT \u003e\u003d Build.VERSION_CODES.O) {\n    LAYOUT_FLAG \u003d WindowManager.LayoutParams.TYPE_APPLICATION_OVERLAY;\n} else {\n    LAYOUT_FLAG \u003d WindowManager.LayoutParams.TYPE_PHONE;\n}\n\nfinal WindowManager.LayoutParams params \u003d new WindowManager.LayoutParams(\n    WindowManager.LayoutParams.WRAP_CONTENT,\n    WindowManager.LayoutParams.WRAP_CONTENT,\n    LAYOUT_FLAG,\n      \n    WindowManager.LayoutParams.FLAG_NOT_TOUCH_MODAL | WindowManager.LayoutParams.FLAG_NOT_FOCUSABLE\n     , \n\n    PixelFormat.TRANSPARENT);\n\n  final  WindowManager wm \u003d (WindowManager) getSystemService(WINDOW_SERVICE);\n    LayoutInflater inflater \u003d (LayoutInflater) getSystemService(LAYOUT_INFLATER_SERVICE);\n    //View myView \u003d inflater.inflate(R.layout.floating, null);\n\nfinal View myView \u003d (View) getLayoutInflater().inflate(R.layout.%1$s, null); \n\n\nLinearLayout hold \u003d (LinearLayout) myView.findViewById(R.id.%2$s);\nhold.setBackground(new android.graphics.drawable.GradientDrawable() { public android.graphics.drawable.GradientDrawable getIns(int a, int b) { this.setCornerRadius(a); this.setColor(b); return this; } }.getIns((int)360, %3$s));\n\n    hold.setOnTouchListener(new OnTouchListener() {\nprivate int x;\nprivate int y;\n       @Override\n       public boolean onTouch(View v, MotionEvent event) {\n\n switch (event.getAction()) { \ncase MotionEvent.ACTION_DOWN: \nx \u003d (int) event.getRawX(); \ny \u003d (int) event.getRawY(); \nbreak;\n\ncase MotionEvent.ACTION_MOVE: int nowX \u003d (int) event.getRawX(); \nint nowY \u003d (int) event.getRawY(); \nint movedX \u003d nowX - x; \nint movedY \u003d nowY - y; \nx \u003d nowX; y \u003d nowY; \nparams.x \u003d params.x + movedX; \nparams.y \u003d params.y + movedY; wm.updateViewLayout(myView, params); \nbreak; \ndefault: \nbreak; \n}\n return false;\n }\n });\n\n   //Specify the view position\n       params.gravity \u003d Gravity.TOP | Gravity.LEFT;        //Initially view will be added to top-left corner\n       params.x \u003d 0;\n       params.y \u003d 0;\n\n%4$s\n\nwm.addView(myView, params);\n}\n","color":"#FF5240","name":"FloatNiCyberAlpha","typeName":"","palette":"10","type":"c","spec":"Layout %m.customViews Holder %s.inputOnly Color %m.color"},{"code":"if (!android.provider.Settings.canDrawOverlays(MainActivity.this)){\n\tIntent intent \u003d new Intent(android.provider.Settings.ACTION_MANAGE_OVERLAY_PERMISSION, Uri.parse(\"package:\" + getPackageName()));\n    startActivity(intent);\n    }\n    else{\nIntent startMain \u003d new Intent(Intent.ACTION_MAIN); startMain.addCategory(Intent.CATEGORY_HOME); //\nstartActivity(startMain);\n\n int LAYOUT_FLAG;\nif (Build.VERSION.SDK_INT \u003e\u003d Build.VERSION_CODES.O) {\n    LAYOUT_FLAG \u003d WindowManager.LayoutParams.TYPE_APPLICATION_OVERLAY;\n} else {\n    LAYOUT_FLAG \u003d WindowManager.LayoutParams.TYPE_PHONE;\n}\n\nfinal WindowManager.LayoutParams params \u003d new WindowManager.LayoutParams(\n    WindowManager.LayoutParams.WRAP_CONTENT,\n    WindowManager.LayoutParams.WRAP_CONTENT,\n    LAYOUT_FLAG,\n      \n    WindowManager.LayoutParams.FLAG_NOT_TOUCH_MODAL | WindowManager.LayoutParams.FLAG_NOT_FOCUSABLE\n     , \n\n    PixelFormat.TRANSPARENT);\n\n  final  WindowManager wm \u003d (WindowManager) getSystemService(WINDOW_SERVICE);\n    LayoutInflater inflater \u003d (LayoutInflater) getSystemService(LAYOUT_INFLATER_SERVICE);\n    //View myView \u003d inflater.inflate(R.layout.floating, null);\n\nfinal View myView \u003d (View) getLayoutInflater().inflate(R.layout.%1$s ,null); \n\n\nFrameLayout hold \u003d (FrameLayout) myView.findViewById(R.id.%2$s);\nhold.setBackground(new android.graphics.drawable.GradientDrawable() { public android.graphics.drawable.GradientDrawable getIns(int a, int b) { this.setCornerRadius(a); this.setColor(b); return this; } }.getIns((int)360, %3$s));\n\n    hold.setOnTouchListener(new OnTouchListener() {\nprivate int x;\nprivate int y;\n       @Override\n       public boolean onTouch(View v, MotionEvent event) {\n\n switch (event.getAction()) { \ncase MotionEvent.ACTION_DOWN: \nx \u003d (int) event.getRawX(); \ny \u003d (int) event.getRawY(); \nbreak;\n\ncase MotionEvent.ACTION_MOVE: int nowX \u003d (int) event.getRawX(); \nint nowY \u003d (int) event.getRawY(); \nint movedX \u003d nowX - x; \nint movedY \u003d nowY - y; \nx \u003d nowX; y \u003d nowY; \nparams.x \u003d params.x + movedX; \nparams.y \u003d params.y + movedY; wm.updateViewLayout(myView, params); \nbreak; \ndefault: \nbreak; \n}\n return false;\n }\n });\n\n   //Specify the view position\n       params.gravity \u003d Gravity.TOP | Gravity.LEFT;        //Initially view will be added to top-left corner\n       params.x \u003d 0;\n       params.y \u003d 0;\n\n%4$s\n\nwm.addView(myView, params);\n}\n","color":"#FF5240","name":"FrameFloatNiCyberAlpha","typeName":"","palette":"10","type":"c","spec":"FrameLayout %m.customViews Holder %s.inputOnly Color %m.color"},{"code":"if (!android.provider.Settings.canDrawOverlays(MainActivity.this)){\n\tIntent intent \u003d new Intent(android.provider.Settings.ACTION_MANAGE_OVERLAY_PERMISSION, Uri.parse(\"package:\" + getPackageName()));\n    startActivity(intent);\n    }\n    else{\nIntent startMain \u003d new Intent(Intent.ACTION_MAIN); startMain.addCategory(Intent.CATEGORY_HOME); //startMain.setFlags(Intent.FLAG_ACTIVITY_EXCLUDE_FROM_RECENTS); \nstartActivity(startMain);\n\n int LAYOUT_FLAG;\nif (Build.VERSION.SDK_INT \u003e\u003d Build.VERSION_CODES.O) {\n    LAYOUT_FLAG \u003d WindowManager.LayoutParams.TYPE_APPLICATION_OVERLAY;\n} else {\n    LAYOUT_FLAG \u003d WindowManager.LayoutParams.TYPE_PHONE;\n}\n\nfinal WindowManager.LayoutParams params \u003d new WindowManager.LayoutParams(\n    WindowManager.LayoutParams.WRAP_CONTENT,\n    WindowManager.LayoutParams.WRAP_CONTENT,LAYOUT_FLAG, WindowManager.LayoutParams.FLAG_NOT_TOUCH_MODAL,\n     PixelFormat.TRANSPARENT);\n\n  final  WindowManager wm \u003d (WindowManager) getSystemService(WINDOW_SERVICE);\n    LayoutInflater inflater \u003d (LayoutInflater) getSystemService(LAYOUT_INFLATER_SERVICE);\n    //View myView \u003d inflater.inflate(R.layout.floating, null);\n\nfinal View myView \u003d (View) getLayoutInflater().inflate(R.layout.%1$s, null); \n\n\nfinal LinearLayout hold \u003d (LinearLayout) myView.findViewById(R.id.%2$s);\nhold.setBackground(new android.graphics.drawable.GradientDrawable() { public android.graphics.drawable.GradientDrawable getIns(int a, int b) { this.setCornerRadius(a); this.setColor(b); return this; } }.getIns((int)360, %3$s));\n\n\n    hold.setOnTouchListener(new OnTouchListener() {\nprivate int x;\nprivate int y;\n       @Override\n       public boolean onTouch(View v, MotionEvent event) {\n switch (event.getAction()) { \ncase MotionEvent.ACTION_DOWN: \nx \u003d (int) event.getRawX(); \ny \u003d (int) event.getRawY(); \nbreak;\n\ncase MotionEvent.ACTION_MOVE:\n int nowX \u003d (int) event.getRawX(); \nint nowY \u003d (int) event.getRawY(); \nint movedX \u003d nowX - x; \nint movedY \u003d nowY - y; \nx \u003d nowX; y \u003d nowY; \nparams.x \u003d params.x + movedX; \nparams.y \u003d params.y + movedY;\nwm.updateViewLayout(myView, params); \nbreak; \ndefault: \nbreak; \n}\n return false;\n }\n });\n\n   //Specify the view position\n       params.gravity \u003d Gravity.TOP | Gravity.LEFT;        //Initially view will be added to top-left corner\n       params.x \u003d 0;\n       params.y \u003d 0;\n\n%4$s\n\nwm.addView(myView, params);\n}","color":"#FF5240","name":"FloatNiCyberAlpha2","typeName":"","palette":"10","type":"c","spec":"2Layout %m.customViews Holder %s.inputOnly Color %m.color"},{"code":"final LinearLayout   %1$s \u003d (LinearLayout) myView.findViewById(R.id.%2$s);\n\n%1$s.setBackground(new android.graphics.drawable.GradientDrawable() { public android.graphics.drawable.GradientDrawable getIns(int a, int b) { this.setCornerRadius(a); this.setColor(b); return this; } }.getIns((int)%3$s, %4$s));","color":"#FF5240","name":"roundbilog","typeName":"","palette":"10","type":" ","spec":"LinearView Name %s.inputOnly ID %s.inputOnly Radius %d Color %m.color"},{"code":"final LinearLayout   %1$s \u003d (LinearLayout) myView.findViewById(R.id.%2$s);\n\n%1$s.setBackground(new android.graphics.drawable.GradientDrawable() { public android.graphics.drawable.GradientDrawable getIns(int a, int b) { this.setCornerRadius(a); this.setColor(b); return this; } }.getIns((int)%3$s, %4$s));\n\n%1$s.setOnTouchListener(new OnTouchListener() {\nprivate int x;\nprivate int y;\n       @Override\n       public boolean onTouch(View v, MotionEvent event) {\n\n switch (event.getAction()) { \ncase MotionEvent.ACTION_DOWN: \nx \u003d (int) event.getRawX(); \ny \u003d (int) event.getRawY(); \nbreak;\n\ncase MotionEvent.ACTION_MOVE: \nint nowX \u003d (int) event.getRawX(); \nint nowY \u003d (int) event.getRawY(); \nint movedX \u003d nowX - x; \nint movedY \u003d nowY - y; \nx \u003d nowX; y \u003d nowY; \nparams.x \u003d params.x + movedX; \nparams.y \u003d params.y + movedY;\nwm.updateViewLayout(myView, params); \nbreak; \ndefault: \nbreak; \n}\n return true;\n }\n });","color":"#FF5240","name":"roundbilog drag","typeName":"","palette":"10","type":" ","spec":"LinearView Drag Name %s.inputOnly ID %s.inputOnly Radius %d Color %m.color"},{"code":"final LinearLayout   %1$s \u003d (LinearLayout) myView.findViewById(R.id.%2$s);\n\n%1$s.setBackground(new android.graphics.drawable.GradientDrawable() { public android.graphics.drawable.GradientDrawable getIns(int a, int b) { this.setCornerRadius(a); this.setColor(b); return this; } }.getIns((int)%3$s, Color.parseColor(%4$s)));","color":"#FF5240","name":"roundbilogmano","typeName":"","palette":"10","type":" ","spec":"LinearView Name %s.inputOnly ID %s.inputOnly Radius %d Color %s"},{"code":"final FrameLayout   %1$s \u003d (FrameLayout) myView.findViewById(R.id.%2$s);\n\n%1$s.setBackground(new android.graphics.drawable.GradientDrawable() { public android.graphics.drawable.GradientDrawable getIns(int a, int b) { this.setCornerRadius(a); this.setColor(b); return this; } }.getIns((int)%3$s, %4$s));","color":"#FF5240","name":"roundbilogframe","typeName":"","palette":"10","type":" ","spec":"FrameView Name %s.inputOnly ID %s.inputOnly Radius %d Color %m.color"},{"code":"final FrameLayout   %1$s \u003d (FrameLayout) myView.findViewById(R.id.%2$s);\n\n%1$s.setBackground(new android.graphics.drawable.GradientDrawable() { \npublic android.graphics.drawable.GradientDrawable getIns(int a, int b) \n{ \nthis.setCornerRadius(a); this.setColor(b); return this; \n} }\n.getIns((int)%3$s, Color.parseColor(%4$s)));","color":"#FF5240","name":"roundbilogframemano","typeName":"","palette":"10","type":" ","spec":"FrameView Name %s.inputOnly ID %s.inputOnly Radius %d Color %s"},{"code":"wm.removeView(myView);","color":"#FF5240","name":"ExitWindow","typeName":"","palette":"10","type":" ","spec":"Exit Window"},{"code":"Button %1$s \u003d (Button) myView.findViewById(R.id.%2$s);\n\n%1$s.setOnClickListener(new OnClickListener() { \n@Override \npublic void onClick(View v) {\n%3$s\n} });","color":"#FF5240","name":"buttonview","typeName":"","palette":"10","type":"c","spec":"Button Name %s.inputOnly ID %s.inputOnly"},{"code":"TextView %1$s \u003d (TextView) myView.findViewById(R.id.%2$s);\n\n%1$s.setOnClickListener(new OnClickListener() { \n@Override \npublic void onClick(View v) {\n%3$s\n} });","color":"#FF5240","name":"textview","typeName":"","palette":"10","type":"c","spec":"Textview Name %s.inputOnly ID %s.inputOnly"},{"code":"ImageView i%1$s \u003d (ImageView) myView.findViewById(R.id.%1$s);\n\ni%1$s.setOnClickListener(new OnClickListener() { \n@Override \npublic void onClick(View v) {\n%2$s\n} });","color":"#FF5240","name":"imageview","typeName":"","palette":"10","type":"c","spec":"Imageview ID %s.inputOnly"},{"code":"final LinearLayout %1$s \u003d (LinearLayout) myView.findViewById(R.id.%2$s);\n%1$s.setOnClickListener(new OnClickListener() { \n@Override \npublic void onClick(View v) {\n%3$s\n} });","color":"#FF5240","name":"holderlin","typeName":"","palette":"10","type":"c","spec":"Holder Onclick Name %s.inputOnly ID %s.inputOnly"},{"code":"%1$s.setVisibility(View.GONE);         ","color":"#FF5240","name":"gonkil","typeName":"","palette":"10","type":" ","spec":"Layout Gone %s.inputOnly"},{"code":"%1$s.setVisibility(View.VISIBLE);         ","color":"#FF5240","name":"visiball","typeName":"","palette":"10","type":" ","spec":"Layout Visible %s.inputOnly"},{"code":"ListView %1$s \u003d (ListView) myView.findViewById(R.id.%2$s);\nArrayList\u003cString\u003e %3$s \u003d new ArrayList\u003c\u003e();\n\n%4$s\n\n%1$s.setAdapter(new ArrayAdapter\u003cString\u003e(getBaseContext(), android.R.layout.simple_list_item_1, %3$s));\r","color":"#FF5240","name":"custlist","typeName":"","palette":"10","type":"c","spec":"ListView Name %s.inputOnly ID %s.inputOnly ListSrting %s.inputOnly"},{"code":"((BaseAdapter)%1$s.getAdapter()).notifyDataSetChanged();","color":"#FF5240","name":"reflist","typeName":"","palette":"10","type":" ","spec":"Refresh List %s.inputOnly"},{"code":"%2$s.add(%1$s);","color":"#FF5240","name":"stringmoer","typeName":"","palette":"10","type":" ","spec":"Add %s to ListString %s.inputOnly"},{"code":"%1$s.setOnItemClickListener(new AdapterView.OnItemClickListener() {\r\n\t\t\t@Override\r\n\t\t\tpublic void onItemClick(AdapterView\u003c?\u003e _param1, View _param2, int _param3, long _param4) {\r\n\t\t\t\tfinal int _position \u003d _param3;\r\n\t\t\t\t%2$s\r\t\t\t\r\n\t\t\t}\r\n\t\t});","color":"#FF5240","name":"onclicker","typeName":"","palette":"10","type":"c","spec":"List onclick %s.inputOnly"},{"code":"_position","color":"#FF5240","name":"postal","typeName":"","palette":"10","type":"d","spec":"position"},{"code":"LinearLayout %1$s \u003d myView.findViewById(R.id.%2$s);\nEditText %3$s \u003d myView.findViewById(R.id.%4$s);\n\n((LinearLayout)%1$s).removeView(%3$s); \nfinal com.google.android.material.textfield.TextInputLayout %5$s \u003d new com.google.android.material.textfield.TextInputLayout (MainActivity.this);\n %5$s.setLayoutParams(new LinearLayout.LayoutParams(LinearLayout.LayoutParams.MATCH_PARENT, LinearLayout.LayoutParams.WRAP_CONTENT)); \n\n %5$s.setPadding((int)getDip(2), (int)getDip(2) , (int)getDip(2) , (int)getDip(2) );\n%5$s.setGravity(Gravity.CENTER);\n%5$s.setHintEnabled(true);\n%5$s.setHint(\"%6$s\");\n%5$s.setBoxBackgroundMode(%5$s.BOX_BACKGROUND_OUTLINE); \n%5$s.setBoxStrokeColor(%7$s);\n%5$s.setBoxCornerRadii(5, 5, 5, 5);\n%5$s.setErrorEnabled(true);\n%5$s.setHintAnimationEnabled(true);\n\n%5$s.addView(%3$s);\n ((LinearLayout)%1$s).addView(%5$s);","color":"#FF5240","name":"Material Input2","typeName":"","palette":"10","type":" ","spec":"LayoutName %s.inputOnly \u0026 ID%s.inputOnly | Edittext name %s.inputOnly \u0026 ID %s.inputOnly | Material %s.inputOnly Hint %s.inputOnly | Color %m.color"},{"code":"%1$s.getText().toString()","color":"#FF5240","name":"gtext","typeName":"","palette":"10","type":"s","spec":"%s.inputOnly getText"},{"code":"RequestNetwork.RequestListener %1$s \u003d new RequestNetwork.RequestListener() {\r\n\t@Override\r\n\t\t\tpublic void onResponse(String _param1, String _param2) {\r\n\t\t\t\tfinal String _tag \u003d _param1;\r\n\t\t\t\tfinal String _response \u003d _param2;\r\n\t\t\t%2$s\t\r\n\t\t\t}\r\n\t\t\t\r\n\t\t\t@Override\r\n\t\t\tpublic void onErrorResponse(String _param1, String _param2) {\r\n\t\t\t\tfinal String _tag \u003d _param1;\r\n\t\t\t\tfinal String _message \u003d _param2;\r\n\t\t\t\t%3$s\r\n\t\t\t}\r\n\t\t};","color":"#FF5240","name":"requestmo","typeName":"","palette":"10","type":"e","spec":"%s.inputOnly Request Network"},{"code":"_response","color":"#FF5240","name":"respo","typeName":"","palette":"10","type":"s","spec":"response"},{"code":"%1$s.smoothScrollToPosition((int)(%2$s.size()));","color":"#FF5240","name":"smoter","typeName":"","palette":"10","type":" ","spec":"%s.inputOnly smoothScroll %s.inputOnly"},{"code":"EditText %1$s \u003d myView.findViewById(R.id.%2$s);\n\n%1$s.setText(%3$s);","color":"#FF5240","name":"texsor","typeName":"","palette":"10","type":" ","spec":"Name %s.inputOnly ID %s.inputOnly setText %s"},{"code":"%1$s.setText(%2$s);","color":"#FF5240","name":"texsor2","typeName":"","palette":"10","type":" ","spec":"%s.inputOnly NonID setText %s"},{"code":"EditText %1$s \u003d myView.findViewById(R.id.%2$s);\n%1$s.setCursorVisible(%3$s);\n%1$s.setFocusable(%3$s);","color":"#FF5240","name":"primera","typeName":"","palette":"10","type":" ","spec":"SetFocus Name %s.inputOnly ID %s.inputOnly %b"},{"code":"TextView %1$s \u003d (TextView)myView.findViewById(R.id.%2$s); %1$s.setEllipsize(TextUtils.TruncateAt.MARQUEE); %1$s.setText(\"%3$s\"); %1$s.setSelected(true); %1$s.setSingleLine(true);","color":"#FF5240","name":"running text","typeName":"","palette":"10","type":" ","spec":"Running Text setName %s.inputOnly setID %s.inputOnly setText %s.inputOnly "},{"code":"ImageView %1$s \u003d (ImageView) myView.findViewById(R.id.%2$s);\n\n%1$s.setOnClickListener(new OnClickListener() { \n@Override \npublic void onClick(View v) {\n\n%3$s\n\n} });","color":"#FF5240","name":"paste","typeName":"","palette":"10","type":"c","spec":"Icon Paste  Name %s.inputOnly ID %s.inputOnly"},{"code":"EditText %1$s \u003d myView.findViewById(R.id.%2$s);\n\nandroid.content.ClipboardManager clipboard \u003d (android.content.ClipboardManager) getSystemService(CLIPBOARD_SERVICE);\nClipData clipData \u003d clipboard.getPrimaryClip();\n\nString clip \u003d clipData.getItemAt(0).getText().toString();\n%1$s.setText(clip);\n","color":"#FF5240","name":"editpaste","typeName":"","palette":"10","type":" ","spec":"EditText Paste Name %s.inputOnly ID %s.inputOnly"},{"code":"%1$s.getLineCount();\n%1$s.append(String.valueOf(%1$s)+\"\\n\");","color":"#FF5240","name":"appendix","typeName":"","palette":"10","type":" ","spec":"%s.inputOnly append"},{"code":"final TextView d%1$s \u003d (TextView) myView.findViewById(R.id.%1$s);\n\nd%1$s.setText(%2$s);\nd%1$s.setTextColor(%3$s);","color":"#FF5240","name":"lutext","typeName":"","palette":"10","type":" ","spec":"%s.inputOnly setText %s Color %m.color"},{"code":"Switch %1$sat \u003d(Switch)myView.findViewById(R.id.%1$s);\n\nandroid.content.res.ColorStateList %1$satph \u003d new android.content.res.ColorStateList( new int[][]{ new int[]{-android.R.attr.state_enabled}, new int[]{android.R.attr.state_checked}, new int[]{} }, new int[]{ Color.BLUE, %2$s, %3$s } );\n%1$sat.setThumbTintList(%1$satph);\n\n//code by CyberAlpha PH","color":"#FF5240","name":"CyberAlpha Switch Color Mano","typeName":"","palette":"10","type":" ","spec":"%s.inputOnly ON Color %m.color  OFF Color %m.color "},{"code":"Switch %1$sha \u003d (Switch)myView.findViewById(R.id.%1$s);\n\n%1$sha.setOnCheckedChangeListener(new CompoundButton.OnCheckedChangeListener() {\r\n\t\t\t@Override\r\n\t\t\tpublic void onCheckedChanged(CompoundButton _param1, boolean _param2)  {\r\n\t\t\t\tfinal boolean _isChecked \u003d _param2;\r\n\t\t\t\tif (_isChecked) {\r\n\t\t\t\t\t%2$s\r\n\t\t\t\t}\r\n\t\t\t\telse {\r\n\t\t\t\t\t%3$s\r\n\t\t\t\t}\r\n\t\t\t}\r\n\t\t});","color":"#FF5240","name":"Floater Switch","typeName":"","palette":"10","type":"e","spec":"Switch ID %s.inputOnly"}]