[{"code":"//This block is Coded by CyberAlpha PH\n\noverrideFonts(this,getWindow().getDecorView());\n}\nprivate void overrideFonts(final android.content.Context context, final View v) {\n\nString type \u003d \"%2$s\";\nint op \u003d 0;\n\n\tif (type.equals(\"normal\")) {\r\n\t\t\top \u003d 0;\r\n\t\t}\r\n\t\tif (type.equals(\"bold\")) {\r\n\t\t\top \u003d 1;\r\n\t\t}\nif (type.equals(\"italic\")) {\r\n\t\t\top \u003d 2;\r\n\t\t}\r\n\t\tif (type.equals(\"bold|italic\")) {\r\n\t\t\top \u003d 3;\r\n\t\t}\n\n\t\ttry {\n\t\t\tTypeface typeace \u003d Typeface.createFromAsset(getAssets(),\"fonts/%1$s.ttf\");\r\n\t\t\tif (v instanceof ViewGroup) \n{\r\n\t\t\t\tViewGroup vg \u003d (ViewGroup) v;\n\t\t\t\tfor (int i \u003d 0;\n\t\t\t\ti \u003c vg.getChildCount();\n\t\t\t\ti++) {\n\t\t\t\t\tView child \u003d vg.getChildAt(i);\n\t\t\t\t\toverrideFonts(context, child);\n\t\t\t\t}\r\n\t\t\t}\r\n\t\t\telse {\r\n\t\t\t\tif ((v instanceof TextView)) {\r\n\t\t\t\t\t((TextView) v).setTypeface(typeace, (op));\r\n\t\t\t\t}\r\n\t\t\t\telse {\r\n\t\t\t\t\tif ((v instanceof EditText )) {\r\n\t\t\t\t\t\t((EditText) v).setTypeface(typeace, (op));\r\n\t\t\t\t\t}\r\n\t\t\t\t\telse {\r\n\t\t\t\t\t\tif ((v instanceof Button)) {\r\n\t\t\t\t\t\t\t((Button) v).setTypeface(typeace, (op));\n\t\t\t\t\t\t}\r\n\t\t\t\t\t}\r\n\t\t\t\t}\r\n\t\t\t}\r\n\t\t}\r\n\t\tcatch(Exception e)\n\t\t\n\t\t{\r\n\t\t\tSketchwareUtil.showMessage(getApplicationContext(), \"Error Loading Font\");\r\n\t\t};","color":"#8C3A3A","name":"All font by ATPH(TTF)","typeName":"","palette":"251","type":" ","spec":"SetFont from %m.font to All Activity with style %m.typeface"},{"code":"//This block is Coded by CyberAlpha PH\n\noverrideFonts(getApplicationContext(),getWindow().getDecorView());\n}\nprivate void overrideFonts(final android.content.Context context, final View v) {\n\nString type \u003d \"%2$s\";\nint op \u003d 0;\n\n\tif (type.equals(\"normal\")) {\r\n\t\t\top \u003d 0;\r\n\t\t}\r\n\t\tif (type.equals(\"bold\")) {\r\n\t\t\top \u003d 1;\r\n\t\t}\nif (type.equals(\"italic\")) {\r\n\t\t\top \u003d 2;\r\n\t\t}\r\n\t\tif (type.equals(\"bold|italic\")) {\r\n\t\t\top \u003d 3;\r\n\t\t}\n\n\t\ttry {\n\t\t\tTypeface typeace \u003d Typeface.createFromAsset(getAssets(),\"fonts/%1$s.otf\");\r\n\t\t\tif (v instanceof ViewGroup) \n{\r\n\t\t\t\tViewGroup vg \u003d (ViewGroup) v;\n\t\t\t\tfor (int i \u003d 0;\n\t\t\t\ti \u003c vg.getChildCount();\n\t\t\t\ti++) {\n\t\t\t\t\tView child \u003d vg.getChildAt(i);\n\t\t\t\t\toverrideFonts(context, child);\n\t\t\t\t}\r\n\t\t\t}\r\n\t\t\telse {\r\n\t\t\t\tif ((v instanceof TextView)) {\r\n\t\t\t\t\t((TextView) v).setTypeface(typeace, (op));\r\n\t\t\t\t}\r\n\t\t\t\telse {\r\n\t\t\t\t\tif ((v instanceof EditText )) {\r\n\t\t\t\t\t\t((EditText) v).setTypeface(typeace, (op));\r\n\t\t\t\t\t}\r\n\t\t\t\t\telse {\r\n\t\t\t\t\t\tif ((v instanceof Button)) {\r\n\t\t\t\t\t\t\t((Button) v).setTypeface(typeace, (op));\n\t\t\t\t\t\t}\r\n\t\t\t\t\t}\r\n\t\t\t\t}\r\n\t\t\t}\r\n\t\t}\r\n\t\tcatch(Exception e)\n\t\t\n\t\t{\r\n\t\t\tSketchwareUtil.showMessage(getApplicationContext(), \"Error Loading Font\");\r\n\t\t};","color":"#8C3A3A","name":"All font by ATPH OTF","typeName":"","palette":"251","type":" ","spec":"SetFont from %m.font to All Activity with style %m.typeface"},{"code":"//This block is Coded by CyberAlpha PH\n\noverrideFonts(getApplicationContext(),getActivity().getWindow().getDecorView());\n}\nprivate void overrideFonts(final android.content.Context context, final View v) {\n\nString type \u003d \"%2$s\";\nint op \u003d 0;\n\n\tif (type.equals(\"normal\")) {\r\n\t\t\top \u003d 0;\r\n\t\t}\r\n\t\tif (type.equals(\"bold\")) {\r\n\t\t\top \u003d 1;\r\n\t\t}\nif (type.equals(\"italic\")) {\r\n\t\t\top \u003d 2;\r\n\t\t}\r\n\t\tif (type.equals(\"bold|italic\")) {\r\n\t\t\top \u003d 3;\r\n\t\t}\n\n\t\ttry {\n\t\t\tTypeface typeace \u003d Typeface.createFromAsset(getAssets(),\"fonts/%1$s.otf\");\r\n\t\t\tif (v instanceof ViewGroup) \n{\r\n\t\t\t\tViewGroup vg \u003d (ViewGroup) v;\n\t\t\t\tfor (int i \u003d 0;\n\t\t\t\ti \u003c vg.getChildCount();\n\t\t\t\ti++) {\n\t\t\t\t\tView child \u003d vg.getChildAt(i);\n\t\t\t\t\toverrideFonts(context, child);\n\t\t\t\t}\r\n\t\t\t}\r\n\t\t\telse {\r\n\t\t\t\tif ((v instanceof TextView)) {\r\n\t\t\t\t\t((TextView) v).setTypeface(typeace, (op));\r\n\t\t\t\t}\r\n\t\t\t\telse {\r\n\t\t\t\t\tif ((v instanceof EditText )) {\r\n\t\t\t\t\t\t((EditText) v).setTypeface(typeace, (op));\r\n\t\t\t\t\t}\r\n\t\t\t\t\telse {\r\n\t\t\t\t\t\tif ((v instanceof Button)) {\r\n\t\t\t\t\t\t\t((Button) v).setTypeface(typeace, (op));\n\t\t\t\t\t\t}\r\n\t\t\t\t\t}\r\n\t\t\t\t}\r\n\t\t\t}\r\n\t\t}\r\n\t\tcatch(Exception e)\n\t\t\n\t\t{\r\n\t\t\tSketchwareUtil.showMessage(getApplicationContext(), \"Error Loading Font\");\r\n\t\t};","color":"#8C3A3A","name":"All font by ATPH OTF 2","typeName":"","palette":"251","type":" ","spec":"SetFont OTF from %m.font to All Activity with style %m.typeface"},{"code":"//This block is Coded by CyberAlpha PH\n\nString type \u003d \"%3$s\";\nint op \u003d 0;\n\n\tif (type.equals(\"normal\")) {\r\n\t\t\top \u003d 0;\r\n\t\t}\r\n\t\tif (type.equals(\"bold\")) {\r\n\t\t\top \u003d 1;\r\n\t\t}\nif (type.equals(\"italic\")) {\r\n\t\t\top \u003d 2;\r\n\t\t}\r\n\t\tif (type.equals(\"bold|italic\")) {\r\n\t\t\top \u003d 3;\r\n\t\t}\n\n\t\ttry {\n\t\t\tTypeface typeace \u003d Typeface.createFromAsset(getAssets(),\"fonts/%2$s.ttf\");\r\n\t\t\t\r\n%1$s.setTypeface(typeace, (op));\r\n\t\t}\r\n\t\tcatch(Exception e)\n\t\t\n\t\t{\r\n\t\t\tSketchwareUtil.showMessage(getApplicationContext(), \"Error Loading Font\");\r\n\t\t};","color":"#8C3A3A","name":"Manual Set font by ATPH","typeName":"","palette":"251","type":" ","spec":"%m.textview Set Font from %m.font with style %m.typeface"},{"code":"//This block is Coded by CyberAlpha PH\n\nTextviewFonts(this,getWindow().getDecorView());\n}\nprivate void TextviewFonts(final android.content.Context context, final View v) {\n\nString type \u003d \"%2$s\";\nint op \u003d 0;\n\n\tif (type.equals(\"normal\")) {\r\n\t\t\top \u003d 0;\r\n\t\t}\r\n\t\tif (type.equals(\"bold\")) {\r\n\t\t\top \u003d 1;\r\n\t\t}\nif (type.equals(\"italic\")) {\r\n\t\t\top \u003d 2;\r\n\t\t}\r\n\t\tif (type.equals(\"bold|italic\")) {\r\n\t\t\top \u003d 3;\r\n\t\t}\n\n\t\ttry {\n\t\t\tTypeface typeace \u003d Typeface.createFromAsset(getAssets(),\"fonts/%1$s.ttf\");\r\n\t\t\tif (v instanceof ViewGroup) \n{\r\n\t\t\t\tViewGroup vg \u003d (ViewGroup) v;\n\t\t\t\tfor (int i \u003d 0;\n\t\t\t\ti \u003c vg.getChildCount();\n\t\t\t\ti++) {\n\t\t\t\t\tView child \u003d vg.getChildAt(i);\n\t\t\t\t\tTextviewFonts(context, child);\n\t\t\t\t}\r\n\t\t\t}\r\n\t\t\telse {\r\r\n\t\t\t\t\t\tif ((v instanceof TextView)) {\r\n\t\t\t\t\t\t\t((TextView) v).setTypeface(typeace, (op));\n\t\t\t\t\t\t\r\n\t\t\t\t\t\r\n\t\t\t\t}\r\n\t\t\t}\r\n\t\t}\r\n\t\tcatch(Exception e)\n\t\t\n\t\t{\r\n\t\t\tSketchwareUtil.showMessage(getApplicationContext(), \"Error Loading Font\");\r\n\t\t};","color":"#8C3A3A","name":"TextviewFont by ATPH","typeName":"","palette":"251","type":" ","spec":"Set Textview Font from %m.font with style %m.typeface"},{"code":"//This block is Coded by CyberAlpha PH\n\nEdittextFonts(this,getWindow().getDecorView());\n}\nprivate void EdittextFonts(final android.content.Context context, final View v) {\n\nString type \u003d \"%2$s\";\nint op \u003d 0;\n\n\tif (type.equals(\"normal\")) {\r\n\t\t\top \u003d 0;\r\n\t\t}\r\n\t\tif (type.equals(\"bold\")) {\r\n\t\t\top \u003d 1;\r\n\t\t}\nif (type.equals(\"italic\")) {\r\n\t\t\top \u003d 2;\r\n\t\t}\r\n\t\tif (type.equals(\"bold|italic\")) {\r\n\t\t\top \u003d 3;\r\n\t\t}\n\n\t\ttry {\n\t\t\tTypeface typeace \u003d Typeface.createFromAsset(getAssets(),\"fonts/%1$s.ttf\");\r\n\t\t\tif (v instanceof ViewGroup) \n{\r\n\t\t\t\tViewGroup vg \u003d (ViewGroup) v;\n\t\t\t\tfor (int i \u003d 0;\n\t\t\t\ti \u003c vg.getChildCount();\n\t\t\t\ti++) {\n\t\t\t\t\tView child \u003d vg.getChildAt(i);\n\t\t\t\t\tEdittextFonts(context, child);\n\t\t\t\t}\r\n\t\t\t}\r\n\t\t\telse {\r\r\n\t\t\t\t\t\tif ((v instanceof EditText)) {\r\n\t\t\t\t\t\t\t((EditText) v).setTypeface(typeace, (op));\n\t\t\t\t\t\t\r\n\t\t\t\t\t\r\n\t\t\t\t}\r\n\t\t\t}\r\n\t\t}\r\n\t\tcatch(Exception e)\n\t\t\n\t\t{\r\n\t\t\tSketchwareUtil.showMessage(getApplicationContext(), \"Error Loading Font\");\r\n\t\t};","color":"#8C3A3A","name":"EditText Font by ATPH","typeName":"","palette":"251","type":" ","spec":"Set EditText Font from %m.font with style %m.typeface"}]