[{"code":"return new %s();","color":"#FF9575CD","name":"returnFragment ","typeName":"","palette":"159","type":" ","spec":"return Fragment %m.activity"},{"code":"showMessage(getContext(), %s);","color":"#FF9575CD","name":"fragmentToast ","typeName":"","palette":"159","type":" ","spec":"Fragment Toast %s"},{"code":"ViewPager.%s","color":"#FF9575CD","name":"ViewPagerScrollParam ","typeName":"","palette":"159","type":"d","spec":"ViewPagerScrollParam %m.pagerscrollparam"},{"code":"%s.setAdapter(new %s(getApplicationContext(), %s));","color":"#FF9575CD","name":"setViewPagerAdapter ","typeName":"","palette":"159","type":" ","spec":"%m.viewpager setAdapter %s.inputOnly %m.listMap"},{"code":"%s.setAdapter(new MyFragmentAdapter(getApplicationContext(), getSupportFragmentManager(), %s));","color":"#FF9575CD","name":"setFragmentAdapter ","typeName":"","palette":"159","type":" ","spec":"%m.viewpager addFragmentAdapter TabCount %d"},{"code":"%s.setOffscreenPageLimit((int)%s);","color":"#FF9575CD","name":"setOffscreenPageLimit ","typeName":"","palette":"159","type":" ","spec":"%m.viewpager setOffscreenPageLimit %d"},{"code":"%s.setCurrentItem((int)%s);","color":"#FF9575CD","name":"setCurrentItem ","typeName":"","palette":"159","type":" ","spec":"%m.viewpager setCurrentItem %d"}]