[{"name":"by...","palette":"47","spec":"BY ARAB WARE CHANNEL","typeName":"","type":"h","code":"","color":"#FF1DE9B6"},{"name":"more block.....","palette":"47","spec":"put me at more block  بلوك مور في ضعني","type":" ","typeName":"","color":"#FF1DE9B6","code":"}\nprivate android.app.Fragment fragment;\nprivate android.app.FragmentManager fragment_manager;\nprivate android.app.FragmentTransaction fragment_transaction;\n{"},{"name":"add To ...","palette":"47","spec":"add fragment %m.activity to view %m.view with fragment tag %s","typeName":"","type":" ","code":"%2$s.setId(View.generateViewId());\nfragment_manager \u003d getFragmentManager(); \nfragment \u003d fragment_manager.findFragmentByTag(%3$s);\nfragment_transaction \u003d fragment_manager.beginTransaction();\nfragment \u003d new %1$s(); \nfragment_transaction.add(%2$s.getId(),fragment,%3$s);\nfragment_transaction.commit();","color":"#FF1DE9B6"}]