[{"code":"final int cx \u003d %1$s.getMeasuredWidth() / 2; final int cy \u003d %1$s.getMeasuredHeight() / 2;  final int finalRadius \u003d Math.max(%1$s.getWidth(), %1$s.getHeight()) / 2;\nfinal Animator anim \u003d  ViewAnimationUtils.createCircularReveal(%1$s, cx, cy, 0, finalRadius);  %1$s.setVisibility(View.VISIBLE);\nanim.start();","name":"Circuler Transection","palette":"82","type":" ","spec":"%m.view Convert this Linear As Circuler Translation When Revealed"},{"code":"LinearLayout viewgroup \u003d(LinearLayout) %1$s;\n\nandroid.transition.AutoTransition autoTransition \u003d new android.transition.AutoTransition(); autoTransition.setDuration((long)%2$s); android.transition.TransitionManager.beginDelayedTransition(viewgroup, autoTransition);","name":"translation Effect","palette":"82","type":" ","spec":"%m.view active Translation Effect for Duration%d"}]