[{"code":"","color":"#FFC62828","name":"This is by Arab Ware","typeName":"","palette":"27","type":"h","spec":"Here you will see blocks to make game easily and this by arab ware and we are developing it so it is just for trial we will update it soon"},{"code":"","color":"#FFC62828","name":"هذا بواسطة عرب وير","typeName":"","palette":"27","type":"h","spec":"هذا بواسطة مدير قناة عرب وير ممنوع سرقة حقوقي"},{"code":"GameView bcv \u003d new\nGameView(this);\n%s.addView(bcv);","color":"#FFC62828","name":"Add Car into","typeName":"","palette":"27","type":" ","spec":"Add simple car game into %m.view"},{"code":"}\n\npublic class GameView extends View{\nprivate Paint myPaint;\nprivate int speed\u003d3;\nprivate int time \u003d 0;\nprivate int score \u003d 0;\nprivate int myCarPosition \u003d 0;\nprivate ArrayList\u003cHashMap\u003cString, Object\u003e\u003e otherCars \u003d new ArrayList\u003c\u003e();\n\nint viewWidth \u003d 0;\nint viewHeight \u003d 0;\n\npublic GameView(Context context){\nsuper(context);\nmyPaint \u003d new Paint();\n}\n\n@Override\nprotected void onDraw(Canvas canvas) {\nviewWidth \u003d this.getMeasuredWidth();\nviewHeight \u003d this.getMeasuredHeight();\n\nif (time \u003c 10 + speed){\nHashMap\u003cString, Object\u003e map \u003d new HashMap\u003c\u003e();\nmap.put(\"lane\", getRandom(0,2));\nmap.put(\"startTime\", time);\notherCars.add(map);\n}\n\ntime \u003d time + 10 + speed;\n\nint carWidth \u003d viewWidth/5;\nint carHeight \u003d carWidth+10;\n\nmyPaint.setStyle(android.graphics.Paint.Style.FILL);\n\nandroid.graphics.drawable.Drawable d \u003d getResources().getDrawable(R.drawable.%1$s, null);\nd.setBounds((myCarPosition*viewWidth/3) + viewWidth/15 + 25, viewHeight - 2 -carHeight, (myCarPosition*viewWidth/3) + (viewWidth/15) + carWidth-25, viewHeight-2);\nd.draw(canvas);\n\nmyPaint.setColor(Color.GREEN);\n\nfor (int i \u003d 0; i\u003cotherCars.size(); i++){\nint carX \u003d ((int)otherCars.get(i).get(\"lane\")*viewWidth/3) + viewWidth/15;\nint carY \u003d time - (int)otherCars.get(i).get(\"startTime\");\n\nandroid.graphics.drawable.Drawable d2 \u003d getResources().getDrawable(R.drawable.%2$s, null);\nd2.setBounds(carX+25, carY-carHeight, carX + carWidth-25, carY);\nd2.draw(canvas);\n\nif ((int)otherCars.get(i).get(\"lane\") \u003d\u003d myCarPosition){\nif (carY \u003e viewHeight - 2 - carHeight \u0026\u0026 carY \u003c viewHeight - 2){\n%3$s\n}}\n\nif (carY \u003e viewHeight + carHeight){\notherCars.remove(i);\n%4$s\n}\n}\n\ninvalidate();\n}\n\n@Override\npublic boolean onTouchEvent(MotionEvent event) {\nswitch(event.getAction()) {\ncase MotionEvent.ACTION_DOWN:\nfloat x1 \u003d event.getX();\nif ( x1\u003cviewWidth/2){\nif (myCarPosition\u003e0){\nmyCarPosition--;\n}\n}\nif ( x1\u003eviewWidth/2){\nif (myCarPosition\u003c2){\nmyCarPosition++;\n}\n}\ninvalidate();\nbreak;\ncase MotionEvent.ACTION_UP:\nbreak;\n}\nreturn true;\n\n\n}\n\n","color":"#FFC62828","typeName":"","name":"Simple game car library","palette":"27","type":"e","spec":"simple game car #set first car image %m.resource #set second car image %m.resource #when my car catch car","spec2":"when my car didnot catch any car"},{"code":"String.valueOf(score)).commit()","color":"#FFC62828","name":"get score","typeName":"","palette":"27","type":"s","spec":"get score"},{"code":"score++;","color":"#FFC62828","name":"increase score","typeName":"","palette":"27","type":" ","spec":"increase score"},{"code":"score \u003d %s","color":"#FFC62828","name":"set score","typeName":"","palette":"27","type":" ","spec":"set score %d"},{"code":"if (score \u003e %1$s){\n%1$s \u003d score;\n}","color":"#FFC62828","name":"access score","typeName":"","palette":"27","type":" ","spec":"access score from %m.varInt"},{"code":"speed \u003d %s;","color":"#FFC62828","name":"speed set","typeName":"","palette":"27","type":" ","spec":"set speed %d"},{"code":"\tHashMap\u003cString, Object\u003e map \u003d new HashMap\u003c\u003e();\n\t\tmap.put(\"lane\", getRandom(0,2));\n\t\tmap.put(\"startTime\", time);\n\t\totherCars.add(map);","color":"#FFC62828","name":"Add car random","typeName":"","palette":"27","type":" ","spec":"Add car random"}]