[{"code":"%1$s \u003d new SliderLayout(%2$s.this);\n%1$s.setLayoutParams(new LinearLayout.LayoutParams(LinearLayout.LayoutParams.MATCH_PARENT,LinearLayout.LayoutParams.MATCH_PARENT));\n%3$s.addView(%1$s);","name":"GlideSlider","palette":"73","type":" ","spec":"GlideSlider %m.SliderLayout at %m.activity inflateTo %m.view"},{"code":"\t\tcom.bumptech.glide.request.RequestOptions requestOptions \u003d new com.bumptech.glide.request.RequestOptions();\n\t\trequestOptions.%1$s();","name":"RequestOptionsType","palette":"73","type":" ","spec":"Glide RequestOptions %m.RequestOptionsType"},{"code":"requestOptions","name":"requestOptions","typeName":"RequestOptions","palette":"73","type":"v","spec":"requestOptions"},{"code":"centerCrop","name":"centerCrop","typeName":"RequestOptionsType","palette":"73","type":"v","spec":"centerCrop"},{"code":"centerInside","name":"centerInside","typeName":"RequestOptionsType","palette":"73","type":"v","spec":"centerInside"},{"code":"circleCrop","name":"circleCrop","typeName":"RequestOptionsType","palette":"73","type":"v","spec":"circleCrop"},{"code":"fitCenter","name":"fitCenter","typeName":"RequestOptionsType","palette":"73","type":"v","spec":"fitCenter"},{"code":"\t\t\tcom.glide.slider.library.slidertypes.TextSliderView sliderView \u003d new com.glide.slider.library.slidertypes.TextSliderView(this);","name":"TextSliderView","palette":"73","type":" ","spec":"TextSliderView CreateWidget "},{"code":"sliderView","name":"sliderView","typeName":"TextSliderView","palette":"73","type":"v","spec":"sliderView"},{"code":"\t\t\t%1$s\n\t\t\t.image(%2$s)\n\t\t\t.description(%3$s)\n\t\t\t.setRequestOption(%4$s)\n\t\t\t.setProgressBarVisible(%5$s)\n\t\t\t.setOnSliderClickListener(new com.glide.slider.library.slidertypes.BaseSliderView.OnSliderClickListener() {\n\t\t\t\t@Override\n\t\t\t\tpublic void onSliderClick(com.glide.slider.library.slidertypes.BaseSliderView slider) {\n\t\t\t\t    %6$s\n\t\t\t\t}\n\t\t\t});","name":"ConfigTextSliderView","palette":"73","type":"c","spec":"%m.TextSliderView setImage %s setDescription %s setRequestOptions %m.RequestOptions setProgressBar %b OnClick"},{"code":"%1$s.bundle(new Bundle());","name":"CreateBundle","palette":"73","type":" ","spec":"%m.TextSliderView new Bundle"},{"code":"%1$s.getBundle().putString(%2$s, %3$s);","name":"GetBundleData","palette":"73","type":" ","spec":"%m.TextSliderView putStringKey %s value %s"},{"code":"%1$s.addSlider(%2$s);","name":"SliderLayoutAddSliderView","palette":"73","type":" ","spec":"%m.SliderLayout addView %m.TextSliderView"},{"code":"\t\t%1$s.setPresetTransformer(SliderLayout.Transformer.Accordion);\n\t\t%1$s.setPresetIndicator(SliderLayout.PresetIndicators.Center_Top);\n\t\t%1$s.setCustomAnimation(new com.glide.slider.library.animations.DescriptionAnimation());\n\t\t%1$s.setDuration(%2$s);        \n\t\t%1$s.stopCyclingWhenTouch(%3$s);","name":"SliderConfigExtra","palette":"73","type":" ","spec":"%m.SliderLayout setDuration %d stopCyclingWhenTouch %b"},{"code":"\t\tfor (int position \u003d 0; position \u003c %1$s.size(); position++) {\n\t\t\t%2$s\n\t\t}","name":"CreateListDataSlider","palette":"73","type":"c","spec":"Slider CreatDataFrom List %m.listStr"},{"code":"position","name":"position","palette":"73","type":"d","spec":"position"},{"code":"slider.getBundle().getString(%1$s) + \"\"","name":"SliderGetString","typeName":"String","palette":"73","type":"v","spec":"Slider getString Key %s"}]