[{"code":"Intent intent \u003d com.google.android.gms.common.AccountPicker.newChooseAccountIntent(null, null, new String[]{\"com.google\"}, false, null, null, null, null); startActivityForResult(intent, 94); \n","name":"Pick account","palette":"98","type":" ","spec":"Pick account"},{"code":"}; break; case 94: try { _acc(_data.getStringExtra(android.accounts.AccountManager.KEY_ACCOUNT_NAME).toString(), _data.getStringExtra(android.accounts.AccountManager.KEY_ACCOUNT_TYPE).toString()); } catch (Exception e) { }; if (false) {","name":"On Account Picked","palette":"98","type":" ","spec":"On Account Picked"}]