[{"name":"createdByArabWareChannel.","palette":"48","spec":"created by arab ware channel","typeName":"","type":"h","code":"","color":"#FF00ACC1"},{"name":"setValue","palette":"48","spec":"%m.view set Value %d","type":" ","typeName":"","color":"#FF00ACC1","code":"%1$s.setValue((float) %2$s);"},{"name":"getValue","palette":"48","spec":"%m.view get Value","type":"d","typeName":"","color":"#FF00ACC1","code":"(int) %1$s.getValue()"},{"name":"setValueFrom","palette":"48","spec":"%m.view set Value From %d","type":" ","typeName":"","color":"#FF00ACC1","code":"%1$s.setValueFrom((float) %2$s);"},{"name":"getValueFrom","palette":"48","spec":"%m.view get Value From","typeName":"","type":"d","code":"(int) %1$s.getValueFrom()","color":"#FF00ACC1"},{"name":"setValueTo","palette":"48","spec":"%m.view set Value To %d","type":" ","typeName":"","color":"#FF00ACC1","code":"%1$s.setValueTo((float) %2$s);"},{"name":"getValueTo","palette":"48","spec":"%m.view get Value To","typeName":"","type":"d","code":"(int) %1$s.getValueTo()","color":"#FF00ACC1"},{"name":"setStepSize","palette":"48","spec":"%m.view set Step Size %d","type":" ","typeName":"","color":"#FF00ACC1","code":"%1$s.setStepSize((float) %2$s);"},{"name":"getStepSize","palette":"48","spec":"%m.view get Step Size","type":"d","typeName":"","color":"#FF00ACC1","code":"(int) %1$s.getStepSize()"},{"name":"setThumbRadius","palette":"48","spec":"%m.view set Thumb Radius %d","type":" ","typeName":"","color":"#FF00ACC1","code":"%1$s.setThumbRadius((int) %2$s);"},{"name":"getThumbRadius","palette":"48","spec":"%m.view get Thumb Radius","type":"d","typeName":"","color":"#FF00ACC1","code":"(int) %1$s.getThumbRadius()"},{"name":"setTrackTintList","palette":"48","spec":"%m.view set Track Tint List %m.color","type":" ","typeName":"","color":"#FF00ACC1","code":"%1$s.setTrackTintList(android.content.res.ColorStateList.valueOf(%2$s));"},{"name":"setTrackActiveTintList","palette":"48","spec":"%m.view set Track Active Tint List %m.color","typeName":"","type":" ","code":"%1$s.setTrackActiveTintList(android.content.res.ColorStateList.valueOf(%2$s));","color":"#FF00ACC1"},{"name":"setTrackInactiveTintList","palette":"48","spec":"%m.view set Track Inactive Tint List %m.color","type":" ","typeName":"","color":"#FF00ACC1","code":"%1$s.setTrackInactiveTintList(android.content.res.ColorStateList.valueOf(%2$s));"},{"name":"setTickTintList","palette":"48","spec":"%m.view set Tick Tint List %m.color","typeName":"","type":" ","code":"%1$s.setTickTintList(android.content.res.ColorStateList.valueOf(%2$s));","color":"#FF00ACC1"},{"name":"setTickActiveTintList","palette":"48","spec":"%m.view set Tick Active Tint List %m.color","type":" ","typeName":"","color":"#FF00ACC1","code":"%1$s.setTickActiveTintList(android.content.res.ColorStateList.valueOf(%2$s));"},{"name":"setTickInactiveTintList","palette":"48","spec":"%m.view set Tick Inactive Tint List %m.color","typeName":"","type":" ","code":"%1$s.setTickInactiveTintList(android.content.res.ColorStateList.valueOf(%2$s));","color":"#FF00ACC1"},{"name":"setTrackHeight","palette":"48","spec":"%m.view set Track Height %d","type":" ","typeName":"","color":"#FF00ACC1","code":"%1$s.setTrackHeight((int) %2$s);"},{"name":"getTrackHeight","palette":"48","spec":"%m.view getTrackHeight","typeName":"","type":"d","code":"%1$s.getTrackHeight()","color":"#FF00ACC1"},{"name":"OnTrack","palette":"48","spec":"%m.view on change .... move value to %m.varInt","typeName":"","type":"c","code":"%1$s.addOnChangeListener(new Slider.OnChangeListener() {\n@Override\npublic void onValueChange(Slider slider, float value, boolean fromUser) {\n%2$s \u003d (double) value;\n%3$s\n}\n});","color":"#FF00ACC1"}]