[{"code":"GoogleSignInOptions %1$s \u003d new GoogleSignInOptions.Builder(GoogleSignInOptions.DEFAULT_SIGN_IN).requestIdToken(%2$s).requestEmail().build();","name":"GoogleSignInOptions","palette":"33","type":" ","spec":"GoogleSignInOptions %m.GoogleSignInOptions ID %s"},{"code":"%1$s \u003d GoogleSignIn.getClient(this, %2$s);","name":"GoogleSignInClient","palette":"33","type":" ","spec":"GoogleSignInClient %m.FirebaseGoogleLogin getClient %m.GoogleSignInOptions"},{"code":"%1$s \u003d FirebaseAuth.getInstance();","name":"FirebaseAuth","palette":"33","type":" ","spec":"%m.FirebaseAuth getInstance"},{"code":"Intent signInIntent \u003d %1$s.getSignInIntent();\n\nstartActivityForResult(signInIntent, REQ_CD_%1$S);","name":"PickGoogleAccount","palette":"33","type":" ","spec":"%m.FirebaseGoogleLogin PickGoogleAccount"},{"code":"}\nprivate void firebaseAuthWithGoogle(String idToken) {\nAuthCredential credential \u003d GoogleAuthProvider.getCredential(idToken, null);\n%1$s.signInWithCredential(credential).addOnCompleteListener(this, new OnCompleteListener\u003cAuthResult\u003e() {\n\n@Override\npublic void onComplete(@NonNull Task\u003cAuthResult\u003e task) {\n%2$s\n}\n});\n}\n//[END auth_with_google]\n{","name":"OnStartGoogleSign","palette":"33","type":"c","spec":"OnStartGoogleSign onFirebaseAuth %m.FirebaseAuth"},{"code":"if (task.isSuccessful()) {\n%1$s\n} else {\n%2$s\n}","name":"ifSuccessGoogleAuth","palette":"33","type":"e","spec":"ifSuccessGoogleAuth"},{"code":"%1$s \u003d %2$s.getCurrentUser();","name":"FirebaseUser","palette":"33","type":" ","spec":"FirebaseUser %m.FirebaseUser getCurrentUser %m.FirebaseAuth"},{"code":"%1$s.signOut();\n\n%2$s.signOut().addOnCompleteListener(%3$s.this, new OnCompleteListener\u003cVoid\u003e() {\n\n@Override\n\npublic void onComplete(@NonNull Task\u003cVoid\u003e task) {\n\n%4$s\n\n}\n});","name":"GoogleSignOut","palette":"33","type":"c","spec":"SignOut for %m.FirebaseAuth and %m.GoogleSignInClient at %m.activity"},{"code":"%1$s \u003d %2$s.getCurrentUser();\r\n\t\tif ((FirebaseAuth.getInstance().getCurrentUser() !\u003d null)) {\r\n\t\t\t%3$s\r\n\t\t}\r\n\t\telse {\r\n\t\t\t%4$s\r\n\t\t}","name":"CheckUserLoginOrNot","palette":"33","type":"e","spec":"CheckUser for %m.FirebaseUser and %m.FirebaseAuth ifLogin"},{"code":"%1$s.getPhotoUrl().toString()","name":"UrlImageProfile","typeName":"String","palette":"33","type":"v","spec":"%m.FirebaseUser getImageProfileURL"},{"code":"%1$s.getDisplayName()","name":"UsernameGoogleSign","typeName":"String","palette":"33","type":"v","spec":"%m.FirebaseUser getUsername"},{"code":"try {\n                // Google Sign In was successful, authenticate with Firebase\n                GoogleSignInAccount account \u003d %1$s.getResult(ApiException.class);\n                \n                firebaseAuthWithGoogle(account.getIdToken());\n            } catch (ApiException e) {\n                //On Fiailure\n                final String ErrorOnResultSign \u003d e.getMessage();\n                %2$s\n            }","name":"OnActivityResultGoogleSign","palette":"33","type":"c","spec":"ActivityResultGoogleSign %m.GoogleSignInAccount IfError"},{"code":"ErrorOnResultSign","name":"ErrorOnResultSign","typeName":"String","palette":"33","type":"v","spec":"ErrorOnResultSign"}]