[{"code":"Intent intentsp \u003d new Intent(android.speech.RecognizerIntent.ACTION_RECOGNIZE_SPEECH); intentsp.putExtra(android.speech.RecognizerIntent.EXTRA_LANGUAGE_MODEL, android.speech.RecognizerIntent.LANGUAGE_MODEL_FREE_FORM); intentsp.putExtra(android.speech.RecognizerIntent.EXTRA_LANGUAGE, Locale.getDefault()); intentsp.putExtra(android.speech.RecognizerIntent.EXTRA_PROMPT, \"Speak Now\");\ntry { startActivityForResult(intentsp, REQ_CODE_SPEECH_INPUT); }\ncatch (ActivityNotFoundException a) {\n\tToast.makeText(getApplicationContext(), \"There was an error\", Toast.LENGTH_SHORT).show(); }\n","color":"#FF03A9F4","name":"on click google speach_search","typeName":"","palette":"240","type":" ","spec":"on click google speach search"},{"code":"}\nbreak;\ncase REQ_CODE_SPEECH_INPUT:\nif (_resultCode \u003d\u003d RESULT_OK \u0026\u0026 null !\u003d _data) {\nArrayList\u003cString\u003e result \u003d _data.getStringArrayListExtra(android.speech.RecognizerIntent.EXTRA_RESULTS);","color":"#FF03A9F4","name":"file picker component \u0026 speach to text successful","typeName":"","palette":"240","type":" ","spec":"file picker component \u0026 speach to text successful"},{"code":"result.get(0)","color":"#FF03A9F4","name":"your text view","typeName":"","palette":"240","type":"s","spec":"your text view"},{"code":"}\npublic static final int REQ_CODE_SPEECH_INPUT \u003d 1;\n{","color":"#FF2196F3","name":"put me at more block and with name as G_speaker","typeName":"","palette":"240","type":" ","spec":"put me at more block and with name as G_speaker"}]