[{"name":"created........","palette":"42","spec":"blocks created by arab ware channel | a modded library by me from github","type":"h","typeName":"","color":"#FF4E342E","code":""},{"name":"...set progress","palette":"42","spec":"%m.view animate progress %d","typeName":"","type":" ","code":"%1$s.setProgressWidthAnimation((int) %2$s);","color":"#FF4E342E"},{"name":"setBackground..","palette":"42","spec":"%m.view setBackgroundColor %m.color","type":" ","typeName":"","color":"#FF4E342E","code":"%1$s.setBackgroundColor(%2$s);"},{"name":"setProgressColor","palette":"42","spec":"%m.view setProgressColor %m.color","typeName":"","type":" ","code":"%1$s.setProgressColor(%2$s);","color":"#FF4E342E"},{"name":"setLineWidth","palette":"42","spec":"%m.view setLineWidth %d","type":" ","typeName":"","color":"#FF4E342E","code":"%1$s.setLineWidth((int) %2$s);"},{"name":"setGapWidth","palette":"42","spec":"%m.view setGapWidth %d","typeName":"","type":" ","code":"%1$s.setGapWidth((int) %2$s);","color":"#FF4E342E"},{"name":"setOutLineWidth","palette":"42","spec":"%m.view setOutLineWidth %d","type":" ","typeName":"","color":"#FF4E342E","code":"%1$s.setOutLineWidth((int) %2$s);"},{"name":"OnProgressChanged..","palette":"42","spec":"%m.view OnProgressChanged \u003d\u003e %m.varInt","typeName":"","type":"c","code":"%1$s.setOnProgressChangeListener(new GradeProgressView.OnProgressChangeListener() {\n        @Override\n        public void onProgressChanged(GradeProgressView gradeProgressView, int progress) {\n  %2$s \u003d (double) progress;\n%3$s\n\n        }\n    });","color":"#FF4E342E"}]