[{"code":"%s.setAdapter(new %s(%s));","name":"GridViewsetAdapter","palette":"281","type":" ","spec":"GridView %m.GridView setAdapter %s.inputOnly %m.listMap"},{"code":"%s.setColumnWidth(%s);","name":"GridView setColumnWidth","palette":"281","type":" ","spec":"GridView %m.GridView setColumnWidth %d"},{"code":"%s.setHorizontalSpacing(%s);","name":"GridView setHorizontalSpacing","palette":"281","type":" ","spec":"GridView %m.GridView setHorizontalSpacing %d"},{"code":"%s.setNumColumns(%s);","name":"GridView setNumColumns","palette":"281","type":" ","spec":"GridView %m.GridView setNumColumns %d"},{"code":"%s.setStretchMode(GridView.%s);","name":"GridView setStretchMode","palette":"281","type":" ","spec":"GridView %m.GridView setStretchMode %s.inputOnly"},{"code":"%s.setVerticalSpacing(%s);","name":"GridView setVerticalSpacing","palette":"281","type":" ","spec":"GridView %m.GridView setVerticalSpacing %d"},{"code":"%s.setFastScrollEnabled(%s);","name":"GridView setFastScrollEnabled","palette":"281","type":" ","spec":"GridView %m.GridView setFastScrollEnabled %b"}]