[{"name":"created by me ","palette":"80","spec":"created by arab ware","type":"h","typeName":"","color":"#FF9E9D24","code":""},{"name":"created by me   ","palette":"80","spec":"idea from mohammed ( i have changed all his codes from zero he just gave me some codes but of course i must thank him )","type":"h","typeName":"","color":"#FF9E9D24","code":""},{"name":"add color","palette":"80","spec":"add color key %s.inputOnly  value %s","typeName":"","type":" ","code":"final String %1$s \u003d %2$s;","color":"#FF9E9D24"},{"name":"on change","palette":"80","spec":"%m.textview on text change create id %s.inputOnly","type":"c","typeName":"","color":"#FF9E9D24","code":"%1$s.addTextChangedListener(new TextWatcher() {\r\n%3$s\n@Override\r\npublic void beforeTextChanged(CharSequence s, int start, int count, int after) {\r\n}\r\n@Override\r\npublic void onTextChanged(CharSequence s, int start, int before, int count) {\r\n}\n @Override public void afterTextChanged(Editable s) {\r\n    removeSpans(s, ForegroundColorSpan.class);\r\n    for (ColorScheme scheme : %2$s) {\r\n      for(Matcher m \u003d scheme.pattern.matcher(s); m.find();) {\r\n        s.setSpan(new ForegroundColorSpan(scheme.color),\r\n            m.start(),\r\n            m.end(),\r\n            Spanned.SPAN_EXCLUSIVE_EXCLUSIVE);\r\n      }\r\n    }\r\n  }\r\n\r\n  void removeSpans(Editable e, Class\u003c? extends CharacterStyle\u003e type) {\r\n    CharacterStyle[] spans \u003d e.getSpans(0, e.length(), type);\r\n    for (CharacterStyle span : spans) {\r\n      e.removeSpan(span);\r\n    }\r\n  }\r\n\r\n  class ColorScheme {\r\n    final Pattern pattern;\r\n    final int color;\r\n\r\n     ColorScheme(Pattern pattern, int color) {\r\n      this.pattern \u003d pattern;\r\n      this.color \u003d color;\r\n    }\r\n  }\r\n\r\n});\r"},{"name":"add color1","palette":"80","spec":"%m.Spannable get data of color key %s.inputOnly  for words %s","typeName":"","type":" ","code":"ColorScheme %1$s \u003d new ColorScheme(java.util.regex.Pattern.compile(%3$s), Color.parseColor(%2$s));","color":"#FF9E9D24"},{"name":"......","palette":"80","spec":"create id %s.inputOnly for all spannables ids %s.inputOnly","type":" ","typeName":"","color":"#FF9E9D24","code":"final ColorScheme[] %1$s \u003d {%2$s};\r"}]