[{"code":"","color":"#FF42A5F5","name":"added \u0026 developed by arab ware channel","typeName":"","palette":"30","type":"s","spec":"added \u0026 developed by arab ware channel"},{"code":"%1$s","color":"#FF42A5F5","name":"Spannable","typeName":"Spannable","palette":"30","type":"v","spec":"Spannable %s.inputOnly"},{"code":"%1$s \u003d SpannableStringBuilder.valueOf(%2$s);","color":"#FF42A5F5","name":"create span","typeName":"","palette":"30","type":" ","spec":"set %m.Spannable text %s"},{"code":"%1$s.setSpan(new android.text.style.ForegroundColorSpan(Color.parseColor(%2$s)), (int)(%3$s), (int)(%4$s), Spanned.SPAN_EXCLUSIVE_EXCLUSIVE);","color":"#FF42A5F5","name":"set details","typeName":"","palette":"30","type":" ","spec":"%m.Spannable set color %s set start %d set end %d"},{"code":"%1$s","color":"#FF42A5F5","name":"get spannable","typeName":"","palette":"30","type":"s","spec":"get %m.Spannable"}]