[{"code":"","color":"#FF03A9F4","name":"ArabWare  ","typeName":"","palette":"19","type":"h","spec":"created by arab ware channel"},{"code":"try{\n%s\n}catch(Exception e){\n%s\n}","color":"#FF03A9F4","typeName":"","name":"Try","palette":"19","type":"e","spec":"Try","spec2":"If there is problem then"},{"code":"android.content.pm.PackageManager %1$s \u003d getPackageManager();\ntry { %1$s.getPackageInfo(%2$s, android.content.pm.PackageManager.GET_ACTIVITIES);\n%3$s\nreturn;\n} catch (android.content.pm.PackageManager.NameNotFoundException e) { } %4$s","color":"#FF03A9F4","typeName":"","name":"AppIfInstalledCheck","palette":"19","type":"e","spec":"create listener %m.package If there is app installed with package name %s then","spec2":"else"},{"code":"if (getApplicationContext().getPackageName().equals(%1$s)) {\r\n\t\r%2$s\n}\r\nelse {\r\n\t\r%3$s\n}","color":"#FF03A9F4","typeName":"","name":"package name","palette":"19","type":"e","spec":"If package name of this app equals %s then","spec2":"esle"},{"code":"final android.net.wifi.WifiManager %1$s \u003d (android.net.wifi.WifiManager)getSystemService(Context.WIFI_SERVICE);\n\nif (%1$s.isWifiEnabled()) {\n    %2$s\n} else {\n    %3$s\n}","color":"#FF03A9F4","typeName":"","name":"Wi-Fi","palette":"19","type":"e","spec":"%m.requestnetwork If Wi-Fi Opened Then","spec2":"Else"},{"code":"try {\n\nRuntime.getRuntime().exec(\"su\"); \n\n%s\n\n} catch (Exception e ) {\n\n%s\n\n}","color":"#FF03A9F4","typeName":"","name":"RootChecker","palette":"19","type":"e","spec":"If device Rooted Then","spec2":"Else"},{"code":"if (SketchwareUtil.getDisplayWidthPixels(getApplicationContext()) \u003d\u003d %s) {\r\n\t\r%s\n}","color":"#FF03A9F4","name":"Screen Width","typeName":"","palette":"19","type":"c","spec":"If Screen width is %d then"},{"code":"if (SketchwareUtil.getDisplayHeightPixels(getApplicationContext()) \u003d\u003d %s) {\r\n\t\r%s\n}","color":"#FF03A9F4","name":"Screen Height","typeName":"","palette":"19","type":"c","spec":"If Screen Height is %d"},{"code":"try{\nint count;\njava.io.InputStream input\u003d this.getAssets().open(%s);\njava.io.OutputStream output \u003d new  java.io.FileOutputStream(%s+%s);\nbyte data[] \u003d new byte[1024];\nwhile ((count \u003d input.read(data))\u003e0) {\noutput.write(data, 0, count);\n}\noutput.flush();\noutput.close();\ninput.close();\n%s\n\t}catch(Exception e){\n\t\t\r%s\n\t}","color":"#FF03A9F4","typeName":"","name":"Assets Save","palette":"19","type":"e","spec":"Try To Save File From Assets With Name %s into path %s with name %s #If successed then","spec2":"Else"},{"code":"//%1$s\nif (SketchwareUtil.isConnected(getApplicationContext())) {\r\n\t%2$s\n}\r\nelse {\r\n\t%3$s\n}","color":"#FF03A9F4","typeName":"","name":"if connected","palette":"19","type":"e","spec":" %m.requestnetwork if device connected then","spec2":"else"},{"code":"if (FileUtil.isExistFile(%s)) {\r\n\t\r%s\n}\r\nelse {\r\n\t\r%s\n}\r","color":"#FF03A9F4","typeName":"","name":"FileCheck","palette":"19","type":"e","spec":"Check If there is file or folder in device #the path is %s","spec2":"Else"},{"code":"ActionBarDrawerToggle _toggle \u003d new ActionBarDrawerToggle(ac, _drawer, _toolbar, R.string.apptitle, R.string.apptitle) {\npublic void onDrawerClosed(View view) {\n%s\n}\n@Override\npublic void onDrawerSlide(View drawerView, float offset) {\n%s\n}\n};\n_drawer.addDrawerListener(_toggle);","color":"#FF03A9F4","typeName":"","name":"Drawer","palette":"19","type":"e","spec":"If drawer closed listener Then","spec2":"Else It opened"},{"code":"Rect rectangle \u003d new Rect();\nWindow window \u003d ac0.getWindow(); window.getDecorView().getWindowVisibleDisplayFrame(rectangle);\nint statusBarHeight \u003d rectangle.top;\nif  (statusBarHeight !\u003d 0) {\n%s\n}\nelse {\n%s\n}","color":"#FF03A9F4","typeName":"","name":"StatusBar","palette":"19","type":"e","spec":"If Status Bar Is Visible Ehen","spec2":"Else"},{"code":"Rect rectangle \u003d new Rect();\nDisplayMetrics displayMetrics \u003d new DisplayMetrics(); ac0.getWindow().getDecorView().getWindowVisibleDisplayFrame(rectangle); ac0.getWindowManager().getDefaultDisplay().getRealMetrics(displayMetrics);\nif (displayMetrics.heightPixels !\u003d (rectangle.top + rectangle.height())) {\n%s\n}\nelse {\n%s\n}","color":"#FF03A9F4","typeName":"","name":"Navigation","palette":"19","type":"e","spec":"If Navigation Bar avaible then","spec2":"else"},{"code":"while(%1$s){\n%2$s\n}","color":"#FF03A9F4","name":"While","typeName":"","palette":"19","type":"c","spec":"While %b then"}]