[{"code":"","color":"#FF009688","name":"All Blocks developed by App Developer Ayush","typeName":"","palette":"237","type":"h","spec":"All Blocks developed by App Developer Ayush"},{"code":"","color":"#FF009688","name":"Dark Mode","typeName":"","palette":"237","type":"h","spec":"Dark Mode"},{"code":"\nint nightModeFlags \u003d getResources().getConfiguration().uiMode \u0026 android.content.res.Configuration.UI_MODE_NIGHT_MASK;\r\nif (nightModeFlags \u003d\u003d android.content.res.Configuration.UI_MODE_NIGHT_YES) {\r\n%s\r\n} else {\r\n%s\r\n};\n","color":"#FF009688","name":"System Dark Mode","typeName":"","palette":"237","type":"e","spec":"If system dark mode is on then","spec2":"else"},{"code":"","color":"#FF009688","name":"Set Color","typeName":"","palette":"237","type":"h","spec":"Set Color "},{"code":"%1$s.setColorFilter(%2$s, PorterDuff.Mode.SRC_IN);","color":"#FF009688","name":"Set Image Color","typeName":"","palette":"237","type":" ","spec":"%m.imageview set image color %m.color "},{"code":"%1$s.getButtonDrawable().setColorFilter(%2$s, PorterDuff.Mode.SRC_IN);","color":"#FF009688","name":"Set Checkbox color","typeName":"","palette":"237","type":" ","spec":"%m.checkbox set checkbox color %m.color "},{"code":"%1$s.getTrackDrawable().setColorFilter(%2$s, PorterDuff.Mode.SRC_IN);","color":"#FF009688","name":"Set Switch Track color","typeName":"","palette":"237","type":" ","spec":"%m.switch set switch track color %m.color "},{"code":"%1$s.getThumbDrawable().setColorFilter(%2$s, PorterDuff.Mode.SRC_IN);","color":"#FF009688","name":"Set Switch Thumb color","typeName":"","palette":"237","type":" ","spec":"%m.switch set switch thumb color %m.color"},{"code":"%1$s.getProgressDrawable().setColorFilter(%2$s, PorterDuff.Mode.SRC_IN);","color":"#FF009688","name":"Set Seekbar Progress color","typeName":"","palette":"237","type":" ","spec":"%m.seekbar set seekbar progress color %m.color"},{"code":"%1$s.getThumb().setColorFilter(%2$s, PorterDuff.Mode.SRC_IN);","color":"#FF009688","name":"Set Seekbar Thumb color","typeName":"","palette":"237","type":" ","spec":"%m.seekbar set seekbar thumb color %m.color"},{"code":"%1$s.getIndeterminateDrawable().setColorFilter(%2$s, PorterDuff.Mode.SRC_IN);","color":"#FF009688","name":"Set Progressbar progress color","typeName":"","palette":"237","type":" ","spec":"%m.progressbar set progress color %m.color"},{"code":"%1$s.setIndeterminate(false);%1$s.setProgress((int)%2$s);%1$s.getProgressDrawable().setColorFilter(%3$s, PorterDuff.Mode.SRC_IN);","color":"#FF009688","name":"Set Progressbar progress color (with progress)","typeName":"","palette":"237","type":" ","spec":"%m.progressbar set progress color (with progress) %d  %m.color"},{"code":"","color":"#FF009688","name":"Set Color (from string)","typeName":"","palette":"237","type":"h","spec":"Set Color (from string)"},{"code":"%1$s.setColorFilter(Color.parseColor(%2$s), PorterDuff.Mode.SRC_IN);","color":"#FF009688","name":"Set Image Color (from string)","typeName":"","palette":"237","type":" ","spec":" %m.imageview set image color %s"},{"code":"%1$s.getButtonDrawable().setColorFilter(Color.parseColor(%2$s), PorterDuff.Mode.SRC_IN);","color":"#FF009688","name":"Set Checkbox color (from string)","typeName":"","palette":"237","type":" ","spec":"%m.checkbox set checkbox color %s "},{"code":"%1$s.getTrackDrawable().setColorFilter(Color.parseColor(%2$s), PorterDuff.Mode.SRC_IN);","color":"#FF009688","name":"Set Switch Track color (from string)","typeName":"","palette":"237","type":" ","spec":"%m.switch set switch track color %s "},{"code":"%1$s.getThumbDrawable().setColorFilter(Color.parseColor(%2$s), PorterDuff.Mode.SRC_IN);","color":"#FF009688","name":"Set Switch Thumb color (from string)","typeName":"","palette":"237","type":" ","spec":"%m.switch set switch thumb color %s"},{"code":"%1$s.getProgressDrawable().setColorFilter(Color.parseColor(%2$s), PorterDuff.Mode.SRC_IN);","color":"#FF009688","name":"Set Seekbar Progress color (from string)","typeName":"","palette":"237","type":" ","spec":"%m.seekbar set seekbar progress color %s"},{"code":"%1$s.getThumb().setColorFilter(Color.parseColor(%2$s), PorterDuff.Mode.SRC_IN);","color":"#FF009688","name":"Set Seekbar Thumb color (from string)","typeName":"","palette":"237","type":" ","spec":"%m.seekbar set seekbar thumb color %s"},{"code":"%1$s.getIndeterminateDrawable().setColorFilter(Color.parseColor(%2$s), PorterDuff.Mode.SRC_IN);","color":"#FF009688","name":"Set Progressbar progress color (from string)","typeName":"","palette":"237","type":" ","spec":"%m.progressbar set progress color %s"},{"code":"%1$s.setIndeterminate(false);%1$s.setProgress((int)%2$s);%1$s.getProgressDrawable().setColorFilter(Color.parseColor(%3$s), PorterDuff.Mode.SRC_IN);","color":"#FF009688","name":"Set Progressbar progress color (with progress) (from string)","typeName":"","palette":"237","type":" ","spec":"%m.progressbar set progress color (with progress) %d  %s"},{"code":"%1$s.setBackgroundColor(Color.parseColor(%2$s));","color":"#FF009688","name":"Set Background Color (from string)","typeName":"","palette":"237","type":" ","spec":"%m.view set background color %s "},{"code":"%1$s.setTextColor(Color.parseColor(%2$s));","color":"#FF009688","name":"Set Text Color (from string)","typeName":"","palette":"237","type":" ","spec":"%m.textview set text color %s "},{"code":"","color":"#FF009688","name":"Ripple Effect","typeName":"","palette":"237","type":"h","spec":"Ripple Effect"},{"code":"android.graphics.drawable.GradientDrawable GFEFECH \u003d new android.graphics.drawable.GradientDrawable();\nGFEFECH.setColor(%2$s);\nGFEFECH.setCornerRadii(new float[] {%4$s,%4$s,%4$s,%4$s,%4$s,%4$s,%4$s,%4$s});\nandroid.graphics.drawable.RippleDrawable GFEFECH_RE \u003d new android.graphics.drawable.RippleDrawable(new android.content.res.ColorStateList(new int[][]{new int[]{}}, new int[]{%3$s}), GFEFECH, null);\n%1$s.setBackground(GFEFECH_RE);","color":"#FF009688","name":"Ripple Effect Corner","typeName":"","palette":"237","type":" ","spec":"Ripple Effect %m.view  background color %m.color ripple color %m.color  corner radius %d  "},{"code":"android.graphics.drawable.GradientDrawable GFEFECH \u003d new android.graphics.drawable.GradientDrawable();\nGFEFECH.setColor(%2$s);\nGFEFECH.setCornerRadii(new float[] {%4$s,%4$s,%5$s,%5$s,%6$s,%6$s,%7$s,%7$s});\nandroid.graphics.drawable.RippleDrawable GFEFECH_RE \u003d new android.graphics.drawable.RippleDrawable(new android.content.res.ColorStateList(new int[][]{new int[]{}}, new int[]{%3$s}), GFEFECH, null);\n%1$s.setBackground(GFEFECH_RE);","color":"#FF009688","name":"Ripple Effect ","typeName":"","palette":"237","type":" ","spec":"Ripple Effect %m.view  background color %m.color ripple color %m.color  corner radius TL %d TR %d BR %d BL %d "},{"code":"android.graphics.drawable.GradientDrawable GFEFECH \u003d new android.graphics.drawable.GradientDrawable();\nGFEFECH.setColor(%2$s);\nGFEFECH.setCornerRadii(new float[] {%6$s,%6$s,%6$s,%6$s,%6$s,%6$s,%6$s,%6$s});\nandroid.graphics.drawable.RippleDrawable GFEFECH_RE \u003d new android.graphics.drawable.RippleDrawable(new android.content.res.ColorStateList(new int[][]{new int[]{}}, new int[]{%5$s}), GFEFECH, null);\nGFEFECH.setStroke(%3$s, %4$s);\n%1$s.setBackground(GFEFECH_RE);","color":"#FF009688","name":"Ripple Effect with Stroke Corner ","typeName":"","palette":"237","type":" ","spec":"Ripple Effect with stroke %m.view  background color %m.color stroke %d stroke color %m.color ripple color %m.color  corner radius %d "},{"code":"android.graphics.drawable.GradientDrawable GFEFECH \u003d new android.graphics.drawable.GradientDrawable();\nGFEFECH.setColor(%2$s);\nGFEFECH.setCornerRadii(new float[] {%6$s,%6$s,%7$s,%7$s,%8$s,%8$s,%9$s,%9$s});\nandroid.graphics.drawable.RippleDrawable GFEFECH_RE \u003d new android.graphics.drawable.RippleDrawable(new android.content.res.ColorStateList(new int[][]{new int[]{}}, new int[]{%5$s}), GFEFECH, null);\nGFEFECH.setStroke(%3$s, %4$s);\n%1$s.setBackground(GFEFECH_RE);","color":"#FF009688","name":"Ripple Effect with Stroke","typeName":"","palette":"237","type":" ","spec":"Ripple Effect with stroke %m.view  background color %m.color stroke %d stroke color %m.color ripple color %m.color  corner radius TL %d TR %d BR %d BL %d "},{"code":"","color":"#FF009688","name":"Corner Radius","typeName":"","palette":"237","type":"h","spec":"Corner Radius"},{"code":"android.graphics.drawable.GradientDrawable gd \u003d new android.graphics.drawable.GradientDrawable();\r\ngd.setColor(%3$s);\r\ngd.setCornerRadius(%2$s);\r\n%1$s.setBackground(gd);","color":"#FF009688","name":"Corner Radius ","typeName":"","palette":"237","type":" ","spec":"%m.view set corner radius %d  background color %m.color"},{"code":"android.graphics.drawable.GradientDrawable gd \u003d new android.graphics.drawable.GradientDrawable();\r\ngd.setColor(%6$s);\r\ngd.setCornerRadii(new float[] {%2$s,%2$s,%3$s,%3$s,%4$s,%4$s,%5$s,%5$s});\r\n%1$s.setBackground(gd);","color":"#FF009688","name":"One Corner Radius ","typeName":"","palette":"237","type":" ","spec":"%m.view set one corner radius TL %d TR %d BR %d BL %d  background color %m.color "},{"code":"","color":"#FF009688","name":"Some More","typeName":"","palette":"237","type":"h","spec":"Some More "},{"code":"Window window \u003d this.getWindow();window.clearFlags(WindowManager.LayoutParams.FLAG_TRANSLUCENT_STATUS); window.addFlags(WindowManager.LayoutParams.FLAG_TRANSLUCENT_STATUS); window.setNavigationBarColor(%1$s);","color":"#FF009688","name":"Set Navigation Bar Color","typeName":"","palette":"237","type":" ","spec":"Set Navigation Bar Color %m.color "},{"code":"Window window \u003d this.getWindow();window.clearFlags(WindowManager.LayoutParams.FLAG_TRANSLUCENT_STATUS); window.addFlags(WindowManager.LayoutParams.FLAG_TRANSLUCENT_STATUS); window.setNavigationBarColor(%1$s);","color":"#FF009688","name":"Set Navigation Bar Color (from string)","typeName":"","palette":"237","type":" ","spec":"Set Navigation Bar Color %s  "}]