[{"code":"if(!BillingProcessor.isIabServiceAvailable(this)) {\n\n%s\n\n}","name":"IAP Initialize","palette":"292","type":"c","spec":"if BillingProcessorServiceIsNotAvailable"},{"code":"%1$s \u003d new BillingProcessor(this, %2$s, %3$s, new BillingProcessor.IBillingHandler() {\n\n%4$s\n\n});","name":"BillingProcessorCheckSKU","palette":"292","type":"c","spec":"BillingProcessor%s.inputOnly GoogleLisenceKey%s MerchantID%s"},{"code":"@Override\npublic void onProductPurchased(@NonNull String productId, @Nullable TransactionDetails details) {\n\n%s\n\n}","name":"onProductPurchased","palette":"292","type":"c","spec":"onProductPurchased"},{"code":"productId","name":"productId","typeName":"String","palette":"292","type":"v","spec":"productId"},{"code":"@Override\npublic void onBillingError(int errorCode, @Nullable Throwable error) {\n\nfinal String MessageError \u003d Integer.toString(errorCode);\n\n%s\n\n}","name":"onBillingError","palette":"292","type":"c","spec":"onBillingError"},{"code":"MessageError","name":"MessageError","typeName":"String","palette":"292","type":"v","spec":"MessageError"},{"code":"@Override\npublic void onBillingInitialized() {\n\n%s\n\n}","name":"onBillingInitialized","palette":"292","type":"c","spec":"onBillingInitialized ReadyToPurchase"},{"code":"@Override\npublic void onPurchaseHistoryRestored() {\nfor(String sku : %1$s.listOwnedProducts())\nLog.d(LOG_TAG, \"Owned Managed Product: \" + sku);\nfor(String sku : %1$s.listOwnedSubscriptions())\nLog.d(LOG_TAG, \"Owned Subscription: \" + sku);\n%2$s\n}","name":"onPurchaseHistoryRestored","palette":"292","type":"c","spec":"onPurchaseHistoryRestored BillingProcessor%s.inputOnly"},{"code":"}\nprivate void updateInfoBilling() {\nfinal String buyProduct \u003d String.format(\"%3$s is%3$s purchased\", PRODUCT_ID, %1$s.isPurchased(PRODUCT_ID) ? \"\" : \" not\");\nfinal String subcribeProduct \u003d String.format(\"%3$s is%3$s subscribed\", SUBSCRIPTION_ID, %1$s.isSubscribed(SUBSCRIPTION_ID) ? \"\" : \" not\");\n%2$s\n}\n{","name":"onUpdateInfoBilling","palette":"292","type":"c","spec":"onUpdateInfoBilling BillingProcessor%s.inputOnly"},{"code":"updateInfoBilling();","name":"updateInfoBilling","palette":"292","type":" ","spec":"updateInfoBilling"},{"code":"buyProduct","name":"buyProduct","typeName":"String","palette":"292","type":"v","spec":"buyProduct"},{"code":"subcribeProduct","name":"subcribeProduct","typeName":"String","palette":"292","type":"v","spec":"subcribeProduct"},{"code":"if (!%2$s) {\n%4$s\nreturn;\n}\n%1$s.purchase(%3$s.this, PRODUCT_ID);","name":"ButtonBuyProduct","palette":"292","type":"c","spec":"Buy BillingProcessor%s.inputOnly check%b at%m.activity"},{"code":"if (!%2$s) {\n%4$s\nreturn;\n}\n%1$s.purchase(%3$s.this, SUBSCRIPTION_ID);","name":"ButtonSubscribeProduct","palette":"292","type":"c","spec":"Subscribe BillingProcessor%s.inputOnly check%b at%m.activity"},{"code":"if (%1$s !\u003d null)\n%1$s.release();","name":"ReleaseBillingProcessor","palette":"292","type":" ","spec":"ReleaseBillingProcessor%s.inputOnly"}]