[{"code":"appUpdateManager \u003d AppUpdateManagerFactory.create(%1$s.this);  \n     appUpdateManager.getAppUpdateInfo().addOnSuccessListener(new OnSuccessListener\u003cAppUpdateInfo\u003e() {  \n       @Override  \n       public void onSuccess(AppUpdateInfo result) {  \n         if((result.updateAvailability() \u003d\u003d UpdateAvailability.UPDATE_AVAILABLE)  \n           \u0026\u0026 result.isUpdateTypeAllowed(AppUpdateType.IMMEDIATE))  \n         {  \n           try {  \n             appUpdateManager.startUpdateFlowForResult(  \n                 result,  \n                 AppUpdateType.IMMEDIATE,  \n                 %1$s.this,  \n                 RequestUpdate);  \n             }  \n           catch (IntentSender.SendIntentException e)  \n           {  \n             e.printStackTrace();  \n           }  \n         }  \n       }  \n     });  ","color":"#FF0097A7","name":"IN APP UPDATE ON_CREATE","typeName":"","palette":"151","type":" ","spec":"IN APP UPDATE ON_CREATE AT  %m.activity "},{"code":"appUpdateManager.getAppUpdateInfo().addOnSuccessListener(new OnSuccessListener\u003cAppUpdateInfo\u003e() {  \n       @Override  \n       public void onSuccess(AppUpdateInfo result) {  \n         if(result.updateAvailability() \u003d\u003d UpdateAvailability.DEVELOPER_TRIGGERED_UPDATE_IN_PROGRESS)  \n         {  \n           try {  \n             appUpdateManager.startUpdateFlowForResult(  \n                 result,  \n                 AppUpdateType.IMMEDIATE,  \n                 %1$s.this,  \n                 RequestUpdate);  \n           }  \n           catch (IntentSender.SendIntentException e)  \n           {  \n             e.printStackTrace();  \n           }  \n         }  \n       }  \n     });  ","color":"#FF0097A7","name":"IN  APP UPDATE ON_RESUME","typeName":"","palette":"151","type":" ","spec":"IN APP UPDATE ON_RESUME AT  %m.activity"}]