[{"code":"if(!BillingProcessor.isIabServiceAvailable(this)) {\n\n%s\n\n}","name":"IAP Initialize","palette":"150","type":"c","spec":"if BillingProcessor Service Not Available"},{"code":"%1$s \u003d new BillingProcessor(this, %2$s, %3$s, new BillingProcessor.IBillingHandler() {\n\n%4$s\n\n});","name":"BillingProcessorCheckSKU","palette":"150","type":"c","spec":"%m.BillingProcessor LisenceKey %s MerchantID %s"},{"code":"@Override\npublic void onProductPurchased(@NonNull String productId, @Nullable TransactionDetails details) {\n\n%s\n\n}","name":"onProductPurchased","palette":"150","type":"c","spec":"onProductPurchased"},{"code":"productId","name":"productId","typeName":"String","palette":"150","type":"v","spec":"productId"},{"code":"@Override\npublic void onBillingError(int errorCode, @Nullable Throwable error) {\n\nfinal String MessageError \u003d Integer.toString(errorCode);\n\n%s\n\n}","name":"onBillingError","palette":"150","type":"c","spec":"onBillingError"},{"code":"MessageError","name":"MessageError","typeName":"String","palette":"150","type":"v","spec":"MessageError"},{"code":"@Override\npublic void onBillingInitialized() {\n\n%s\n\n}","name":"onBillingInitialized","palette":"150","type":"c","spec":"onBillingInitialized ReadyToPurchase"},{"code":"@Override\npublic void onPurchaseHistoryRestored() {\nfor(String sku : %1$s.listOwnedProducts())\nLog.d(LOG_TAG, \"Owned Managed Product: \" + sku);\nfor(String sku : %1$s.listOwnedSubscriptions())\nLog.d(LOG_TAG, \"Owned Subscription: \" + sku);\n%2$s\n}","name":"onPurchaseHistoryRestored","palette":"150","type":"c","spec":"onPurchaseHistoryRestored %m.BillingProcessor"},{"code":"}\nprivate void updateInfoBilling() {\nfinal String buyProduct \u003d %2$s+\" is \"+(%1$s.isPurchased(%2$s) ? \"\" : \" not\")+\" purchased\";\nfinal String subcribeProduct \u003d %3$s+\" is \"+(%1$s.isSubscribed(%3$s) ? \"\" : \" not\")+\" subscribed\";\n%4$s\n}\n{","name":"onUpdateInfoBilling","palette":"150","type":"c","spec":"onUpdateInfoBilling %m.BillingProcessor ProductID %s or SubscriptionID %s"},{"code":"updateInfoBilling();","name":"updateInfoBilling","palette":"150","type":" ","spec":"updateInfoBilling"},{"code":"buyProduct","name":"buyProduct","typeName":"String","palette":"150","type":"v","spec":"buyProduct"},{"code":"subcribeProduct","name":"subcribeProduct","typeName":"String","palette":"150","type":"v","spec":"subcribeProduct"},{"code":"if (!%4$s) {\n%5$s\nreturn;\n}\n%2$s.purchase(%3$s.this, %1$s);","name":"ButtonBuyProduct","palette":"150","type":"c","spec":"Buy %s  %m.BillingProcessor at %m.activity ifNot %b"},{"code":"if (!%4$s) {\n%5$s\nreturn;\n}\n%2$s.purchase(%3$s.this, %1$s);","name":"ButtonSubscribeProduct","palette":"150","type":"c","spec":"Subscribe %s %m.BillingProcessor at %m.activity ifNot %b"},{"code":"if (%1$s !\u003d null)\n%1$s.release();","name":"ReleaseBillingProcessor","palette":"150","type":" ","spec":"ReleaseBillingProcessor %m.BillingProcessor"},{"code":"","name":"OnResultBillingResponse","palette":"150","type":" ","spec":"%s.inputOnly onActivityResult"}]