[{"code":"","color":"#FF039BE5","name":"created by IndoSW","typeName":"","palette":"140","type":"","spec":"created by IndoSW"},{"code":"%1$s \u003d _view.findViewById(R.id.%2$s);","color":"#556B2F","name":"InitializeSpeedDialView","typeName":"","palette":"140","type":" ","spec":"%m.SpeedDialView findViewById %m.view"},{"code":"%1$s.setMainFabClosedBackgroundColor(%2$s);","color":"#556B2F","name":"MainFabCloseBGColor","typeName":"","palette":"140","type":" ","spec":"%m.SpeedDialView MainFabCloseBGColor %m.color "},{"code":"%1$s.setMainFabOpenedBackgroundColor(%2$s);","color":"#556B2F","name":"MainFabOpenBGColor","typeName":"","palette":"140","type":" ","spec":"%m.SpeedDialView MainFabOpenBGColor %m.color "},{"code":"if (%1$s) {\n%2$s\n}","color":"#FF827717","name":"ReadActionSpeedDial","typeName":"","palette":"140","type":"c","spec":"If %b Then"},{"code":"%1$s","color":"#FF827717","name":"RImage","typeName":"Image","palette":"140","type":"v","spec":"%m.ResInjection"},{"code":"%1$s.addActionItem(new SpeedDialActionItem.Builder(R.id.%2$s, R.drawable.%3$s).create());","color":"#FF827717","name":"AddActionItem","typeName":"","palette":"140","type":" ","spec":"%m.SpeedDialView AddActionItem %m.fabtype icon %m.resource "},{"code":"Drawable drawable17 \u003d AppCompatResources.getDrawable(%4$s, R.drawable.%2$s);\n\nFabWithLabelView fabWithLabelView \u003d %1$s.addActionItem(new SpeedDialActionItem.Builder(R.id.%3$s, drawable17)","color":"#008A00","name":"AddActionItemWithLabel1","typeName":"","palette":"140","type":" ","spec":"%m.SpeedDialView icon %m.resource %m.fabtype at %m.GetActivity"},{"code":".setFabImageTintColor(ResourcesCompat.getColor(getResources(), R.color.%1$s, %4$s.getTheme())).setLabel(%2$s).setLabelColor(Color.%3$S)","color":"#008A00","name":"AddActionItemWithLabel2","typeName":"","palette":"140","type":" ","spec":"IMGTintColor %m.rcolor Label %s LabelColor %m.rgbcolor at %m.GetActivity"},{"code":".setLabelBackgroundColor(ResourcesCompat.getColor(getResources(), R.color.%1$s, %2$s.getTheme())).create());","color":"#008A00","name":"AddActionItemWithLabelEnd","typeName":"","palette":"140","type":" ","spec":"LabelBGcolor %m.rcolor at %m.GetActivity"},{"code":"if (fabWithLabelView !\u003d null) {\n%1$s\n}","color":"#008A00","name":"FabWithLabelNonNull","typeName":"","palette":"140","type":"c","spec":"If FabWithLabel !\u003dnull -\u003e then"},{"code":"fabWithLabelView.setSpeedDialActionItem(fabWithLabelView.getSpeedDialActionItemBuilder().setFabBackgroundColor(ResourcesCompat.getColor(getResources(), R.color.%1$s, %2$s.getTheme())).create());","color":"#008A00","name":"ActionFabWithLabelNonNull","typeName":"","palette":"140","type":" ","spec":"Background %m.rcolor at %m.GetActivity"},{"code":"%1$s.addActionItem(new SpeedDialActionItem.Builder(R.id.%3$s, R.drawable.%2$s).setLabel(%4$s).create());","color":"#E74C3C","name":"AddActionItemLongLabel","typeName":"","palette":"140","type":" ","spec":"%m.SpeedDialView icon %m.resource %m.fabtype Label %s "},{"code":"Drawable drawable19 \u003d AppCompatResources.getDrawable(%4$s, R.drawable.%2$s);\n\n%1$s.addActionItem(new SpeedDialActionItem.Builder(R.id.%3$s, drawable19)","color":"#9B59B6","name":"AddActionItemActionAdd","typeName":"","palette":"140","type":" ","spec":"%m.SpeedDialView icon %m.resource %m.fabtype at %m.GetActivity "},{"code":".setFabBackgroundColor(ResourcesCompat.getColor(getResources(), R.color.%1$s, %4$s.getTheme())).setLabel(%2$s).setLabelBackgroundColor(Color.%3$S).create());","color":"#9B59B6","name":"AddActionItemActionAdd2","typeName":"","palette":"140","type":" ","spec":"FabBGcolor %m.rcolor Label %s LabelColor %m.rgbcolor at %m.GetActivity "},{"code":"%1$s.addActionItem(new SpeedDialActionItem.Builder(R.id.%2$s, R.drawable.%3$s).setLabel(%4$s).setTheme(R.style.%5$s).create());\r","color":"#D35400","name":"AddActionItemCustomTheme","typeName":"","palette":"140","type":" ","spec":"%m.SpeedDialView %m.fabtype icon %m.resource Label %s %m.style"},{"code":"%1$s.setOnChangeListener(new SpeedDialView.OnChangeListener() {\n@Override\npublic boolean onMainActionSelected() {\n%3$s\nreturn %2$s;\n// True to keep the Speed Dial open\n}\n@Override\npublic void onToggleChanged(boolean isOpen) {\nLog.d(TAG, \"Speed dial toggle state changed. Open \u003d \" + isOpen);\n%4$s\n}\n});","color":"#FF827717","typeName":"","name":"OnChangeListener","palette":"140","type":"e","spec":"%m.SpeedDialView onMainActionSelected return %b ","spec2":"OnToggleChanged \u003cisOpen\u003e"},{"code":"%1$s.setOnActionSelectedListener(new SpeedDialView.OnActionSelectedListener() {\n@Override\npublic boolean onActionSelected(SpeedDialActionItem actionItem) {\n%3$s\nreturn %2$s;\n// To keep the Speed Dial open\n}\n});","color":"#02B875","typeName":"","name":"ListenerOnClick","palette":"140","type":"c","spec":"%m.SpeedDialView OnActionSelectedListener return %b ","spec2":"OnToggleChanged \u003cisOpen\u003e"},{"code":"switch (actionItem.getId()) {\n%1$s\ndefault:\nbreak;\n}","color":"#02B875","typeName":"","name":"SwitchActionItemOnClick","palette":"140","type":"c","spec":"switch ActionItem getID","spec2":"OnToggleChanged \u003cisOpen\u003e"},{"code":"if (actionItem.getId() \u003d\u003d R.id.%1$s) {\n%2$s\n}","color":"#02B875","typeName":"","name":"IfActionItemOnClick","palette":"140","type":"c","spec":"IF actionItem Equals %m.fabtype ","spec2":"OnToggleChanged \u003cisOpen\u003e"},{"code":"case R.id.%1$s:\n%2$s\nbreak;","color":"#02B875","typeName":"","name":"CaseActionWithBreak","palette":"140","type":"c","spec":"Case %m.fabtype Break","spec2":"OnToggleChanged \u003cisOpen\u003e"},{"code":"case R.id.%1$s:\n%3$s\nreturn %2$s;","color":"#02B875","typeName":"","name":"CaseActionWithReturn","palette":"140","type":"c","spec":"Case %m.fabtype return %b ","spec2":"OnToggleChanged \u003cisOpen\u003e"}]