[{"code":"","color":"#FFE53935","name":"Created By Arab Ware Channel !","typeName":"","palette":"62","type":"h","spec":"created by arab ware channel"},{"code":"","color":"#FFE53935","name":"Put All these Blocks Into OnTryToDownloadEvent","typeName":"","palette":"62","type":"h","spec":"Put All these Blocks Into OnTryToDownloadEvent"},{"code":"_Connected();\n_NotConnected();","color":"#FFE53935","name":"CheckInternet","typeName":"","palette":"62","type":" ","spec":"Check Internet !"},{"code":"String %1$sUrl \u003d InstaLoad;\nandroid.net.ConnectivityManager %1$sMA \u003d (android.net.ConnectivityManager)getSystemService(Context.CONNECTIVITY_SERVICE);\nandroid.net.NetworkInfo %1$sNI \u003d %1$sMA.getActiveNetworkInfo();\nif (%1$sNI !\u003d null \u0026\u0026 %1$sNI.isConnected()) {\n_Connected();\n} else {\n\t\t\t_NotConnected();\n}\nfinal DownloadManager.Request %1$sRQ \u003d new DownloadManager.Request(Uri.parse(%1$sUrl));","color":"#FFE53935","name":"Set Url","typeName":"","palette":"62","type":" ","spec":"%m.InstagramDownloader Get Url From RequestNetwork"},{"code":"String %1$sFN \u003d %2$s;","color":"#FFE53935","name":"set file name","typeName":"","palette":"62","type":" ","spec":"%m.InstagramDownloader set file name %s"},{"code":" URLUtil.guessFileName(%1$sUrl, null, null)","color":"#FFE53935","name":"get file name","typeName":"","palette":"62","type":"s","spec":"%m.InstagramDownloader get file name from the URL"},{"code":"%1$sRQ.setDescription(\"URL - \" + %1$sUrl);","color":"#FFE53935","name":"Reqest","typeName":"","palette":"62","type":" ","spec":"%m.InstagramDownloader set request description"},{"code":"%1$sRQ.setTitle(%2$s);\n%1$sRQ.allowScanningByMediaScanner();","color":"#FFE53935","name":"Request2","typeName":"","palette":"62","type":" ","spec":"%m.InstagramDownloader set title %s"},{"code":"%1$sRQ.setNotificationVisibility(DownloadManager.Request.VISIBILITY_VISIBLE_NOTIFY_COMPLETED);\n%1$sRQ.setDestinationInExternalPublicDir(%2$s, %1$sFN);","color":"#FFE53935","name":"Download Path","typeName":"","palette":"62","type":" ","spec":"%m.InstagramDownloader Set Download path %s"},{"code":"final DownloadManager %1$sDM \u003d (DownloadManager) getSystemService(Context.DOWNLOAD_SERVICE);\nfinal long %1$sDI \u003d %1$sDM.enqueue(%1$sRQ);","color":"#FFE53935","name":"Create Download Manager","typeName":"","palette":"62","type":" ","spec":"%m.InstagramDownloader create download manager"},{"code":"new Thread(new Runnable() {\n\t\t\t\t\t\t@Override\n\t\t\t\t\t\tpublic void run() {\n\t\t\t\t\t\t\t\t\t\n\t\t\t\t\t\t\t\t\tboolean %1$sDing \u003d true;\n\t\t\t\t\t\t\t\t\twhile (%1$sDing) {\n\t\t\t\t\t\t\t\t\t\t\t\t\n\t\t\t\t\t\t\t\t\t\t\t\tDownloadManager.Query %1$sg \u003d new DownloadManager.Query();\n%1$sg.setFilterById(%1$sDI);\nandroid.database.Cursor %1$sCR \u003d %1$sDM.query(%1$sg);\n\t\t\t\t\t\t\t\t\t\t\t\t%1$sCR.moveToFirst();\n\t\t\t\t\t\t\t\t\t\t\t\t\n\t\t\t\t\t\t\t\t\t\t\t\tint %1$sBD \u003d %1$sCR.getInt(%1$sCR.getColumnIndex(DownloadManager.COLUMN_BYTES_DOWNLOADED_SO_FAR));\n\t\t\t\t\t\t\t\t\t\t\t\t\n\t\t\t\t\t\t\t\t\t\t\t\tint %1$sBT \u003d %1$sCR.getInt(%1$sCR.getColumnIndex(DownloadManager.COLUMN_TOTAL_SIZE_BYTES));\n\t\t\t\t\t\t\t\t\t\t\t\t\n\t\t\t\t\t\t\t\t\t\t\t\tif (%1$sCR.getInt(%1$sCR.getColumnIndex(DownloadManager.COLUMN_STATUS)) \u003d\u003d DownloadManager.STATUS_SUCCESSFUL) {\n\t\t\t\t\t\t\t\t\t\t\t\t\t\t\t\n\t\t\t\t\t\t\t\t\t\t\t\t\t\t\t%1$sDing \u003d false;\n\t\t\t\t\t\t\t\t\t\t\t\t\t\t\t\n\t\t\t\t\t\t\t\t\t\t\t\t}\n\t\t\t\t\t\t\t\t\t\t\t\t\n\t\t\t\t\t\t\t\t\t\t\t\tfinal int %1$sDiP \u003d (int) ((%1$sBD * 100l) / %1$sBT);\n\t\t\t\t\t\t\t\t\t\t\t\t\n\t\t\t\t\t\t\t\t\t\t\t\trunOnUiThread(new Runnable() {\n\t\t\t\t\t\t\t\t\t\t\t\t\t\t\t@Override\n\t\t\t\t\t\t\t\t\t\t\t\t\t\t\tpublic void run() {\n\n\t\t\t\t\t\t\t\t\t\t\t\t\t\t\t\t\t\t\n\t\t\t\t\t\t\t\t\t\t\t\t\t\t\t\t\t\tif (%1$sDiP \u003d\u003d 100) {\n\t\t\t\t\t\t\t\t\t\t\t\t\t\t\t\t\t\t\t  %2$s\n\t\t\t\t\t\t\t\t\t\t\t\t\t\t\t\t\t\t}\n\t\t\t\t\t\t\t\t\t\t\t\t\t\t\t\t\t\t\n\t\t\t\t\t\t\t\t\t\t\t\t\t\t\t} });\n\t\t\t\t\t\t\t\t\t} } }).start();","color":"#FFE53935","name":"Download","typeName":"","palette":"62","type":"c","spec":"%m.InstagramDownloader Start Download On Completed"},{"code":"","color":"#FFE53935","name":"note","typeName":"","palette":"62","type":"h","spec":"put this into request network"},{"code":"_%1$sMore();","color":"#FFE53935","name":"start !!!","typeName":"","palette":"62","type":" ","spec":"%m.InstagramDownloader Start"},{"code":"String data \u003d \"\";\nNumber first_part \u003d 0;\nNumber second_part \u003d 0;\ntry {\r\n\tdata \u003d _response;\r\n\tfirst_part \u003d data.lastIndexOf(\"og:video:secure_url\") + 30;\r\n\tsecond_part \u003d data.lastIndexOf(\"og:video:type\") + -25;\r\n\tInstaLoad \u003d data.substring((int)(first_part), (int)(second_part));\n%1$s\n}\ncatch(Exception e) {\n\t%2$s\n}","color":"#FFE53935","typeName":"","name":"when !","palette":"62","type":"e","spec":"Download InstagramVideos On there is video","spec2":"else there is no"},{"code":"","color":"#FFE53935","name":"put this in on create","typeName":"","palette":"62","type":"h","spec":"put this into on create"},{"code":"","color":"#FFE53935","name":"create String variable with ID \u003d InstaLoad","typeName":"","palette":"62","type":"h","spec":"Make String Variable With Name \u003d InstaLoad"}]