[{"code":"%s.setStatus(InsLoadingView.Status.%s);","color":"#FFE91E63","name":"insta status","typeName":"","palette":"118","type":" ","spec":"%m.imageview set story status %s"},{"code":"LOADING","color":"#FFE91E63","name":"Load it","typeName":"","palette":"118","type":"s","spec":"Loading the story"},{"code":"UNCLICKED","color":"#FFE91E63","name":"unclicked fro insta","typeName":"","palette":"118","type":"s","spec":"unclicked status"},{"code":"%1$s.setStartColor(%2$s);\n%1$s.setEndColor(%3$s);","color":"#FFE91E63","name":"insta color","typeName":"","palette":"118","type":" ","spec":"%m.imageview set start color %m.color set end color %m.color"},{"code":"%1$s.setCircleDuration(%2$s);\n%1$s.setRotateDuration(%3$s);","color":"#FFE91E63","name":"insta duration","typeName":"","palette":"118","type":" ","spec":"%m.imageview set circle duration %d rotate duration %d"}]