[{"name":"CREATEDbyArabWare","palette":"38","spec":"CREATED BY ARAB WARE CHANNEL","type":"h","typeName":"","color":"#FF7B1FA2","code":""},{"name":"see my channel to understand how it works","palette":"38","spec":"see ArabWare channel to understand how it works","typeName":"","type":"h","code":"","color":"#FF7B1FA2"},{"spec2":"On Crash","typeName":"","color":"#FF7B1FA2","name":"GetDataIn","palette":"38","spec":"get data from file intent filter in %m.varStr  On Success","type":"e","code":"try{\n\tfinal Intent intent \u003d getIntent();\n\tfinal android.net.Uri data \u003d intent.getData();\n\t%1$s \u003d data.toString();\n%1$s \u003d %1$s.replace(\"file:///mnt/sdcard\", FileUtil.getExternalStorageDir());\n%2$s\n} catch (Exception e){\n\t%3$s\n}\r"}]