[{"code":"","color":"#FF1976D2","name":"Created By Arab Ware Channel  ","typeName":"","palette":"32","type":"h","spec":"Created By Arab Ware Channel"},{"code":"Intent %1$sI \u003d getIntent(); \nUri %1$sD \u003d %1$sI.getData();","color":"#FF1976D2","name":"SetData","typeName":"","palette":"32","type":" ","spec":"%m.intent get browser intent filter data"},{"code":"%1$sD.toString()","color":"#FF1976D2","name":"get data","typeName":"","palette":"32","type":"s","spec":"%m.intent get intent filter data"}]