[{"code":"//This block is Fixed by Arab Ware Channel And arranged and coded by CyberAlpha PH","color":"#7B7B7B","name":"Diamo","typeName":"","palette":"121","type":"h","spec":"//This block is Fixed by Arab Ware Channel And arranged and coded by CyberAlpha PH"},{"code":"iOSDialogBuilder %1$s \u003d new iOSDialogBuilder(%2$s.this);\n%3$s\n%1$s.build().show();","color":"#7B7B7B","name":"IOSDialogv2","typeName":"","palette":"121","type":"c","spec":"IOS Dialog %s.inputOnly to %m.activity "},{"code":"%1$s.setTitle(%2$s);","color":"#7B7B7B","name":"title","typeName":"","palette":"121","type":" ","spec":"IOS Dialog %s.inputOnly Set Title %s"},{"code":"%1$s.setSubtitle(%2$s);","color":"#7B7B7B","name":"Message","typeName":"","palette":"121","type":" ","spec":"IOS Dialog %s.inputOnly Set Message %s"},{"code":"%1$s.setBoldPositiveLabel(%2$s);","color":"#7B7B7B","name":"Bold","typeName":"","palette":"121","type":" ","spec":"IOS Dialog %s.inputOnly SetBoldPositive %b"},{"code":"%1$s.setCancelable(%2$s);","color":"#7B7B7B","name":"Cancelable  ","typeName":"","palette":"121","type":" ","spec":"IOS Dialog %s.inputOnly Set Cancelable %b"},{"code":"%1$s.setPositiveListener(%2$s,new iOSDialogClickListener() \n{ \t @Override \t public void onClick(iOSDialog dialog) { \t\t\n%3$s\t \n}\n})\t;","color":"#7B7B7B","name":"Positive Listener","typeName":"","palette":"121","type":"c","spec":"IOD Dialog %s.inputOnly Set Positive Listener %s"},{"code":"%1$s.setNegativeListener(%2$s, new iOSDialogClickListener() \n{ \t \n@Override \t public void onClick(iOSDialog dialog) { \t\t\n%3$s\n}\n});","color":"#7B7B7B","name":"Negative","typeName":"","palette":"121","type":"c","spec":"IOS Dialog %s.inputOnly Set Negative Listener %s"},{"code":"%1$s.dismiss(); ","color":"#7B7B7B","name":"Dismiss","typeName":"","palette":"121","type":" ","spec":"IOS Dialog %s.inputOnly Dismiss"}]