[{"code":"MailAccount mailAccount_%1$s \u003d new MailAccount(%2$s, %3$s);","color":"#FF0288D1","name":"SettingMailAccount","typeName":"","palette":"143","type":" ","spec":"%m.JavaMailAPI Config yourMail %s passwordMail %s "},{"code":"%1$s \u003d new JavaMailAPI(%2$s, mailAccount_%1$s, new JavaMailAPI.JavaMailListener() {\n@Override\npublic void sentEmail() {\n%3$s\n}\n@Override\npublic void sentNotification() {\n%4$s\n}\n});","color":"#FF0288D1","typeName":"","name":"ListenerSendEmail","palette":"143","type":"e","spec":"%m.JavaMailAPI at %m.GetActivity listener if Success","spec2":"If Error"},{"code":"%1$s.setMailData(%2$s, %3$s, %4$s);\n%1$s.execute();","color":"#FF0288D1","name":"SendEmailExecute","typeName":"","palette":"143","type":" ","spec":"%m.JavaMailAPI sendMail to %s subject %s message %s "}]