[{"name":"By","palette":"58","spec":"BY ARAB WARE CHANNEL","type":"h","typeName":"","color":"#FF689F38","code":""},{"name":"create-","palette":"58","spec":"%m.JsonParsing create new one with json string %s","typeName":"","type":" ","code":"%1$s \u003d new JSONObject(%2$s);\r","color":"#FF689F38"},{"name":"create json array","palette":"58","spec":"%m.JsonParsing put me at more block","type":" ","typeName":"","color":"#FF689F38","code":"}\nprivate JSONArray %1$sarray;\nprivate JSONObject %1$s2;\npublic void nothing%1$s () {"},{"name":"a","palette":"58","spec":"%m.JsonParsing create array with main key %s","typeName":"","type":" ","code":"%1$sarray \u003d %1$s.getJSONArray(%2$s);\r","color":"#FF689F38"},{"name":"getItems","palette":"58","spec":"%m.JsonParsing get items at position %d","type":" ","typeName":"","color":"#FF689F38","code":"%1$s2 \u003d %1$sarray.getJSONObject((int) %2$s);\r"},{"name":"get Value Of key Of Json Parsing","palette":"58","spec":"%m.JsonParsing get value of key %s","typeName":"","type":"s","code":"%1$s2.getString(%2$s)","color":"#FF689F38"}]