[{"code":"","color":"#FFF9A825","name":"azhar zouhir credit jsoup","typeName":"","palette":"133","type":"h","spec":"this blocks made by azhar zouhir"},{"code":"doc%s","color":"#FFF9A825","name":"doc","typeName":"","palette":"133","type":"s","spec":"doc %s.inputOnly"},{"code":"data_%s","color":"#FFF9A825","name":"data","typeName":"","palette":"133","type":"s","spec":"data %s.inputOnly"},{"code":"//this code written by azhar zouhir\norg.jsoup.nodes.Document %s \u003d org.jsoup.Jsoup.connect(%s);","color":"#FFF9A825","name":"Jsoup Connect","typeName":"","palette":"133","type":" ","spec":"Jsoup doc %s connect %s "},{"code":"//this code written by azhar zouhir\norg.jsoup.nodes.Document %s \u003d org.jsoup.Jsoup.parse(%s);","color":"#FFF9A825","name":"Jsoup Parse","typeName":"","palette":"133","type":" ","spec":"Jsoup doc %s  parse %s"},{"code":"//this code written by azhar zouhir\norg.jsoup.select.Elements %s \u003d %s.select(%s);","color":"#FFF9A825","name":"Elements select","typeName":"","palette":"133","type":" ","spec":"Elements data: %s doc %s select %s"},{"code":"//this code written by azhar zouhir\norg.jsoup.select.Elements %s \u003d %s.getElementsByClass(%s);","color":"#FFF9A825","name":"Elements getElementsByClass","typeName":"","palette":"133","type":" ","spec":"Elements data: %s doc %s getElementsByClass %s"},{"code":"","color":"#FFF9A825","name":"jsoup loops","typeName":"","palette":"133","type":"h","spec":"jsoup loops"},{"code":"for (org.jsoup.nodes.Element links : %1$s) {\n%2$s.add(links.text());\n}","color":"#FFF9A825","name":"loop text","typeName":"","palette":"133","type":" ","spec":"data: %s extract text to %m.listStr"},{"code":"for (org.jsoup.nodes.Element links : %1$s) {\n%3$s.add(links.attr(%2$s));\n}","color":"#FFF9A825","name":"loop attr","typeName":"","palette":"133","type":" ","spec":"data: %s attr %s add to %m.listStr"}]