[{"name":"created By arabware \u0026 star4droid","palette":"30","spec":"CREATED BY ARAB WARE CHANNEL \u0026 Star4Droid","typeName":"","type":"h","code":"","color":"#FF0288D1"},{"name":"help...","palette":"30","spec":"these are for doing something to linear items هذه البلوكات لفعل شيء لعناصر ال لينر","type":"h","typeName":"","color":"#FF0288D1","code":""},{"name":"help2","palette":"30","spec":"see the last blocks انظر للبلوكات الاخيرة","type":"h","typeName":"","color":"#FF0288D1","code":""},{"name":"getLinearLayoutTotalChildrenCount","palette":"30","spec":"%m.view (linear) get total elements count","typeName":"","type":"d","code":"%1$s.getChildCount()","color":"#FF0288D1"},{"name":"ChildAtIs","palette":"30","spec":"%m.view (linear) getChildAt(%d) is %s.inputOnly","type":"b","typeName":"","color":"#FF0288D1","code":"%1$s.getChildAt((int)%2$s) instanceof %3$s"},{"name":"getChildAt(int) : View","palette":"30","spec":"%m.view ( linear ) getChild(View) at %d ","type":"v","typeName":"View","color":"#FF0288D1","code":"((View)%1$s.getChildAt((int) %2$s))"},{"name":"getChildAt(int) : LinearLayout","palette":"30","spec":"%m.view (linear) getChildAt (LinearLayout) %d","typeName":"LinearLayout","type":"v","code":"((LinearLayout)%1$s.getChildAt((int) %2$s))","color":"#FF0288D1"},{"name":"getChildAt(int) : TextView","palette":"30","spec":"%m.view (linear) getChildAt (TextView) %d","type":"v","typeName":"TextView","color":"#FF0288D1","code":"((TextView)%1$s.getChildAt((int)%2$s))"},{"name":"getChildAt(int) : ImageView","palette":"30","spec":"%m.view (linear) getChildAt(ImageView) %d","typeName":"ImageView","type":"v","code":"((ImageView)%1$s.getChildAt((int) %2$s))","color":"#FF0288D1"},{"name":"getChildAt(int) : Button","palette":"30","spec":"%m.view (linear) getChildAt(Button) %d","type":"v","typeName":"Button","color":"#FF0288D1","code":"((Button)%1$s.getChildAt((int) %2$s))"},{"name":"getChildAt(int) : EditText","palette":"30","spec":"%m.view (linear) getChildAt(EditText) %d","typeName":"EditText","type":"v","code":"((EditText)%1$s.getChildAt((int) %2$s))","color":"#FF0288D1"},{"name":"getChildAt(int) : Switch","palette":"30","spec":"%m.view (linear) getChildAt(Switch) %d","type":"v","typeName":"","color":"#FF0288D1","code":"((Switch)%1$s.getChildAt((int) %2$s))"},{"name":"getChildAt(int) : CheckBox","palette":"30","spec":"%m.view (linear) getChildAt(CheckBox) %d","typeName":"CheckBox","type":"v","code":"((CheckBox)%1$s.getChildAt((int) %2$s))","color":"#FF0288D1"},{"name":"getChildAt(int) : ListView","palette":"30","spec":"%m.view (linear) getChildAt(ListView) %d","type":"v","typeName":"ListView","color":"#FF0288D1","code":"((ListView)%1$s.getChildAt((int) %2$s))"},{"name":"getChildAt(int) : GridView","palette":"30","spec":"%m.view (linear) getChildAt(GridView) %d","typeName":"GridView","type":"v","code":"((GridView)%1$s.getChildAt((int) %2$s))","color":"#FF0288D1"},{"name":"getChidAt(int) : Spinner","palette":"30","spec":"%m.view (linear) getChildAt(Spinner) %d","type":"v","typeName":"Spinner","color":"#FF0288D1","code":"((Spinner)%1$s.getChildAt((int) %2$s))"},{"name":"getChildAt(int) : ProgressBar","palette":"30","spec":"%m.view (linear) getChildAt(ProgressBar) %d","type":"v","typeName":"ProgressBar","color":"#FF0288D1","code":"((ProgressView)%1$s.getChildAt((int) %2$s))"},{"name":"getChildAt(int) : SeekBar","palette":"30","spec":"%m.view (linear) getChildAt(SeekBar) %d","type":"v","typeName":"SeekBar","color":"#FF0288D1","code":"((SeekBar)%1$s.getChildAt((int) %2$s))"},{"name":"getChildAt(int) : RatingBar","palette":"30","spec":"%m.view (linear) getChildAt(RatingBar) %d","typeName":"RatingBar","type":"v","code":"((RatingBar)%1$s.getChildAt((int) %2$s))","color":"#FF0288D1"},{"name":"getChildAt(int) : WebView","palette":"30","spec":"%m.view (linear) getChildAt(WebView) %d","type":"v","typeName":"WebView","color":"#FF0288D1","code":"((WebView)%1$s.getChildAt((int) %2$s))"},{"name":"getChildAt(int) : VideoView","palette":"30","spec":"%m.view (linear) getChildAt(VideoView) %d","type":"v","typeName":"","color":"#FF0288D1","code":"((VideoView)%1$s.getChildAt((int) %2$s))"},{"name":"getChildAt(int) : Custom","palette":"30","spec":"%m.view (linear) getChildAt(%s.inputOnly) %d","typeName":"View","type":"v","code":"((%2$s)%1$s.getChildAt((int) %3$s))","color":"#FF0288D1"},{"name":"get tag","palette":"30","spec":"%m.view get tag","type":"s","typeName":"","color":"#FF0288D1","code":"%1$s.getTag().toString()"},{"name":"setTag","palette":"30","spec":"%m.view setTag %s","typeName":"","type":" ","code":"%1$s.setTag(%2$s);","color":"#FF0288D1"},{"name":"for activity......","palette":"30","spec":"For Activity في اكتيفيتي","type":"h","typeName":"","color":"#FF0288D1","code":""},{"name":"addView(Custom)","palette":"30","spec":"%m.view (linear) add view with type %s.inputOnly in %m.activity","typeName":"","type":" ","code":"%1$s.addView(new %2$s(%3$s.this));","color":"#FF0288D1"},{"name":"addView(Custom)_copy25","palette":"30","spec":"%m.view (linear) add view with type %s.inputOnly in %m.activity at %d","typeName":"","type":" ","code":"%1$s.addView(new %2$s(%3$s.this),(int) %4$s);","color":"#FF0288D1"},{"name":"removeViewAt....","palette":"30","spec":"%m.view removeViewAt %d","type":" ","typeName":"","color":"#FF0288D1","code":"%1$s.removeView(%1$s.getChildAt((int)%2$s));"},{"name":"for fragment.....","palette":"30","spec":"FOR FRAGMENT في فراجمنت","type":"h","typeName":"","color":"#FF0288D1","code":""},{"name":"addView(Custom)2","palette":"30","spec":"%m.view linear add view with type %s.inputOnly in this fragment","typeName":"","type":" ","code":"%1$s.addView(new %2$s(getActivity()));","color":"#FF0288D1"},{"name":"addView(Custom)2_copy23","palette":"30","spec":"%m.view linear add view with type %s.inputOnly in this fragment at %d","typeName":"","type":" ","code":"%1$s.addView(new %2$s(getActivity()),(int) %3$s);","color":"#FF0288D1"},{"name":"removeViewAt.","palette":"30","spec":"%m.view removeView at %d","type":" ","typeName":"","color":"#FF0288D1","code":"%1$s.removeView(%1$s.getChildAt((int)%2$s));"},{"name":"not important blocks","palette":"30","spec":"EXTRA BLOCKS بلوكات اضافية","typeName":"","type":"h","code":"","color":"#FF0288D1"},{"name":"notice en","palette":"30","spec":"all objects must be childs in the same view to detect collision","typeName":"","type":"h","code":"","color":"#FF0288D1"},{"name":"notice ar","palette":"30","spec":"جميع الكائنات يجب ان تكون ابناء لكائن واحد لإيجاد التصادمO_O","typeName":"","type":"h","code":"","color":"#FF0288D1"},{"name":"set X","palette":"30","spec":"%m.view set x %d ","typeName":"","type":" ","code":"%1$s.setX((float) (%2$s));","color":"#FF0288D1"},{"name":"set Y","palette":"30","spec":"%m.view set Y %d ","typeName":"","type":" ","code":"%1$s.setY((float) (%2$s));","color":"#FF0288D1"},{"name":"set Z","palette":"30","spec":"%m.view set Z %d ","typeName":"","type":" ","code":"%1$s.setZ((float) (%2$s));","color":"#FF0288D1"},{"spec2":"else","typeName":"","color":"#FF0288D1","name":"if view will collision after x","palette":"30","spec":"if %m.view will collision with %m.view after %d in x","type":"e","code":"if (((%2$s.getX() \u003c %1$s.getX() + %3$s + %1$s.getWidth() \u0026\u0026 %2$s.getX() \u003e %1$s.getX() + %3$s) || (%1$s.getX() + %3$s \u003c %2$s.getX() + %2$s.getWidth() \u0026\u0026 %1$s.getX() + %3$s \u003e %2$s.getX())) \u0026\u0026 ((%2$s.getY() \u003c %1$s.getY() + %1$s.getHeight() \u0026\u0026 %2$s.getY() \u003e %1$s.getY()) || (%1$s.getY() \u003c %2$s.getY() + %2$s.getHeight() \u0026\u0026 %1$s.getY() \u003e %2$s.getY()))) {\n\t%4$s\n}\nelse {\n\t%5$s\n}"},{"spec2":"else","typeName":"","color":"#FF0288D1","name":"if view will collision after y","palette":"30","spec":"if %m.view will collision with %m.view after %d in y","type":"e","code":"if (((%2$s.getX() \u003c %1$s.getX() + %1$s.getWidth() \u0026\u0026 %2$s.getX() \u003e %1$s.getX()) || (%1$s.getX() \u003c %2$s.getX() + %2$s.getWidth() \u0026\u0026 %1$s.getX() \u003e %2$s.getX())) \u0026\u0026 ((%2$s.getY() \u003c %1$s.getY() + %3$s + %1$s.getHeight() \u0026\u0026 %2$s.getY() \u003e %1$s.getY() + %3$s) || (%1$s.getY() + %3$s \u003c %2$s.getY() + %2$s.getHeight() \u0026\u0026 %1$s.getY() + %3$s \u003e %2$s.getY()))) {\n\t%4$s\n}\nelse {\n\t%5$s\n}"},{"spec2":"else","typeName":"","color":"#FF0288D1","name":"if view collision","palette":"30","spec":"if %m.view collision with %m.view ","type":"e","code":"if (((%2$s.getX() \u003c %1$s.getX() + %1$s.getWidth() \u0026\u0026 %2$s.getX() \u003e %1$s.getX()) || (%1$s.getX() \u003c %2$s.getX() + %2$s.getWidth() \u0026\u0026 %1$s.getX() \u003e %2$s.getX())) \u0026\u0026 ((%2$s.getY() \u003c %1$s.getY() + %1$s.getHeight() \u0026\u0026 %2$s.getY() \u003e %1$s.getY()) || (%1$s.getY() \u003c %2$s.getY() + %2$s.getHeight() \u0026\u0026 %1$s.getY() \u003e %2$s.getY()))) {\r\n\t%3$s\n}\r\nelse {\r\n\t%4$s\n}"},{"name":"get x","palette":"30","spec":"%m.view get X","typeName":"","type":"d","code":"%1$s.getX()","color":"#FF0288D1"},{"name":"get y","palette":"30","spec":"%m.view get Y","typeName":"","type":"d","code":"%1$s.getY()","color":"#FF0288D1"},{"name":"get Z","palette":"30","spec":"%m.view get Z","typeName":"","type":"d","code":"%1$s.getZ()","color":"#FF0288D1"},{"name":"x + n","palette":"30","spec":"%m.view increase x by %d ","typeName":"","type":" ","code":"%1$s.setX((float) (%1$s.getX() + %2$s));","color":"#FF0288D1"},{"name":"Z + n","palette":"30","spec":"%m.view increase Z by %d ","typeName":"","type":" ","code":"%1$s.setZ((float) (%1$s.getZ() + %2$s));","color":"#FF0288D1"},{"name":"x - n","palette":"30","spec":"%m.view decrease x by %d ","typeName":"","type":" ","code":"%1$s.setX((float) (%1$s.getX() - %2$s));","color":"#FF0288D1"},{"name":"z - n","palette":"30","spec":"%m.view decrease Z by %d ","typeName":"","type":" ","code":"%1$s.setZ((float) (%1$s.getZ() - %2$s));","color":"#FF0288D1"},{"name":"y + n","palette":"30","spec":"%m.view increase y by %d ","typeName":"","type":" ","code":"%1$s.setY((float) (%1$s.getY() + %2$s));","color":"#FF0288D1"},{"name":"y - n","palette":"30","spec":"%m.view decrease y by %d ","typeName":"","type":" ","code":"%1$s.setY((float) (%1$s.getY() - %2$s));","color":"#FF0288D1"},{"name":"view will collision after x","palette":"30","spec":" %m.view will collision with %m.view after %d in x","typeName":"","type":"b","code":"(%1$s.getY() \u003e %2$s.getY() - %2$s.getHeight()) \u0026\u0026 ( %1$s.getY() \u003c %2$s.getY() + %2$s.getHeight()) \u0026\u0026 (%1$s.getX() + %3$s \u003e  %2$s.getX() - %2$s.getWidth() ) \u0026\u0026 (%1$s.getX() + %3$s \u003c %2$s.getX() + %2$s.getWidth() )","color":"#FF0288D1"},{"name":"view will collision after y","palette":"30","spec":"%m.view will collision with %m.view after %d in y","typeName":"","type":"b","code":"(%1$s.getY() + %3$s \u003e %2$s.getY() - %2$s.getHeight()) \u0026\u0026 ( %1$s.getY() + %3$s \u003c %2$s.getY() + %2$s.getHeight()) \u0026\u0026 (%1$s.getX() \u003e  %2$s.getX() - %2$s.getWidth() ) \u0026\u0026 (%1$s.getX() \u003c %2$s.getX() + %2$s.getWidth() )","color":"#FF0288D1"},{"name":"get rotation X","palette":"30","spec":"%m.view get RotationX","typeName":"","type":"d","code":"(int) getRotationX()","color":"#FF0288D1"},{"name":"get rotation Y","palette":"30","spec":"%m.view get RotationX","typeName":"","type":"d","code":"(int) getRotationY()","color":"#FF0288D1"},{"spec2":"else","typeName":"","color":"#FF0288D1","name":"if there is object in axsis","palette":"30","spec":"if %m.view collision with virtual object in x %d y %d ","type":"e","code":"if (((%2$s \u003c %1$s.getX() + %1$s.getWidth() \u0026\u0026 %2$s \u003e %1$s.getX()) || (%1$s.getX() \u003c %2$s + %1$s.getWidth() \u0026\u0026 %1$s.getX() \u003e %2$s)) \u0026\u0026 ((%3$s \u003c %1$s.getY() + %1$s.getHeight() \u0026\u0026 %3$s \u003e %1$s.getY()) || (%1$s.getY() \u003c %3$s + %1$s.getHeight() \u0026\u0026 %1$s.getY() \u003e %3$s))) {\r\n\t%4$s\n}\r\nelse {\r\n\t%5$s\n}"},{"spec2":"else","typeName":"","color":"#FF0288D1","name":"if view collision with virtual view","palette":"30","spec":"if %m.view collision with virtual view in x %d  y %d height %d width %d ","type":"e","code":"if (((%2$s \u003c %1$s.getX() + %1$s.getWidth() \u0026\u0026 %2$s \u003e %1$s.getX()) || (%1$s.getX() \u003c %2$s + %5$s \u0026\u0026 %1$s.getX() \u003e %2$s)) \u0026\u0026 ((%3$s \u003c %1$s.getY() + %1$s.getHeight() \u0026\u0026 %3$s \u003e %1$s.getY()) || (%1$s.getY() \u003c %3$s + %4$s \u0026\u0026 %1$s.getY() \u003e %3$s))) {\r\n\t%6$s\n}\r\nelse {\r\n\t%7$s\n}"},{"name":"get child from linear","palette":"30","spec":"get child at %d in %m.view ","typeName":"View","type":"p","code":"%2$s.getChildAt((int) %1$s)","color":"#FF0288D1"},{"name":"get child from linear as textview","palette":"30","spec":"get textview child at %d in %m.view ","typeName":"TextView","type":"p","code":"((TextView)%2$s.getChildAt((int) %1$s))","color":"#FF0288D1"},{"name":"move object toward object","palette":"30","spec":"move %m.view toward %m.view by %d in X and %d in Y","type":" ","typeName":"","color":"#FF0288D1","code":"if (%2$s.getX() \u003e %1$s.getX()) {\r\n\tif ((%1$s.getY() \u003e %2$s.getY() - %2$s.getHeight()) \u0026\u0026 ( %1$s.getY() \u003c %2$s.getY() + %2$s.getHeight()) \u0026\u0026 (%1$s.getX() + %3$s \u003e  %2$s.getX() - %2$s.getWidth() ) \u0026\u0026 (%1$s.getX() + 1 \u003c %2$s.getX() + %2$s.getWidth() )) {\n\t\t \n\t}\n\telse {\n\t\t%1$s.setX(%1$s.getX() + (float) (%3$s));\n\t}\r\n}\r\nelse {\r\n\tif (%1$s.getX() \u003e %2$s.getX()) {\r\n\t\tif ((%1$s.getY() \u003e %2$s.getY() - %2$s.getHeight()) \u0026\u0026 ( %1$s.getY() \u003c %2$s.getY() + %2$s.getHeight()) \u0026\u0026 (%1$s.getX() + -%3$s \u003e  %2$s.getX() - %2$s.getWidth() ) \u0026\u0026 (%1$s.getX() + -1 \u003c %2$s.getX() + %2$s.getWidth() )) {\n\t\t\t \n\t\t}\n\t\telse {\n\t\t\t%1$s.setX(%1$s.getX() + (float) (-%3$s));\n\t\t}\r\n\t}\r\n\telse {\r\n\t\t\r\n\t}\r\n}\r\nif (%2$s.getY() \u003e %1$s.getY()) {\r\n\tif ((%1$s.getY() + 1 \u003e %2$s.getY() - %2$s.getHeight()) \u0026\u0026 ( %1$s.getY() + %4$s \u003c %2$s.getY() + %2$s.getHeight()) \u0026\u0026 (%1$s.getX() \u003e  %2$s.getX() - %2$s.getWidth() ) \u0026\u0026 (%1$s.getX() \u003c %2$s.getX() + %2$s.getWidth() )) {\n\t\t \n\t}\n\telse {\n\t\t%1$s.setY(%1$s.getY() + (float) (%4$s));\n\t}\r\n}\r\nelse {\r\n\tif (%1$s.getY() \u003e %2$s.getY()) {\r\n\t\tif ((%1$s.getY() + -1 \u003e %2$s.getY() - %2$s.getHeight()) \u0026\u0026 ( %1$s.getY() + -%4$s \u003c %2$s.getY() + %2$s.getHeight()) \u0026\u0026 (%1$s.getX() \u003e  %2$s.getX() - %2$s.getWidth() ) \u0026\u0026 (%1$s.getX() \u003c %2$s.getX() + %2$s.getWidth() )) {\n\t\t\t \n\t\t}\n\t\telse {\n\t\t\t%1$s.setY(%1$s.getY() + (float) (-%4$s));\n\t\t}\r\n\t}\r\n\telse {\r\n\t\t\r\n\t}\r\n}"},{"name":"collision","palette":"30","spec":"%m.view collision with %m.view ","type":"b","typeName":"","color":"#FF0288D1","code":"(%1$s.getY() \u003e %2$s.getY() - %2$s.getHeight()) \u0026\u0026 ( %1$s.getY() \u003c %2$s.getY() + %2$s.getHeight()) \u0026\u0026 (%1$s.getX() \u003e  %2$s.getX() - %2$s.getWidth() ) \u0026\u0026 (%1$s.getX() \u003c %2$s.getX() + %2$s.getWidth() )"},{"name":"check if position in X of view","palette":"30","spec":"position %d in X of %m.view ","type":"b","typeName":"","color":"#FF0288D1","code":"(%1$s \u003c %2$s.getX() + %2$s.getWidth() \u0026\u0026 %1$s \u003e %2$s.getX())"},{"name":"check if position in Y of view","palette":"30","spec":"position %d in Y of %m.view ","type":"b","typeName":"","color":"#FF0288D1","code":"(%1$s \u003c %2$s.getY() + %2$s.getHeight() \u0026\u0026 %1$s \u003e %2$s.getY())"},{"name":"between","palette":"30","spec":"%d bettween %d  and %d ","type":"b","typeName":"","color":"#FF0288D1","code":"(%1$s \u003e %2$s) \u0026\u0026 (%1$s \u003c %3$s)"},{"name":"get random X in view","palette":"30","spec":"get random X in %m.view ","type":"d","typeName":"","color":"#FF0288D1","code":"SketchwareUtil.getRandom((int) (%1$s.getX()),(int) (%1$s.getX() + %1$s.getWidth() - 20))"},{"name":"get random Y in view","palette":"30","spec":"get random Y in %m.view ","type":"d","typeName":"","color":"#FF0288D1","code":"SketchwareUtil.getRandom((int) (%1$s.getY()),(int) (%1$s.getY() + %1$s.getHeight()- 20 ))"},{"name":"get height","palette":"30","spec":"%m.view getHeight","type":"d","typeName":"","color":"#FF0288D1","code":"%1$s.getHeight()"},{"name":"get Width","palette":"30","spec":"%m.view getWidth","type":"d","typeName":"","color":"#FF0288D1","code":"%1$s.getWidth()"},{"name":"MATCH_PARENT","palette":"30","spec":"MATCH_PARENT","type":"d","typeName":"","color":"#FF0288D1","code":"android.widget.LinearLayout.LayoutParams.MATCH_PARENT"},{"name":"WRAP_CONTENT","palette":"30","spec":"WRAP_CONTENT","type":"d","typeName":"","color":"#FF0288D1","code":"android.widget.LinearLayout.LayoutParams.WRAP_CONTENT"},{"name":"set height and width","palette":"30","spec":"%m.view set height %d and width %d ","type":" ","typeName":"","color":"#FF0288D1","code":"%1$s.setLayoutParams(new LinearLayout.LayoutParams((int) (%3$s),(int) (%2$s)));"},{"name":"move view away from view","palette":"30","spec":"move %m.view  away from %m.view by %d in X \u0026 %d in Y","type":" ","typeName":"","color":"#FF0288D1","code":"if (%1$s.getX() \u003e %2$s.getX()) {\r\n\t\t%1$s.setX(%1$s.getX() + (float) (%3$s));\r\n\t}\r\n\telse {\r\n\t\tif (%2$s.getX() \u003e %1$s.getX()) {\r\n\t\t\t%1$s.setX(%1$s.getX() - (float) (%3$s));\r\n\t\t}\r\n\t}\r\n\tif (%1$s.getY() \u003e %2$s.getY()) {\r\n\t\t%1$s.setY(%1$s.getY() + (float) (%4$s));\r\n\t}\r\n\telse {\r\n\t\tif (%2$s.getY() \u003e %1$s.getY()) {\r\n\t\t\t%1$s.setY(%1$s.getY() - (float) (%4$s));\r\n\t\t}\r\n\t}"},{"name":"space bettween 2 objects in X","palette":"30","spec":"get space bettween %m.view \u0026 %m.view in X","type":"d","typeName":"","color":"#FF0288D1","code":"%1$s.getX() - %2$s.getX()"},{"name":"space bettween 2 objects in Y","palette":"30","spec":"get space bettween %m.view \u0026 %m.view in Y","type":"d","typeName":"","color":"#FF0288D1","code":"%1$s.getY() - %2$s.getY()"},{"name":"increase rotation","palette":"30","spec":"%m.view increase rotation by %d ","type":" ","typeName":"","color":"#FF0288D1","code":"%1$s.setRotation((float)(%1$s.getRotation() + %2$s));"},{"name":"decrease rotation","palette":"30","spec":"%m.view decrease rotation by %d ","type":" ","typeName":"","color":"#FF0288D1","code":"%1$s.setRotation((float)(%1$s.getRotation() - %2$s));"},{"name":"set rotation X","palette":"30","spec":"%m.view set RotationX %d ","type":" ","typeName":"","color":"#FF0288D1","code":"%1$s.setRotationX((float) %2$s);"},{"name":"set rotation Y","palette":"30","spec":"%m.view set RotationY %d ","type":" ","typeName":"","color":"#FF0288D1","code":"%1$s.setRotationY((float) %2$s);"},{"name":"increase rotation X","palette":"30","spec":"%m.view increase RotationX by %d ","type":" ","typeName":"","color":"#FF0288D1","code":"%1$s.setRotationX(%1$s.getRotationX() + (float) %2$s);"},{"name":"increase rotation Y","palette":"30","spec":"%m.view increase RotationY by %d ","type":" ","typeName":"","color":"#FF0288D1","code":"%1$s.setRotationY(%1$s.getRotationY() + (float) %2$s);"},{"name":"decrease rotation X","palette":"30","spec":"%m.view decrease RotationX by %d ","type":" ","typeName":"","color":"#FF0288D1","code":"%1$s.setRotationX(%1$s.getRotationX() - (float) %2$s);"},{"name":"decrease rotation Y","palette":"30","spec":"%m.view decrease RotationY by %d ","type":" ","typeName":"","color":"#FF0288D1","code":"%1$s.setRotationY(%1$s.getRotationY() - (float) %2$s);"},{"name":"make view collide with view from left","palette":"30","spec":"make %m.view collide with %m.view from left","type":" ","typeName":"","color":"#FF0288D1","code":"%1$s.setX(%2$s.getX() - %1$s.getWidth());\n%1$s.setY(%2$s.getY());"},{"name":"make view collide with view from right","palette":"30","spec":"make %m.view collide with %m.view from right","type":" ","typeName":"","color":"#FF0288D1","code":"%1$s.setX(%2$s.getX() + %2$s.getWidth());\n%1$s.setY(%2$s.getY());"},{"name":"make view collide with view from top","palette":"30","spec":"make %m.view collide with %m.view from top","type":" ","typeName":"","color":"#FF0288D1","code":"%1$s.setX(%2$s.getX());\n%1$s.setY(%2$s.getY() - %1$s.getHeight());"},{"name":"make view collide with view from bottom","palette":"30","spec":"make %m.view collide with %m.view from bottom","type":" ","typeName":"","color":"#FF0288D1","code":"%1$s.setX(%2$s.getX());\n%1$s.setY(%2$s.getY() + %2$s.getHeight());"},{"name":"MATCH_PARENT_copy28","palette":"30","spec":"MATCH_PARENT","typeName":"","type":"d","code":"android.widget.LinearLayout.LayoutParams.MATCH_PARENT","color":"#FF0288D1"},{"name":"WRAP_CONTENT_copy15","palette":"30","spec":"WRAP_CONTENT","typeName":"","type":"d","code":"android.widget.LinearLayout.LayoutParams.WRAP_CONTENT","color":"#FF0288D1"},{"name":"set height and width_copy34","palette":"30","spec":"%m.view set height %d and width %d ","typeName":"","type":" ","code":"%1$s.setLayoutParams(new LinearLayout.LayoutParams((int) (%3$s),(int) (%2$s)));","color":"#FF0288D1"},{"name":"set margin","palette":"30","spec":"%m.view Margin Top %d Bottom %d left %d right %d ","typeName":"","type":" ","code":"LinearLayout.LayoutParams params \u003d new LinearLayout.LayoutParams(%1$s.getWidth(), %1$s.getHeight()); \nparams.setMargins((int) %2$s, (int) %3$s, (int) %5$s, (int) %4$s); \n%1$s.setLayoutParams(params);","color":"#FF0288D1"},{"name":"addview","palette":"30","spec":"add view with type%s.inputOnly to %m.activity linear %m.view ","typeName":"","type":" ","code":"((LinearLayout)%3$s).addView(new %1$s(%2$s.this));","color":"#FF0288D1"},{"name":"get child from linear as textview_copy20","palette":"30","spec":"get textview child at %d in %m.view ","typeName":"TextView","type":"p","code":"((TextView)((LinearLayout)%2$s).getChildAt((int) %1$s))","color":"#FF0288D1"},{"name":"get child from linear_copy74","palette":"30","spec":"get child at %d in %m.view ","typeName":"View","type":"p","code":"((LinearLayout)%2$s).getChildAt((int) %1$s)","color":"#FF0288D1"},{"name":"foreach view","palette":"30","spec":"foreach view in %m.view  do","typeName":"","type":"c","code":"for (int i \u003d 0; i \u003c ((LinearLayout) %1$s).getChildCount(); i++) {\nView v \u003d ((LinearLayout)%1$s).getChildAt(i);\n%2$s\n}","color":"#FF0288D1"},{"name":"if view is","palette":"30","spec":"if view is instance of %s.inputOnly ","typeName":"","type":"c","code":"if (v instanceof %1$s) {\n%2$s\n}","color":"#FF0288D1"},{"name":"if view is instance","palette":"30","spec":"if %m.view  is instance of %s.inputOnly ","typeName":"","type":"c","code":"if (%1$s instanceof %2$s) {\n%3$s\n}","color":"#FF0288D1"},{"name":"get view at","palette":"30","spec":"%m.view  get view","typeName":"View","type":"p","code":"((LinearLayout)%1$s.getChildAt(i))","color":"#FF0288D1"},{"name":"view input","palette":"30","spec":"View %s.inputOnly ","typeName":"View","type":"p","code":"%1$s","color":"#FF0288D1"},{"name":"length of string","palette":"30","spec":"length of %s ","typeName":"","type":"d","code":"%1$s.length()","color":"#FF0288D1"},{"name":"char to string","palette":"30","spec":"%s  to string","typeName":"","type":"s","code":"String.valueOf(%1$s)","color":"#FF0288D1"},{"name":"charAt","palette":"30","spec":"%s charAt %d ","typeName":"","type":"s","code":"%1$s.charAt(%2$s)","color":"#FF0288D1"},{"name":"return","palette":"30","spec":"return %m.view ","typeName":"","type":" ","code":"return ((View)%1$s);","color":"#FF0288D1"},{"name":"prepare dialog","palette":"30","spec":"prepare dialog","typeName":"","type":" ","code":"final AlertDialog d \u003d new AlertDialog.Builder(MainActivity.this).create();\nLayoutInflater dLI \u003d getLayoutInflater();\nView dCV \u003d (View) dLI.inflate(R.layout.properties, null);\nd.setView(dCV);\r\nfinal EditText height \u003d (EditText)\ndCV.findViewById(R.id.height);\r\nfinal EditText width \u003d (EditText)\ndCV.findViewById(R.id.width);\r\nfinal EditText text \u003d (EditText)\ndCV.findViewById(R.id.text);\r\nfinal EditText color \u003d (EditText)\ndCV.findViewById(R.id.color);\r\nfinal EditText corner \u003d (EditText)\ndCV.findViewById(R.id.corner);\r\nfinal EditText parent \u003d (EditText)\ndCV.findViewById(R.id.parent);\r\nfinal EditText bgc \u003d (EditText)\ndCV.findViewById(R.id.bgc);\r\nfinal Button seth \u003d (Button)\ndCV.findViewById(R.id.seth);\r\nfinal Button setw \u003d (Button)\ndCV.findViewById(R.id.setw);\r\nfinal Button sett \u003d (Button)\ndCV.findViewById(R.id.sett);\r\nfinal Button setc \u003d (Button)\ndCV.findViewById(R.id.setc);\r\nfinal Button setp \u003d (Button)\ndCV.findViewById(R.id.setp);\r\nfinal Button setbgc \u003d (Button)\ndCV.findViewById(R.id.setbgc);\r\nfinal Button add \u003d (Button)\ndCV.findViewById(R.id.add);\r\nd.setCancelable(true);","color":"#FF0288D1"},{"name":"color from string","palette":"30","spec":"color %s ","typeName":"color","type":"p","code":"Color.parseColor(%1$s)","color":"#FF0288D1"},{"name":"textview","palette":"30","spec":"view %m.view ","typeName":"TextView","type":"p","code":"((TextView) %1$s)","color":"#FF0288D1"},{"name":"addView..","palette":"30","spec":"add%m.view  to %m.view ","typeName":"","type":" ","code":"((LinearLayout) %2$s).addView(%1$s);","color":"#FF0288D1"},{"name":"RemoveView","palette":"30","spec":"remove %m.view  from  %m.view ","typeName":"","type":" ","code":"((LinearLayout) %2$s).removeView(%1$s);","color":"#FF0288D1"},{"name":"set padding","palette":"30","spec":"%m.view set padding Top %d bottom %d left %d right %d ","typeName":"","type":" ","code":"%1$s.setPadding((int) %4$s,(int) %2$s,(int) %5$s,(int) %3$s);","color":"#FF0288D1"},{"name":"scale_type","palette":"30","spec":"%m.view set scale type %s.inputOnly ","typeName":"","type":" ","code":"((ImageView) %1$s).setScaleType(ImageView.ScaleType.%2$s);","color":"#FF0288D1"},{"name":"SetOrientation","palette":"30","spec":"%m.view setOrientation %s.inputOnly ","typeName":"","type":" ","code":"((LinearLayout) %1$s).setOrientation(LinearLayout.%2$s);","color":"#FF0288D1"},{"name":"TextView....","palette":"30","spec":"TextView %m.view","type":"v","typeName":"TextView","color":"#FF0288D1","code":"((TextView) %1$s)"}]