[{"code":"%s \u003d new LinkedTreeMap\u003c\u003e();","name":"LinkedTreeMap createNew","palette":"21","type":" ","spec":"%m.LinkedTreeMap create new map"},{"code":"%s.put(%s, %s);","name":"LinkedTreeMap putValue","palette":"21","type":" ","spec":"%m.LinkedTreeMap put key %s value %s"},{"code":"%s.get(%s).toString()","name":"LinkedTreeMap getValue","palette":"21","type":"s","spec":"%m.LinkedTreeMap get key %s"},{"code":"%s.containsKey(%s)","name":"LinkedTreeMap containsKey","palette":"21","type":"b","spec":"%m.LinkedTreeMap contains key %s"},{"code":"%s.remove(%s);","name":"LinkedTreeMap removeKey","palette":"21","type":" ","spec":"%m.LinkedTreeMap remove key %s"},{"code":"%s.size()","name":"LinkedTreeMap size","palette":"21","type":"d","spec":"%m.LinkedTreeMap size"},{"code":"%s.clear();","name":"LinkedTreeMap clear","palette":"21","type":" ","spec":"%m.LinkedTreeMap clear"},{"code":"%s.isEmpty()","name":"LinkedTreeMap isEmpty","palette":"21","type":"b","spec":"%m.LinkedTreeMap is empty"},{"code":"%2$s \u003d (ArrayList\u003cString\u003e) %1$s.keySet();","name":"LinkedTreeMap getAllKeys","palette":"21","type":" ","spec":"%m.LinkedTreeMap get all keys to %m.listStr"}]