[{"code":"try {\njava.lang.reflect.Field mScrollCacheField \u003d View.class.getDeclaredField(\"mScrollCache\"); \nmScrollCacheField.setAccessible(true);\nObject mScrollCache \u003d mScrollCacheField.get(%s);\njava.lang.reflect.Field scrollBarField \u003d mScrollCache.getClass().getDeclaredField(\"scrollBar\"); \nscrollBarField.setAccessible(true); \nObject scrollBar \u003d scrollBarField.get(mScrollCache);\njava.lang.Class param \u003d android.graphics.drawable.Drawable.class;\njava.lang.reflect.Method method \u003d scrollBar.getClass().getDeclaredMethod(\"setVerticalThumbDrawable\", param);\nmethod.setAccessible(true); method.invoke(scrollBar, getResources().getDrawable(R.drawable.%s));\n} catch(Exception e) {}","color":"#FFC62828","name":"Listview scroll drawable","typeName":"","palette":"44","type":" ","spec":"Set The Scroll Drawable Of %m.listView As %m.resource"},{"code":"%1$s.setSelector(R.drawable.%2$s);","color":"#FFC62828","name":"list view selector image","typeName":"","palette":"44","type":" ","spec":"%m.listView Set The Selector Image %m.resource"},{"code":"Collections.swap(%1$s, (int)(%2$s), (int)(%3$s));","color":"#FFC62828","name":"Swap  In List View","typeName":"","palette":"44","type":" ","spec":"%m.listView Data Swap %d Replace With %d"},{"code":"%s.setFastScrollEnabled(%s);","color":"#FFC62828","name":"List view fast","typeName":"","palette":"44","type":" ","spec":"Make %m.listView Fast At Scrolling %b"},{"code":"%s.smoothScrollToPosition(arrayAdapter.getCount());","color":"#FFC62828","name":"list view last item","typeName":"","palette":"44","type":" ","spec":"Scroll %m.listView To The Last Item"},{"code":"%s.smoothScrollToPosition(%s);","color":"#FFC62828","name":"set list view item","typeName":"","palette":"44","type":" ","spec":"Scroll %m.listView to the item %d"},{"code":"%s.smoothScrollToPosition(arrayAdapter.getCount());","color":"#FFC62828","name":"list view refresh","typeName":"","palette":"44","type":" ","spec":"Refresh Data Of %m.listView"},{"code":"%1$s.setHorizontalScrollBarEnabled(false);\n%1$s.setVerticalScrollBarEnabled(false);\n%1$s.setOverScrollMode(ListView.OVER_SCROLL_NEVER);","color":"#FFC62828","name":"Hide Scroll","typeName":"","palette":"44","type":" ","spec":"%m.listView hide scroll bar"},{"code":"Collections.reverse(%1$s);","color":"#FFC62828","name":"Reverse List View Data","typeName":"","palette":"44","type":" ","spec":"%m.listView reverse data"},{"code":"Collections.shuffle(%1$s);","color":"#FFC62828","name":"Shuffle List View Data","typeName":"","palette":"44","type":" ","spec":"%m.listView Shuffle"},{"code":"Collections.sort(%1$s, String.CASE_INSENSITIVE_ORDER);","color":"#FFC62828","name":"listview sort","typeName":"","palette":"44","type":" ","spec":"sort %m.listView"}]