[{"code":"%1$s.setOnClickListener(new View.OnClickListener(){\n@Override\npublic void onClick(View _clickedView){\n%2$s\n}\n});","color":"#FF000000","name":"onClickListener","typeName":"","palette":"15","type":"c","spec":"%m.view setOnClickListener \u003d\u003d\u003d\u003e onClick(View _clickedView) "},{"code":"%1$s.setOnClickListener(null);","color":"#FF000000","name":"remove onClickListener","typeName":"","palette":"15","type":" ","spec":"%m.view remove onClickListener"},{"code":"%1$s.setOnTouchListener(new View.OnTouchListener(){\n@Override\npublic boolean onTouch(View _touchedView , MotionEvent event){\nint ev \u003d event.getAction();\nswitch (ev) {\ncase MotionEvent.ACTION_DOWN:\n\n%2$s\n\nbreak;\ncase MotionEvent.ACTION_UP:\n\n%3$s\n\nbreak;\n} return true;\n}\n});","color":"#FF000000","typeName":"","name":"onTouchListener","palette":"15","type":"e","spec":"%m.view setOnTouchListener \u003d\u003d\u003d\u003e onTouch(View _touchedView , MotionEvent event)","spec2":"onNotTouched"},{"code":"%1$s.setOnTouchListener(null);","color":"#FF000000","name":"remove onTouchListener","typeName":"","palette":"15","type":" ","spec":"%m.view remove onTouchListener"},{"code":"%1$s.setOnLongClickListener(new View.OnLongClickListener(){\n@Override\npublic boolean onLongClick(View _longClickedView){\n%2$s\nreturn false;\n}\n});","color":"#FF000000","name":"onLongClicked","typeName":"","palette":"15","type":"c","spec":"%m.view setOnLongClickListener \u003d\u003d\u003d\u003e onLongClick(View _longClickedView)"},{"code":"%1$s.setOnLongClickListener(null);","color":"#FF000000","name":"remove onLongClickListener","typeName":"","palette":"15","type":" ","spec":"%m.view remove onLongClickListener"}]