[{"code":"","color":"#FFEF6C00","name":"Fixed \u0026 created by arab ware channel","typeName":"","palette":"31","type":"h","spec":"fixed \u0026 created by arab ware channel"},{"code":"%1$s.setAnimation(%2$s);","color":"#FFEF6C00","name":"set animation from assets","typeName":"","palette":"31","type":" ","spec":"%m.lottie set animation from assets file %s"},{"code":"%1$s.setAnimationFromJson(%2$s);","color":"#FFEF6C00","name":"set animation from json","typeName":"","palette":"31","type":" ","spec":"%m.lottie set animation from json %s"},{"code":"%1$s.setAnimationFromUrl(%2$s);","color":"#FFEF6C00","name":"set animation from url","typeName":"","palette":"31","type":" ","spec":"%m.lottie set animation from url %s"},{"code":"%1$s.setRepeatCount((int)%2$s);","color":"#FFEF6C00","name":"set repeat numbers","typeName":"","palette":"31","type":" ","spec":"%m.lottie set repeat number %d"},{"code":"%1$s.setSpeed((float)%2$s);","color":"#FFEF6C00","name":"set animation speed","typeName":"","palette":"31","type":" ","spec":"%m.lottie set animation %d"},{"code":"%s.playAnimation();","color":"#FFEF6C00","name":"playAnimationLottie","typeName":"","palette":"31","type":" ","spec":"%m.lottie playAnimation"}]