[{"code":"%s.setAnimation(%s);","name":"Lottie setAnimation","palette":"275","type":" ","spec":"%m.LottieAnimationView setAnimation %s"},{"code":"%s.setRepeatCount(%s);","name":"setRepeatCountLottie","palette":"275","type":" ","spec":"%m.LottieAnimationView setRepeatCount %d"},{"code":"%s.setRepeatMode(com.airbnb.lottie.LottieDrawable.%s);","name":"setRepeatModeLottie","palette":"275","type":" ","spec":"%m.LottieAnimationView setRepeatMode %s.inputOnly"},{"code":"%s.playAnimation();","name":"playAnimationLottie","palette":"275","type":" ","spec":"%m.LottieAnimationView playAnimation"}]