[{"code":"@DANIEL SK","color":"#FF3F51B5","name":"","typeName":"","palette":"157","type":"h","spec":"CREATED BY DANIEL SK"},{"code":"lw \u003d findViewById(R.id.%1$s);\n        lw.addWheelItems(wheelItems);\n        lw.setTarget(%2$s);","color":"#FF3F51B5","name":"Spinning ds","typeName":"","palette":"157","type":" ","spec":"Spinning %m.view  setTarget %d "},{"code":"lw.setLuckyWheelReachTheTarget(new OnLuckyWheelReachTheTarget() {\n            @Override\n            public void onReachTarget() {\n              %1$s\n            }\n        });","color":"#FF3F51B5","name":"spinning complete","typeName":"","palette":"157","type":"c","spec":"When Spinning Complete"},{"code":"","color":"#FF3F51B5","name":"more block sk","typeName":"","palette":"157","type":"h","spec":"MORE BLOCK"},{"code":"wheelItems \u003d new ArrayList\u003c\u003e();","color":"#FF3F51B5","name":"ArryList","typeName":"","palette":"157","type":" ","spec":"ArrayList"},{"code":"wheelItems.add(new WheelItem((%1$s), BitmapFactory.decodeResource(getResources(),R.drawable.%2$s) , \"%3$s\"));","color":"#FF3F51B5","name":"Custom Item","typeName":"","palette":"157","type":" ","spec":"New Items CustomColor %m.color  CustomImage %m.resource   CustomValue %s.inputOnly "},{"code":"","color":"#FF3F51B5","name":"ply","typeName":"","palette":"157","type":"h","spec":"START SPINNING"},{"code":"lw.rotateWheelTo(%1$s);","color":"#FF3F51B5","name":"play spinning","typeName":"","palette":"157","type":" ","spec":"Start Spinning %d "}]