[{"code":"","color":"#FF00ACC1","name":"created by arab ware channel !!!!!!","typeName":"","palette":"26","type":"h","spec":"developed by arab ware channel from github"},{"code":"final List\u003cWheelItem\u003e %1$sArray \u003d new ArrayList\u003c\u003e();","color":"#FF00ACC1","name":"add item library","typeName":"","palette":"26","type":" ","spec":"create item library %m.LuckySpinner"},{"code":"%1$sArray.add(new WheelItem((%2$s), BitmapFactory.decodeResource(getResources(),R.drawable.%3$s) , %4$s));","color":"#FF00ACC1","name":"Add Item","typeName":"","palette":"26","type":" ","spec":"%m.LuckySpinner add item with %m.color with %m.resource with title %s"},{"code":"%1$s \u003d findViewById(R.id.%2$s);\n%1$s.addWheelItems(%1$sArray);","color":"#FF00ACC1","name":"start in view","typeName":"","palette":"26","type":" ","spec":"%m.LuckySpinner set %m.view"},{"code":"int %1$svar \u003d (int) %2$s;\n%1$s.setTarget(%1$svar);","color":"#FF00ACC1","name":"set target","typeName":"","palette":"26","type":" ","spec":"%m.LuckySpinner set target %d"},{"code":"%1$s.setLuckyWheelReachTheTarget(new OnLuckyWheelReachTheTarget() {\n\t            @Override\n\t            public void onReachTarget() {\n\t\t               %2$s\n\t\t            }\n\t        });","color":"#FF00ACC1","name":"on complete","typeName":"","palette":"26","type":"c","spec":"%m.LuckySpinner On Complete"}]