[{"name":"from daniel sk channel","palette":"38","spec":"from daniel sk channel but ... developed by me also","type":"h","typeName":"","color":"#FF0288D1","code":""},{"name":"set spinning","palette":"38","spec":"%m.view set spinning %d","typeName":"","type":" ","code":"%1$s.setTarget((int) %2$s);","color":"#FF0288D1"},{"name":"on spinning","palette":"38","spec":"%m.view on spinning","type":"c","typeName":"","color":"#FF0288D1","code":"%1$s.setLuckyWheelReachTheTarget(new OnLuckyWheelReachTheTarget() {\n\t            @Override\n\t            public void onReachTarget() {\n\t\t               %2$s\n\t\t            }\n\t        });"},{"name":"new items","palette":"38","spec":"%m.view create new items","typeName":"","type":" ","code":"final List\u003cWheelItem\u003e %1$sItems \u003d new ArrayList\u003c\u003e();\n%1$s.addWheelItems(%1$sItems);","color":"#FF0288D1"},{"name":"add item...","palette":"38","spec":"%m.view add item with name %s color %m.color image %m.resource","type":" ","typeName":"","color":"#FF0288D1","code":"%1$sItems.add(new WheelItem((%3$s), BitmapFactory.decodeResource(getResources(),R.drawable.%4$s) , %2$s));"},{"name":"start spinning...","palette":"38","spec":"%m.view start with %d","typeName":"","type":" ","code":"%1$s.rotateWheelTo((int) %2$s);\r","color":"#FF0288D1"}]