[{"code":"","color":"#FFD84315","name":"AddedByArabWareChannelOwner","typeName":"","palette":"17","type":"h","spec":"Added By Arab Ware Channel Owner \u0026 Codes From Hilal Siaf \u0026 Another sources"},{"code":"","color":"#FFD84315","name":"General","typeName":"","palette":"17","type":"h","spec":"General"},{"code":"%1$s \u003d new HashMap\u003c\u003e();","color":"#FFD84315","name":"Create New Map","typeName":"","palette":"17","type":" ","spec":"%m.varMap create new Map"},{"code":"%1$s.put(%2$s, %3$s);","color":"#FFD84315","name":"Add Key To The Map","typeName":"","palette":"17","type":" ","spec":"%m.varMap add oe edit key %s set value %s"},{"code":"%1$s.put(%2$s, (int)(%3$s));","color":"#FFD84315","name":"Add Key To The Map 2","typeName":"","palette":"17","type":" ","spec":"%m.varMap add or edit key %s set value %d"},{"code":"%1$s.put(%2$s, %3$s);","color":"#FFD84315","name":"Add Key To The Map 3","typeName":"","palette":"17","type":" ","spec":"%m.varMap add or edit key %s set value %b"},{"code":"","color":"#FFD84315","name":"Get Values Blocks","typeName":"","palette":"17","type":"h","spec":"Get Values Blocks"},{"code":"%1$s.get(%2$s).toString()","color":"#FFD84315","name":"get String From Map","typeName":"","palette":"17","type":"s","spec":"%m.varMap get String from key %s"},{"code":"(String)%1$s.get(%2$s)","color":"#FFD84315","name":"get Number From Map","typeName":"","palette":"17","type":"d","spec":"%m.varMap get number from key %d"},{"code":"(boolean)%1$s.get(%2$s)","color":"#FFD84315","name":"get Boolean From Map","typeName":"","palette":"17","type":"b","spec":"%m.varMap get boolean from key %s"},{"code":"%1$s.size()","color":"#FFD84315","name":"get Map Size","typeName":"","palette":"17","type":"d","spec":"%m.varMap get map size"},{"code":"","color":"#FFD84315","name":"Boolean Blocks","typeName":"","palette":"17","type":"h","spec":"Boolean Blocks"},{"code":"%1$s.isEmpty()","color":"#FFD84315","name":"if Map is Empty","typeName":"","palette":"17","type":"b","spec":"%m.varMap is empty"},{"code":"%1$s.containsKey(%2$s)","color":"#FFD84315","name":"Map Contains Key","typeName":"","palette":"17","type":"b","spec":"%m.varMap contains key %s"},{"code":"%1$s.containsValue(%2$s)","color":"#FFD84315","name":"Map Contains Value","typeName":"","palette":"17","type":"b","spec":"%m.varMap contains value %s"},{"code":"","color":"#FFD84315","name":"Remove Data Of Map","typeName":"","palette":"17","type":"h","spec":"Remove Data Of Map"},{"code":"%1$s.remove(%2$s);","color":"#FFD84315","name":"Remove Key","typeName":"","palette":"17","type":" ","spec":"%m.varMap Remove Key %s"},{"code":"%1$s.put(%2$s, \"\");","color":"#FFD84315","name":"Remove Just The Value Of Key","typeName":"","palette":"17","type":" ","spec":"%m.varMap Remove Just The Value Of key %s"},{"code":"%1$s.clear();","color":"#FFD84315","name":"ClearMap","typeName":"","palette":"17","type":" ","spec":"%m.varMap clear map"}]