[{"code":"","color":"#FF7B1FA2","name":"@DANIELSK","typeName":"","palette":"152","type":"h","spec":"@DANIEL SK"},{"code":"((LinearLayout)%1$s).removeView(%2$s); \nfinal com.google.android.material.textfield.TextInputLayout %4$s \u003d new com.google.android.material.textfield.TextInputLayout (this);\n %4$s.setLayoutParams(new LinearLayout.LayoutParams(LinearLayout.LayoutParams.MATCH_PARENT, LinearLayout.LayoutParams.WRAP_CONTENT)); \n\n %4$s.setPadding((int)getDip(2), (int)getDip(2) , (int)getDip(2) , (int)getDip(2) );\n%4$s.setGravity(Gravity.CENTER);\n%4$s.setHintEnabled(true);\n%4$s.setHint(\"%3$s\");\n%4$s.setBoxBackgroundMode(%4$s.BOX_BACKGROUND_OUTLINE); \n%4$s.setBoxStrokeColor(%5$s);\n%4$s.setBoxCornerRadii(5, 5, 5, 5);\n%4$s.setErrorEnabled(true);\n%4$s.setHintAnimationEnabled(true);\n\n%4$s.addView(%2$s);\n ((LinearLayout)%1$s).addView(%4$s);","color":"#FF7B1FA2","name":"Material EditText","typeName":"","palette":"152","type":" ","spec":"LinearLayout %m.view  EditText %m.edittext Hint %s.inputOnly  AnyName %s.inputOnly StrokeColor %m.color  "}]