[{"name":"BY WHO","palette":"56","spec":"BY ARAB WARE CHANNEL","type":"h","typeName":"","color":"#FF7B1FA2","code":""},{"name":"setText      .","palette":"56","spec":"%m.view setText %s","typeName":"","type":" ","code":"%1$s.setText(%2$s);","color":"#FF7B1FA2"},{"name":"setTextColor......","palette":"56","spec":"%m.view setTextColor %m.color","type":" ","typeName":"","color":"#FF7B1FA2","code":"%1$s.setTextColor(%2$s);"},{"name":"setTextSize.....","palette":"56","spec":"%m.view setTextSize %d","typeName":"","type":" ","code":"%1$s.setTextSize((float) %2$s);","color":"#FF7B1FA2"},{"name":"setIcon.....","palette":"56","spec":"%m.view setIcon %m.resource","type":" ","typeName":"","color":"#FF7B1FA2","code":"%1$s.setIcon(getApplicationContext().getResources().getDrawable(R.drawable.%2$s));\n%1$s.setIconTint(null);"},{"name":"setIconSize...","palette":"56","spec":"%m.view setIconSize %d","typeName":"","type":" ","code":"%1$s.setIconSize((int) %2$s);","color":"#FF7B1FA2"},{"name":"setIconTint...","palette":"56","spec":"%m.view setIconTint %m.color","type":" ","typeName":"","color":"#FF7B1FA2","code":"%1$s.setIconTint(ColorStateList.valueOf(%2$s));"},{"name":"setCornerRadius. ...","palette":"56","spec":"%m.view setCornerRadius %d","typeName":"","type":" ","code":"%1$s.setCornerRadius((int) %2$s);","color":"#FF7B1FA2"},{"name":"setRippleColor....","palette":"56","spec":"%m.view setRippleColor %m.color","type":" ","typeName":"","color":"#FF7B1FA2","code":"%1$s.setRippleColor(ColorStateList.valueOf(%2$s));"},{"name":"setStrokeColor","palette":"56","spec":"%m.view setStrokeColor %m.color","typeName":"","type":" ","code":"%1$s.setStrokeColor(ColorStateList.valueOf(%2$s));","color":"#FF7B1FA2"},{"name":"setStrokeWidth....","palette":"56","spec":"%m.view setStrokeWidth %d","type":" ","typeName":"","color":"#FF7B1FA2","code":"%1$s.setStrokeWidth((int) %2$s);"},{"name":"setBackgroundTintList ...","palette":"56","spec":"%m.view setBackgroundTintList %m.color","typeName":"","type":" ","code":"%1$s.setBackgroundTintList(ColorStateList.valueOf(%2$s));","color":"#FF7B1FA2"}]