[{"code":"","color":"#FF0097A7","name":"add by arab ware","typeName":"","palette":"40","type":"h","spec":"added by arab ware channel"},{"code":"","color":"#FF0097A7","name":"media player online","typeName":"","palette":"40","type":"h","spec":"media player online"},{"code":"\n\nString %1$sa \u003d %2$s;\n\n%1$s \u003d new MediaPlayer();\n\n%1$s.setAudioStreamType(3);\n\ntry {\n%1$s.setDataSource(%1$sa);\n\n}catch (IllegalArgumentException e) {\n\n\n\n} catch (SecurityException e2) { \n\n }\n\ncatch (IllegalStateException e3) { \n\n }\n\ncatch (java.io.IOException e4)\n{\ne4.printStackTrace();\n}","color":"#FF0097A7","name":"set media player online source","typeName":"","palette":"40","type":" ","spec":"%m.mediaplayer set music url %s"},{"code":"%1$s.start();","color":"#FF0097A7","name":"start online","typeName":"","palette":"40","type":" ","spec":"%m.mediaplayer start online"},{"code":"%1$s.pause();","color":"#FF0097A7","name":"pause online","typeName":"","palette":"40","type":" ","spec":"%m.mediaplayer puase online "},{"code":"%1$s.seekTo((int)(%2$s));","color":"#FF0097A7","name":"seek online","typeName":"","palette":"40","type":" ","spec":"%m.mediaplayer online seek to %d"},{"code":"%1$s.setLooping(%2$s);","color":"#FF0097A7","name":"looping","typeName":"","palette":"40","type":" ","spec":"%m.mediaplayer set looping %b"},{"code":"%1$s.reset();","color":"#FF0097A7","name":"reset online","typeName":"","palette":"40","type":" ","spec":"%m.mediaplayer online reset"},{"code":"%1$s.release();","color":"#FF0097A7","name":"release online","typeName":"","palette":"40","type":" ","spec":"%m.mediaplayer online release"},{"code":"%1$s.isPlaying()","color":"#FF0097A7","name":"is mediaplayer online playuing","typeName":"","palette":"40","type":"b","spec":"%m.mediaplayer online is playing"},{"code":"%1$s.isLooping()","color":"#FF0097A7","name":"is mediaplayer online looping","typeName":"","palette":"40","type":"b","spec":"%m.mediaplayer online is looping"},{"code":"%1$s.getDuration()","color":"#FF0097A7","name":"get mediaplayer online duration","typeName":"","palette":"40","type":"d","spec":"get %m.mediaplayer online duration"},{"code":"%1$s.getCurrentPosition()","color":"#FF0097A7","name":"get media player online current duration","typeName":"","palette":"40","type":"d","spec":"get %m.mediaplayer online current duration"},{"code":"","color":"#FF0097A7","name":"media player from path","typeName":"","palette":"40","type":"h","spec":"media player from path"},{"code":"%1$s \u003d MediaPlayer.create(getApplicationContext(), Uri.fromFile(new java.io.File(%2$s)));","color":"#FF0097A7","name":"play music","typeName":"","palette":"40","type":" ","spec":"play music with %m.mediaplayer with path %s"},{"code":"%1$s.start();","color":"#FF0097A7","name":"start media player from path","typeName":"","palette":"40","type":" ","spec":"%m.mediaplayer start from path"},{"code":"%1$s.pause();","color":"#FF0097A7","name":"pause mediaplayer from path","typeName":"","palette":"40","type":" ","spec":"%m.mediaplayer puase from path "},{"code":"%1$s.seekTo((int)(%2$s));","color":"#FF0097A7","name":"seek mediaplayer from path","typeName":"","palette":"40","type":" ","spec":"%m.mediaplayer  from path seek to %d"},{"code":"%1$s.setLooping(%2$s);","color":"#FF0097A7","name":"set mediaplayer looping from path","typeName":"","palette":"40","type":" ","spec":"%m.mediaplayer from path set looping %b"},{"code":"%1$s.reset();","color":"#FF0097A7","name":"reset mediaplayer from path","typeName":"","palette":"40","type":" ","spec":"%m.mediaplayer from path reset"},{"code":"%1$s.release();","color":"#FF0097A7","name":"release mediaplayer from path","typeName":"","palette":"40","type":" ","spec":"%m.mediaplayer from path release"},{"code":"%1$s.isPlaying()","color":"#FF0097A7","name":"is mediaplayer from path playing","typeName":"","palette":"40","type":"b","spec":"%m.mediaplayer from path is playing"},{"code":"%1$s.isLooping()","color":"#FF0097A7","name":"is mediaplayer from path looping","typeName":"","palette":"40","type":"b","spec":"%m.mediaplayer from path is looping"},{"code":"%1$s.getDuration()","color":"#FF0097A7","name":"get  mediaplayer from path duration","typeName":"","palette":"40","type":"d","spec":"get %m.mediaplayer from path duration"},{"code":"%1$s.getCurrentPosition()","color":"#FF0097A7","name":"get mediaplayer current duration from path","typeName":"","palette":"40","type":"d","spec":"get %m.mediaplayer current duration from path"}]