[{"code":"","color":"#FFD81B60","name":"created by arab ware channel .","typeName":"","palette":"29","type":"h","spec":"created by arab ware channel"},{"code":"%1$s_view.setAutoLinkText(%2$s);","color":"#FFD81B60","name":"autocompleteSetText","typeName":"","palette":"29","type":" ","spec":"%m.Mention set text %s"},{"code":"%1$s_view.addAutoLinkMode( AutoLinkMode.%2$s);","color":"#FFD81B60","name":"set type","typeName":"","palette":"29","type":" ","spec":"%m.Mention set %m.Type"},{"code":"","color":"#FFD81B60","name":"Types","typeName":"","palette":"29","type":"h","spec":"Types"},{"code":"MODE_PHONE","color":"#FFD81B60","name":"MODE_PHONE","typeName":"Type","palette":"29","type":"v","spec":"MODE_PHONE"},{"code":"MODE_HASHTAG","color":"#FFD81B60","name":"MODE_HASHTAG","typeName":"Type","palette":"29","type":"v","spec":"MODE_HASHTAG"},{"code":"MODE_URL","color":"#FFD81B60","name":"MODE_URL","typeName":"Type","palette":"29","type":"v","spec":"MODE_URL"},{"code":"MODE_MENTION","color":"#FFD81B60","name":"MODE_MENTION","typeName":"Type","palette":"29","type":"v","spec":"MODE_MENTION"},{"code":"MODE_EMAIL","color":"#FFD81B60","name":"MODE_EMAIL","typeName":"Type","palette":"29","type":"v","spec":"MODE_EMAIL"},{"code":"","color":"#FFD81B60","name":"use these just in the event","typeName":"","palette":"29","type":"h","spec":"Use These Just In The Events Of OnClick Into Mention Component"},{"code":"matchedText","color":"#FFD81B60","name":"matchedText","typeName":"","palette":"29","type":"s","spec":"matchedText"},{"code":"%1$s_view.setAutoLinkOnClickListener(new AutoLinkOnClickListener() {\n@Override\npublic void onAutoLinkTextClick(AutoLinkMode autoLinkMode, String matchedText) {\n%2$s\n}\n});","color":"#FFD81B60","name":"Events ","typeName":"","palette":"29","type":"c","spec":"%m.Mention On Mention Clicked"}]