[{"code":"","color":"#FF0097A7","name":"created by jawad","typeName":"","palette":"54","type":"h","spec":"created by jawad"},{"code":"","color":"#FF0097A7","name":"created by arab ware channel team","typeName":"","palette":"54","type":"","spec":"jawad is member in arab ware team"},{"code":" }\n@Override\npublic boolean onCreateOptionsMenu (Menu menu){\nmenu.add(0, 0, 0, %1$s);\nmenu.add(0, 1, 1, %2$s);\nmenu.add(0, 2, 2, %3$s);\nreturn true;\n}\n\n@Override\npublic boolean onOptionsItemSelected(MenuItem item){\nswitch (item.getItemId()){","color":"#FF0097A7","name":"Add menu","typeName":"","palette":"54","type":" ","spec":"Add menu with item 1 name %s and item 2 %s and item 3 %s"},{"code":"case 0:\n%s\nbreak;","color":"#FF0097A7","name":"Case item 1","typeName":"","palette":"54","type":"c","spec":"Case item 1"},{"code":"case 1:\n%s\nbreak;","color":"#FF0097A7","name":"Case Item 2","typeName":"","palette":"54","type":"c","spec":"Case item 2"},{"code":"case 2:\n%\nbreak;\n}\nreturn super.onOptionsItemSelected(item);","color":"#FF0097A7","name":"Case item 3","typeName":"","palette":"54","type":"c","spec":"Case item 3"},{"code":"}\n@Override\npublic boolean onCreateOptionsMenu(Menu menu){\n\nmenu.add(%1$s).setIcon(R.drawable.%2$s).setShowAsAction(MenuItem.SHOW_AS_ACTION_NEVER);\n\nmenu.add(%3$s).setIcon(R.drawable.%4$s).setShowAsAction(MenuItem.SHOW_AS_ACTION_NEVER);\n\nreturn true;\n}\n\n@Override\npublic boolean onOptionsItemSelected(final MenuItem item) {\nswitch (item.getTitle().toString()) {","color":"#FF0097A7","name":"Toolbar items icons","typeName":"","palette":"54","type":" ","spec":"menu add in toolbar item1 %s with icon%m.resource item 2 %s with icon %m.resource"},{"code":"case %1$s:\n%2$s\nreturn true;","color":"#FF689F38","name":"Case item","typeName":"","palette":"54","type":"c","spec":"Case %s.inputOnly "},{"code":"default:\nreturn super.onOptionsItemSelected(item);\n}","color":"#FF689F38","name":"Show items","typeName":"","palette":"54","type":" ","spec":"show items"}]