[{"code":"MobfoxSDK.init(this);","name":"MobfoxSDK_init","palette":"37","type":" ","spec":"MobfoxSDK_init"},{"code":"%1$s \u003d MobfoxSDK.createBanner(%2$s.this, %3$s, %4$s, %5$s, new MobfoxSDK.MFXBannerListener() {\n       %6$s\n   });\n ","name":"MobFoxBannerListener","palette":"37","type":"c","spec":"%m.MobfoxSDK.MFXBanner at %m.activity SizeWidth %s.inputOnly SizeHeight %s.inputOnly HashBanner %s"},{"code":"\n       @Override\n       public void onBannerLoadFailed(MobfoxSDK.MFXBanner mfxBanner, String s) {\n           final String MFXbannerErrorLoad \u003d s;\n           %1$s\n       }","name":"OnBannerFailedLoad","palette":"37","type":"c","spec":"OnBannerFailedLoad"},{"code":"MFXbannerErrorLoad","name":"MFXbannerErrorLoad","typeName":"String","palette":"37","type":"v","spec":"MFXbannerErrorLoad"},{"code":"\n       @Override\n       public void onBannerLoaded(MobfoxSDK.MFXBanner mfxBanner) {\n           Log.d(\"MobFoxLog\", \"banner loaded\");\n \n           //A loaded banner is added to your placeholder\n           \n           MobfoxSDK.addBannerViewTo(mBannerAd, %1$s);\n          %2$s\n\n       }","name":"MFXBannerLoaded","palette":"37","type":"c","spec":"MFXBannerLoaded InflateAdsTo %m.view"},{"code":"\n       @Override\n       public void onBannerShown(MobfoxSDK.MFXBanner mfxBanner) {\n       %1$s\n       }","name":"MFXonBannerShow","palette":"37","type":"c","spec":"MFXonBannerShow"},{"code":" \n       @Override\n       public void onBannerClosed(MobfoxSDK.MFXBanner mfxBanner) {\n       %1$s\n       }","name":"MFXonBannerClose","palette":"37","type":"c","spec":"MFXonBannerClose"},{"code":"       @Override\n       public void onBannerFinished(MobfoxSDK.MFXBanner mfxBanner) {\n       %1$s\n       }","name":"MFXonBannerFinished","palette":"37","type":"c","spec":"MFXonBannerFinished"},{"code":"\n       @Override\n       public void onBannerClicked(MobfoxSDK.MFXBanner mfxBanner, String s) {\n       %1$s\n       }","name":"MFXonBannerClicked","palette":"37","type":"c","spec":"MFXonBannerClicked"},{"code":"MobfoxSDK.loadBanner(%1$s);","name":"MobFoxBannerLoad","palette":"37","type":" ","spec":"%m.MobfoxSDK.MFXBanner Load"},{"code":"MobfoxSDK.onResume(this);","name":"MFXonResume","palette":"37","type":" ","spec":"MFXonResume"},{"code":"MobfoxSDK.onPause(this);","name":"MFXonPause","palette":"37","type":" ","spec":"MFXonPause"},{"code":"if (MobfoxSDK.onBackPressed(this))\n{\nreturn;\n}","name":"MFXonBackPress","palette":"37","type":" ","spec":"MFXonBackPress"},{"code":"MobfoxSDK.setCOPPA(%1$s);","name":"MobfoxSDK_setCOPPA","palette":"37","type":" ","spec":"MobfoxSDK_setCOPPA %b"}]