[{"code":"//Version\n%1$s.setText(Build.VERSION.RELEASE);","name":"Version","palette":"38","type":" ","spec":"Version%m.textview"},{"code":"//Model\n%1$s.setText(Build.MANUFACTURER.concat(\" \".concat(Build.MODEL)));","name":"Model","palette":"38","type":" ","spec":"Model%m.textview"},{"code":"//Build Tags\n%1$s.setText(Build.TAGS);","name":"Build Tags","palette":"38","type":" ","spec":"Build Tags%m.textview"},{"code":"//Build User\n%1$s.setText(Build.USER);","name":"Build User","palette":"38","type":" ","spec":"Build User%m.textview"},{"code":"//Build Version SDK\n%1$s.setText(Build.VERSION.SDK);\n","name":"Build Version SDK","palette":"38","type":" ","spec":"Build Version SDK%m.textview"},{"code":"//Build ID\n%1$s.setText(Build.ID);","name":"Build ID","palette":"38","type":" ","spec":"Build ID%m.textview"}]