[{"code":"//blocks by mini dev , you can use this project witout credit but if you want to support me , please credit me , thanks :)","color":"#FF00BCD4","name":"credit","typeName":"credit","palette":"19","type":" ","spec":"Blocks By Mini dev official , join telegram channel : @mini_dev_official"},{"code":"//put motion block on create and also put down and up at first , the put right left ","color":"#FF00BCD4","name":"toturial","typeName":"tota","palette":"19","type":" ","spec":"how to use : put motion block on create and also put down and up at first , the put right left "},{"code":"%s.setOnTouchListener(new View.OnTouchListener() {\r\n@Override\r\npublic boolean onTouch(View p1, MotionEvent p2){\r\nswitch(p2.getAction()) {\r\ncase MotionEvent.ACTION_DOWN: \r\ny1 \u003d p2.getY();\r\nx1 \u003d p2.getX();\r\nbreak;\r\ncase MotionEvent.ACTION_UP: \r\ny2 \u003d p2.getY();\r\nx2 \u003d p2.getX();","color":"#FF00BCD4","name":"first","typeName":"first","palette":"19","type":" ","spec":"Motion on linar (type the linar name ) %s.inputOnly ( put at first )"},{"code":"if (((y1 - y2) \u003c -250)) {\r\n//down\n// by mini dev official \n%1$s\r\n} \r\nif (((y2 - y1) \u003c -250)) {\r\n//up\n%2$s\r\n}","color":"#FF00BCD4","name":"motion detct","typeName":"motion","palette":"19","type":"e","spec":"Motion dector if swiped down (put this even if you dont need this to work correctly)","spec2":"if swiped up"},{"code":"if (((x1 - x2) \u003c -250)) {\r\n//right\n%1$s\r\n} \r\nif (((x2 - x1) \u003c -250)) {\r\n//left\n%2$s\n}\nbreak;\r\n}\r\nreturn true;\r\n}});","color":"#FF00BCD4","name":"left_right","typeName":"ifels","palette":"19","type":"e","spec":"If swiped right ( put after swipe down and up , even if you dont need)","spec2":"if swiped left"},{"code":"// Please follow our telegram channel , if we reach 100 followers , I will upload new zack messenger with emojies @mini_dev_official","color":"#FF00BCD4","name":"zackupdate","typeName":"zack","palette":"19","type":" ","spec":"Please follow our telegram channel , if we reach 100 followers , I will upload new zack messenger with emojies @mini_dev_official"}]