[{"code":"","color":"#FF000000","name":"cRe","typeName":"h","palette":"285","type":"h","spec":"Cr : Amir Sina IZ"},{"code":"View cv \u003d getLayoutInflater().inflate(R.layout.%1$s, null);\n\nbg \u003d (LinearLayout)cv.findViewById(R.id.%2$s);\n\n%3$s\n\n((ViewGroup)_fab.getParent()).addView(bg);","color":"#FF2DA5E2","name":"Create fab","typeName":"c","palette":"285","type":"c","spec":"Create fab from %m.customViews Set Main Background %m.view With ID bg"},{"code":"LinearLayout fab%1$s \u003d (LinearLayout)bg.findViewById(R.id.%2$s);\n\n%3$s\n\nfab%1$s.setOnClickListener(new View.OnClickListener() {\n\t\n\t@Override\n\tpublic void onClick(View v) {\n\t\t\r\n  %4$s\n\r\n\t}});","color":"#FF2DA5E2","name":"Add Fab ","typeName":"c","palette":"285","type":"e","spec":"Create Fab %d View %m.view Settings  ","spec2":"onClick"},{"code":"if (%1$s) {\r\n\tbg.setVisibility(View.VISIBLE);\r\n\tbg.setTranslationY((int)getDip(%2$s));\n\t\n\t\r\n\tbg.setAlpha(0);\n\t\n\t\r\n\tbg.animate().setDuration(%3$s).alpha(1f).translationY(0);\n\t\n\t\r\n\t_fab.animate().setDuration(%3$s).rotation(%4$s);\r\n}\r\nelse {\r\n\tbg.setVisibility(View.GONE);\r\n}\r\n}\r\nprivate LinearLayout bg;\r\n{","color":"#FF2DA5E2","name":"Show Fab ","typeName":"e","palette":"285","type":"e","spec":"Show Fab %b Transition Y %d  Set Duration %d  Rotation %d ","spec2":"else"},{"code":"((ViewGroup)%1$s.getParent()).removeView(%1$s);","color":"#FF2DA5E2","name":"Remove bg","typeName":"r","palette":"285","type":" ","spec":"Remove View %m.view "},{"code":"%1$s.animate().setDuration(%2$s).rotation(%3$s);","color":"#FF2DA5E2","name":"Animation fab","typeName":"r","palette":"285","type":" ","spec":"Set Rotation to view %m.view Duration %d  Rotation %d "},{"code":"%1$s %2$s \u003d (%1$s)bg.findViewById(R.id.%3$s);","color":"#FF2DA5E2","name":"Add View fab","typeName":"r","palette":"285","type":" ","spec":"Add view type %m.typeview with id %s.inputOnly  from id %s.inputOnly "}]