[{"code":"androidx.core.widget.NestedScrollView %1$s \u003d new androidx.core.widget.NestedScrollView(%4$s.this);\n%1$s.setLayoutParams(new LinearLayout.LayoutParams(-1,-1));\n%2$s.addView(%1$s);\n%1$s.addView(%3$s);","name":"NestedScrollView","palette":"61","type":" ","spec":"NestedScrollView_id -\u003e %s.inputOnly addToView %m.view andView %m.view addToNested at %m.activity"},{"code":"((ViewGroup)%1$s.getParent()).removeView(%1$s);","name":"RemoveViewGroup","palette":"61","type":" ","spec":"RemoveViewGroup For %m.view"},{"code":"androidx.core.view.ViewCompat.setNestedScrollingEnabled(%1$s, %2$s);","name":"SetNestedScrolling","palette":"61","type":" ","spec":"SetNestedScrollingTo %m.MyListView Enable %b"},{"code":"%1$s \u003d new MyListView(%2$s.this);\n%1$s.setLayoutParams(new LinearLayout.LayoutParams(-1,-1));","name":"CreateListViewOnNested","palette":"61","type":" ","spec":"MyListView %m.MyListView at %m.activity"},{"code":"%1$s.setAdapter(new %1$SAdapter(%2$s));\n%1$s.setDividerHeight(%3$s);\n%4$s.addView(%1$s);","name":"MyListViewAdapter","palette":"61","type":" ","spec":"%m.MyListView setAdapter %m.listMap setDividerHeight %d addListViewTo %m.view"},{"code":"%1$s.setOnItemClickListener(new AdapterView.OnItemClickListener() {\n     @Override\n     public void onItemClick(AdapterView\u003c?\u003e a, View b, int c, long d) {\n        %2$s\n     }\n});","name":"MyListViewOnClickListener","palette":"61","type":"c","spec":"%m.MyListView onClickListener"},{"code":"}\npublic class MyListView extends ListView {\n    public MyListView(Context a) {\n    super(a);\n    }\n\n    @Override\n    public void onMeasure(int widthMeasureSpec, int heightMeasureSpec) {\n        int heightMeasureSpec_custom \u003d MeasureSpec.makeMeasureSpec( Integer.MAX_VALUE \u003e\u003e 1, MeasureSpec.AT_MOST);\n        super.onMeasure(widthMeasureSpec, heightMeasureSpec_custom);\n        ViewGroup.LayoutParams params \u003d getLayoutParams();\n        params.height \u003d getMeasuredHeight();\n    }\n}\n\npublic class %1$SAdapter extends BaseAdapter {\n\t\tArrayList\u003cHashMap\u003cString, Object\u003e\u003e _data;\n\t\tpublic %1$SAdapter(ArrayList\u003cHashMap\u003cString, Object\u003e\u003e _arr) {\n\t\t\t_data \u003d _arr;\n\t\t}\n\t\t\n\t\t@Override\n\t\tpublic int getCount() {\n\t\t\treturn _data.size();\n\t\t}\n\t\t\n\t\t@Override\n\t\tpublic HashMap\u003cString, Object\u003e getItem(int _index) {\n\t\t\treturn _data.get(_index);\n\t\t}\n\t\t\n\t\t@Override\n\t\tpublic long getItemId(int _index) {\n\t\t\treturn _index;\n\t\t}\n\t\t@Override\n\t\tpublic View getView(final int position, View _view, ViewGroup _viewGroup) {\n\t\t\tLayoutInflater _inflater \u003d (LayoutInflater)getBaseContext().getSystemService(Context.LAYOUT_INFLATER_SERVICE);\n\t\t\tView _v \u003d _view;\n\t\t\tif (_v \u003d\u003d null) {\n\t\t\t\t_v \u003d _inflater.inflate(R.layout.%2$s, null);\n\t\t\t}\n\t\t\t\n\t\t\t%3$s\n\t\t\t\n\t\t\t\n\t\t\treturn _v;\n\t\t}\n\t}\n\t\nprivate void doNothingBrooo(){","name":"MyListViewOnBindViewClass","palette":"61","type":"c","spec":"%m.MyListView onBindView CustomLayout %s.inputOnly"},{"code":"\n\t\t\tfinal %1$s %2$s \u003d (%1$s) _v.findViewById(R.id.%2$s);","name":"ID_WidgetOnBindView","palette":"61","type":" ","spec":"WidgetType %s.inputOnly id %s.inputOnly"},{"code":"%1$s","name":"MyListView","typeName":"ListView","palette":"61","type":"v","spec":"%m.MyListView"},{"code":"androidx.core.view.ViewCompat.setNestedScrollingEnabled(%1$s, %2$s);","name":"SetNestedScrollingView","palette":"61","type":" ","spec":"SetNestedScrollingTo %m.view Enable %b"}]