[{"code":"%s.setOnClickListener(new View.OnClickListener() {\n\t\t\t\t@Override\n\t\t\t\tpublic void onClick(View _view) {\n\t\t\t\t\t%s\n\t\t\t\t}\n\t\t\t});","color":"#4A6CD4","name":"onViewClickCustom","typeName":"","palette":"48","type":"c","spec":"When %m.view clicked"},{"code":"%s.setOnLongClickListener(new View.OnLongClickListener() {\n\t\t\t\t@Override\n\t\t\t\tpublic boolean onLongClick(View _view) {\n\t\t\t\t\t%s\n\t\t\t\t\treturn true;\n\t\t\t\t}\n\t\t\t});","color":"#4A6CD4","name":"onViewLongClickCustom","typeName":"","palette":"48","type":"c","spec":"When %m.view long clicked"},{"code":"%s.setOnTouchListener(new View.OnTouchListener(){ \n@Override \npublic boolean onTouch(View _view, MotionEvent _motionEvent){ \n%s \nreturn true; \n }\n});","name":"setOnTouchListenerr","palette":"48","type":"c","spec":"When %m.view Touched"},{"code":"%s.setDownloadListener(new DownloadListener() {\n\t\t\t@Override public void onDownloadStart(String url, String userAgent, String contentDisposition, String mimeType, long contentLength) { \n\t\t\tDownloadManager.Request request \u003d new DownloadManager.Request( Uri.parse(url));\n\t\t\trequest.setMimeType(mimeType); String cookies \u003d CookieManager.getInstance().getCookie(url);\n\t\t\trequest.addRequestHeader(\"cookie\", cookies); \n\t\t\trequest.addRequestHeader(\"User-Agent\", userAgent);\n\t\t\trequest.setDescription(\"Downloading file...\"); \n\t\t\trequest.setTitle(URLUtil.guessFileName(url, contentDisposition, mimeType)); \n\t\t\trequest.allowScanningByMediaScanner();\n\t\t\trequest.setNotificationVisibility(DownloadManager.Request.VISIBILITY_VISIBLE_NOTIFY_COMPLETED);\n\t\t\trequest.setDestinationInExternalPublicDir( Environment.DIRECTORY_DOWNLOADS, URLUtil.guessFileName( url, contentDisposition, mimeType));\n\t\t\tDownloadManager dm \u003d (DownloadManager) getSystemService(DOWNLOAD_SERVICE);\n\t\t\tdm.enqueue(request); \n\t\t\t\n\t\t\t%s\n\t\t\t\n\t\t\t}});","name":"WebView Download Enable","palette":"48","type":"c","spec":"%m.webview setDownloadListener with DownloadEnable"},{"code":"%s.setDownloadListener(new DownloadListener() {\npublic void onDownloadStart(String url, String userAgent,  String contentDisposition, String mimetype,                 long contentLength) {    \n\n%s\n   \n } });","name":"setDownloadListener","palette":"48","type":"c","spec":"%m.webview setDownloadListener"},{"code":"%s.setWebViewClient(new WebViewClient() { \n\npublic void onReceivedError(WebView webview, int errorCode, String description, String failingUrl) {\n\n%s\n\n} });","name":"webview error","palette":"48","type":"c","spec":"if %m.webview is error"},{"code":"%s.getBackground().setColorFilter(%s,PorterDuff.Mode.SRC_ATOP);","color":"#4A6CD4","name":"setETBackground","typeName":"","palette":"48","type":" ","spec":"%m.edittext setColor %m.color"},{"code":"LinearLayout.LayoutParams.MATCH_PARENT","color":"#4A6CD4","name":"hwMatchParent","typeName":"","palette":"48","type":"d","spec":"MATCH_PARENT"},{"code":"LinearLayout.LayoutParams.WRAP_CONTENT","color":"#4A6CD4","name":"hwWrapContent","typeName":"","palette":"48","type":"d","spec":"WRAP_CONTENT"},{"code":"%s.setLayerType(%s, null);","color":"#4A6CD4","name":"TextViewSetLayerType","typeName":"","palette":"48","type":" ","spec":"%m.textview setLayerType( 0,1,2) %d"},{"code":"%s.getPaint().setShader(new BitmapShader(BitmapFactory.decodeResource(getResources(),R.drawable.%s), Shader.TileMode.REPEAT, Shader.TileMode.REPEAT));","color":"#4A6CD4","name":"TextViewSetShader","typeName":"","palette":"48","type":" ","spec":"%m.textview setShader %m.resource"},{"code":"try{android.view.View view \u003d %s.this.getCurrentFocus();   android.view.inputmethod.InputMethodManager imm \u003d (android.view.inputmethod.InputMethodManager)getSystemService(Context.INPUT_METHOD_SERVICE); imm.hideSoftInputFromWindow(view.getWindowToken(), 0);} catch(Exception _e){}","color":"#4A6CD4","name":"hideKeyBoard","typeName":"","palette":"48","type":" ","spec":"hideKeyBoard %m.activity"},{"code":"%s.setInputType(InputType.TYPE_CLASS_NUMBER);","color":"#4A6CD4","name":"showKeyboardNumOnly","typeName":"","palette":"48","type":" ","spec":"%m.edittext showKeyBoardNumOnly"},{"code":"{android.view.inputmethod.InputMethodManager imm \u003d (android.view.inputmethod.InputMethodManager)getSystemService(Context.INPUT_METHOD_SERVICE); imm.showSoftInput(%s, android.view.inputmethod.InputMethodManager.SHOW_IMPLICIT);}","color":"#4A6CD4","name":"keyboardShow","typeName":"","palette":"48","type":" ","spec":"%m.edittext showKeyBoard"},{"code":"try{\nandroid.view.inputmethod.InputMethodManager imm \u003d (android.view.inputmethod.InputMethodManager) getSystemService(Context.INPUT_METHOD_SERVICE);\nif(imm.isAcceptingText()){\n%s\n}else{\n%s\n}} catch(Exception _e){}","color":"#4A6CD4","name":"keyboardIsVisible","typeName":"","palette":"48","type":"e","spec":"if keyboard isVISIBLE","spec2":""},{"code":"setRequestedOrientation(android.content.pm.ActivityInfo.SCREEN_ORIENTATION_LANDSCAPE);","color":"#4A6CD4","name":"screenLandscapeMod","typeName":"","palette":"48","type":" ","spec":"screenLandscapeMod"},{"code":"setRequestedOrientation(android.content.pm.ActivityInfo.SCREEN_ORIENTATION_PORTRAIT);","color":"#4A6CD4","name":"screenPortraitMode","typeName":"","palette":"48","type":" ","spec":"screenPortraitMode"},{"code":"getWindow().getAttributes().screenBrightness \u003d(float)%s/100 ; getWindow().setAttributes(getWindow().getAttributes());","color":"#4A6CD4","name":"setScreenBrightness","typeName":"","palette":"48","type":" ","spec":"setScreenBrightness (0-100) %d"},{"code":"((android.os.BatteryManager)getSystemService(BATTERY_SERVICE)).getIntProperty(android.os.BatteryManager.BATTERY_PROPERTY_CAPACITY)","color":"#4A6CD4","name":"getBetteryLevel","typeName":"","palette":"48","type":"d","spec":"getBetteryLevel"},{"code":"((TextView) %s.getChildAt(0)).setTextColor(%s);","color":"#4A6CD4","name":"setSpinnerTextColor","typeName":"","palette":"48","type":" ","spec":"%m.spinner setTextColor %m.color"},{"code":"%s.getButtonDrawable().setColorFilter(%s, PorterDuff.Mode.SRC_IN);","color":"#4A6CD4","name":"setCheckBoxColor","typeName":"","palette":"48","type":" ","spec":"%m.checkbox setColor %m.color"},{"code":"%s.getBackground().setColorFilter(%s, PorterDuff.Mode.MULTIPLY);","color":"#4A6CD4","name":"setButtonColorFilter","typeName":"","palette":"48","type":" ","spec":"button %m.view setColorFilter %m.color"},{"code":"try {\njava.lang.reflect.Field mScrollCacheField \u003d View.class.getDeclaredField(\"mScrollCache\"); \nmScrollCacheField.setAccessible(true);\nObject mScrollCache \u003d mScrollCacheField.get(%s);\njava.lang.reflect.Field scrollBarField \u003d mScrollCache.getClass().getDeclaredField(\"scrollBar\"); \nscrollBarField.setAccessible(true); \nObject scrollBar \u003d scrollBarField.get(mScrollCache);\njava.lang.Class param \u003d android.graphics.drawable.Drawable.class;\njava.lang.reflect.Method method \u003d scrollBar.getClass().getDeclaredMethod(\"setVerticalThumbDrawable\", param);\nmethod.setAccessible(true); method.invoke(scrollBar, getResources().getDrawable(R.drawable.%s));\n} catch(Exception e) {}","color":"#4A6CD4","name":"listviewScrollDrawable","typeName":"","palette":"48","type":" ","spec":"%m.listview setScrollDrawable %m.resource"},{"code":"%s.setOnCheckedChangeListener(new CompoundButton.OnCheckedChangeListener() {\r\n\t\t\t@Override\r\n\t\t\tpublic void onCheckedChanged(CompoundButton _param1, boolean _param2)  {\r\n\t\t\t\tif (_param2) {\n%s\r\n\t\t\t\t}else{\n%s\r\n\t\t\t}}\r\n\t\t});","color":"#4A6CD4","name":"chackboxIsChangeListner","typeName":"","palette":"48","type":"e","spec":"%m.checkbox isChangeChangeListener(isChacked)","spec2":""},{"code":"%s.getSelectionStart()","color":"#4A6CD4","name":"TextViewGetSelectionStart","typeName":"","palette":"48","type":"d","spec":"%m.textview getSelectionStart"},{"code":"%s.getSelectionEnd()","color":"#4A6CD4","name":"TextViewGetSelectionEnd","typeName":"","palette":"48","type":"d","spec":"%m.textview getSelectionEnd"},{"code":"%s.setSelection((int)%s,(int)%s);","color":"#4A6CD4","name":"TextViewSetSelection","typeName":"","palette":"48","type":" ","spec":"%m.textview setSelection %d to %d"},{"code":"((android.media.AudioManager) getSystemService(Context.AUDIO_SERVICE)).setStreamVolume(android.media.AudioManager.STREAM_MUSIC,%s, 0);","color":"#4A6CD4","name":"setMediaVolume","typeName":"","palette":"48","type":" ","spec":"setMediaVolume %d"},{"code":"{\n\t\tfinal android.widget.NumberPicker numb \u003d new android.widget.NumberPicker(%s.this);\nnumb.setMinValue((int)%s);\n\t\tnumb.setMaxValue((int)%s);\n\t\tnumb.setWrapSelectorWheel(true);\n\t\t%s.addView(numb);\n\t\tnumb.setOnValueChangedListener(new NumberPicker.OnValueChangeListener(){\n\t\tpublic void onValueChange(NumberPicker numberPicker, int firstInt,int lastInt){\n\t\t\t\n\t\t%s\n\n\t\t}\n\t\t});\n\t\t\n\t}","color":"#4A6CD4","name":"createNumberPicker","typeName":"","palette":"48","type":"c","spec":"createNumberPicker %m.activity minValue %d maxValue %d addTo %m.view  onChangeListener "},{"code":"firstInt","color":"#4A6CD4","name":"numberPickerFirstInt","typeName":"","palette":"48","type":"d","spec":"NumberPicker firstInt"},{"code":"lastInt","color":"#4A6CD4","name":"numberPickerLastInt","typeName":"","palette":"48","type":"d","spec":"NumberPicker lastInt"},{"code":"%s.setOnItemClickListener(new AdapterView.OnItemClickListener() {\r\n\t\t\t@Override\r\n\t\t\tpublic void onItemClick(AdapterView\u003c?\u003e _param1, View _param2, int _param3, long _param4) {\r\n\t\t\t\tfinal int _position \u003d _param3;\r\n\t\t\t\t%s\r\n\t\t\t}\r\n\t\t});","color":"#4A6CD4","name":"listViewOnItemClicked","typeName":"","palette":"48","type":"c","spec":"%m.listview onItemClicked (_position)"},{"code":"new androidx.swiperefreshlayout.widget.SwipeRefreshLayout(%s.this){\n\t\t\tpublic final void add(){\n\t\t\t final LinearLayout _layoutView \u003d %s;\n\t\t\t\tsetLayoutParams(_layoutView.getLayoutParams());\n\t\t\t\tif(_layoutView.getParent() instanceof LinearLayout){\n\t\t\t\t\tViewGroup vg \u003d ((ViewGroup)_layoutView.getParent());\n\t\t\t\t\tvg.removeView(_layoutView);\n\t\t\t\t\tvg.removeAllViews();\n\t\t\t\t\tvg.addView(this);\n\t\t\t\t\taddView(_layoutView);\n\t\t\t\t}else{}\n\t\t\t\tsetOnRefreshListener(new androidx.swiperefreshlayout.widget.SwipeRefreshLayout.OnRefreshListener() {\n\t\t\t\t\t\t@Override\n\t\t\t\t\t\tpublic void onRefresh() {\n%s\nsetRefreshing(false);\n\t\t\t\t\t\t}});\n\t\t\t}\n\t\t}.add();","color":"#4A6CD4","name":"WidgetAddSwipeToRefresh","typeName":"","palette":"48","type":"c","spec":"%m.activity setSwipeToRefreshOn %m.view"}]