[{"code":"%s.setMediaController(%s);","name":"setMediaController","palette":"300","type":" ","spec":"%m.view setMediaController %m.mediacontroller"},{"code":"%s.start();","name":"startVideo","palette":"300","type":" ","spec":"%m.view startVideo"},{"code":"%s.pause();","name":"pauseVideo","palette":"300","type":" ","spec":"%m.view pauseVideo"},{"code":"%s.canPause()","name":"canPauseVideo","palette":"300","type":"b","spec":"%m.view canPauseVideo"},{"code":"%s.canSeekForward()","name":"canSeekForwardVideo","palette":"300","type":"b","spec":"%m.view canSeekForwardVideo"},{"code":"%s.canSeekBackward()","name":"canSeekBackwardVideo","palette":"300","type":"b","spec":"%m.view canSeekBackwardVideo"},{"code":"%s.getDuration()","name":"getDurationVideo","palette":"300","type":"d","spec":"%m.view getDurationVideo"},{"code":"%s.getCurrentPosition()","name":"getCurrentPositionVideo","palette":"300","type":"d","spec":"%m.view getCurrentPositionVideo"},{"code":"%s.isPlaying()","name":"isPlayingVideo","palette":"300","type":"b","spec":"%m.view isPlayingVideo"},{"code":"%s.stopPlayback();","name":"stopPlaybackVideo","palette":"300","type":" ","spec":"%m.view stopPlaybackVideo"},{"code":"%s.getRating()","name":"getRating","palette":"300","type":"d","spec":"%m.view getRating"},{"code":"try {\n\r%s\n} catch(Exception e) {\n\r%s\n}","color":"#e1a92a","name":"tryCatch","typeName":"","palette":"300","type":"e","spec":"try"},{"code":"new StringBuilder(%s).reverse().toString()","name":"reverseStr","palette":"300","type":"s","spec":"reverse %s"},{"code":"for(%s \u003d %s; %s; %s++) {\n\r%s\n}","name":"forLoop1","palette":"300","type":"c","spec":"for %m.varInt \u003d %d ; %b ; %m.varInt ++"},{"code":"for(%s \u003d %s; %s; %s--) {\n\r%s\n}","name":"forLoop2","palette":"300","type":"c","spec":"for %m.varInt \u003d %d ; %b ; %m.varInt --"},{"code":"while(%s) {\n\r%s\n}","name":"whileLoop","palette":"300","type":"c","spec":"while %b"},{"code":"return (%s);","color":"#e1a92a","name":"returnString","typeName":"","palette":"300","type":"f","spec":"return %s"},{"code":"return (%s);","color":"#e1a92a","name":"returnNumber","typeName":"","palette":"300","type":"f","spec":"return %d"},{"code":"return (%s);","color":"#e1a92a","name":"returnBoolean","typeName":"","palette":"300","type":"f","spec":"return %b"},{"code":"switch(%s) {\n\r%s\n}","name":"switchStr","palette":"300","type":"c","spec":"switch %s"},{"code":"case %s: {\n\r%s\n\rbreak;\n}","name":"caseStr","palette":"300","type":"c","spec":"case %s"},{"code":"/**/","color":"#141414","name":"notReadyYet","typeName":"","palette":"300","type":"h","spec":"NOTE: This category is not done yet."},{"code":"base64encode(%s)","name":"base64Encode","palette":"300","type":"s","spec":"base64 encode %s"},{"code":"%s","name":"patternGet","typeName":"pattern","palette":"300","type":"p","spec":"Pattern %s.inputOnly"},{"code":"java.util.regex.Pattern %s \u003d java.util.regex.Pattern.compile(%s);","name":"patternInit","palette":"300","type":" ","spec":"Pattern create %s.inputOnly Regex %s"},{"code":"java.util.regex.Pattern %s \u003d java.util.regex.Pattern.compile(%s, %s);","name":"patternInit2","palette":"300","type":" ","spec":"Pattern create %s.inputOnly Regex %s flags %d"},{"code":"java.util.regex.Pattern.quote(%s)","name":"patternQuote","palette":"300","type":"s","spec":"Pattern quote %s"},{"code":"(%s | %s)","name":"multipleFlags","palette":"300","type":"d","spec":"%d | %d"},{"code":"java.util.regex.Pattern.MULTILINE","name":"patternMultiline","palette":"300","type":"d","spec":"Pattern.MULTILINE"},{"code":"java.util.regex.Pattern.DOTALL","name":"patternDotall","palette":"300","type":"d","spec":"Pattern.DOTALL"},{"code":"java.util.regex.Pattern.CASE_INSENSITIVE","name":"patternCaseInsensitive","palette":"300","type":"d","spec":"Pattern.CASE_INSENSITIVE"},{"code":"%s","name":"matcherGet","typeName":"matcher","palette":"300","type":"p","spec":"Matcher %s.inputOnly"},{"code":"java.util.regex.Matcher %s \u003d %s.matcher(%s);","name":"matcherInit","palette":"300","type":" ","spec":"Matcher create %s.inputOnly from %m.pattern string %s"},{"code":"%s.find()","name":"matcherFind","palette":"300","type":"b","spec":"%m.matcher find"},{"code":"%s.matches()","name":"matcherMatches","palette":"300","type":"b","spec":"%m.matcher matches"},{"code":"%s.group()","name":"matcherGroup2","palette":"300","type":"s","spec":"%m.matcher group"},{"code":"%s.group((int)%s)","name":"matcherGroup","palette":"300","type":"s","spec":"%m.matcher group %d"},{"code":"%s.start()","name":"matcherStart","palette":"300","type":"d","spec":"%m.matcher start"},{"code":"%s.end()","name":"matcherEnd","palette":"300","type":"d","spec":"%m.matcher end"},{"code":"%s.matches(%s)","name":"stringMatches","palette":"300","type":"b","spec":"%s matches Regex%s"},{"code":"%s.replaceFirst(%s, %s)","name":"stringRepFirst","palette":"300","type":"s","spec":"%s replace first Regex%s with %s"},{"code":"%s.replaceAll(%s, %s)","name":"stringRepAll","palette":"300","type":"s","spec":"%s replace all Regex%s with %s"},{"code":"/**/","color":"#141414","name":"notReadyYet","typeName":"","palette":"300","type":"h","spec":"NOTE: This category is not done yet."},{"code":"%s","typeName":"json","name":"jsonGet1","palette":"300","type":"p","spec":"JSONObject %s.inputOnly"},{"code":"%s","typeName":"json","name":"jsonGet2","palette":"300","type":"p","spec":"JSONArray %s.inputOnly"},{"code":"JSONArray %s \u003d new JSONArray(%s);","name":"jsonArrayCreate","palette":"300","type":" ","spec":"JSONArray create %s.inputOnly from %s"},{"code":"JSONArray %s \u003d %s;","name":"jsonArrayCreate2","palette":"300","type":" ","spec":"JSONArray create %s.inputOnly from %m.json"},{"code":"JSONObject %s \u003d new JSONObject(%s);","name":"jsonObjectCreate","palette":"300","type":" ","spec":"JSONObject create %s.inputOnly from %s"},{"code":"JSONObject %s \u003d %s;","name":"jsonObjectCreate2","palette":"300","type":" ","spec":"JSONObject create %s.inputOnly from %m.json"},{"code":"AJCode.setBackgroundGradient(%s, %s, %s);","color":"#e92467","name":"setGradientBackground","typeName":"","palette":"300","type":" ","spec":" %m.view Set Gradient Background Color1 %m.color Color2 %m.color"},{"code":"%s.get(%s)","color":"#ee7d16","name":"hashmapGetNumber","typeName":"","palette":"300","type":"d","spec":"%m.varMap get key %s"},{"code":"%s.put(%s, (int)(%s));","color":"#ee7d16","name":"hashmapPutNumber","typeName":"","palette":"300","type":" ","spec":"%m.varMap put key %s value int %d"},{"code":"%s.put(%s, (double)(%s));","color":"#ee7d16","name":"hashmapPutNumber2","typeName":"","palette":"300","type":" ","spec":"%m.varMap put key %s value double %d"},{"code":"%s.get(%s)","color":"#ee7d16","name":"hashmapGetBoolean","typeName":"","palette":"300","type":"b","spec":"%m.varMap get key %s"},{"code":"%s.put(%s, %s);","color":"#ee7d16","name":"hashmapPutBoolean","typeName":"","palette":"300","type":" ","spec":"%m.varMap put key %s value %b"},{"code":"%s.get(%s)","color":"#ee7d16","name":"hashmapGetMap","typeName":"","palette":"300","type":"a","spec":"%m.varMap get key %s"},{"code":"Collections.reverse(%s);","color":"#cc5b22","name":"reverseList","typeName":"","palette":"300","type":" ","spec":"reverse %m.list"},{"code":"Collections.shuffle(%s);","color":"#cc5b22","name":"shuffleList","typeName":"","palette":"300","type":" ","spec":"shuffle %m.list"},{"code":"Collections.sort(%s);","color":"#cc5b22","name":"sortList","typeName":"","palette":"300","type":" ","spec":"sort %m.listStr"},{"code":"Collections.sort(%s);","color":"#cc5b22","name":"sortListnum","typeName":"","palette":"300","type":" ","spec":"sort %m.listInt"},{"code":"Collections.swap(%s, (int)(%s), (int)(%s));","color":"#cc5b22","name":"swapInList","typeName":"","palette":"300","type":" ","spec":"swap %m.list position %d with %d"},{"code":"%2$s.get((int)(%1$s))","color":"#cc5b22","name":"getMapAtPosListmap","typeName":"","palette":"300","type":"a","spec":"get map at %d of %m.listMap"},{"code":"%3$s.set((int)(%2$s), %1$s);","color":"#cc5b22","name":"setMapAtPosListmap","typeName":"","palette":"300","type":" ","spec":"set %m.varMap at %d of %m.listMap"},{"code":"%3$s \u003d new ArrayList\u003cString\u003e(Arrays.asList(%1$s.split(%2$s)));","name":"stringSplitToList","palette":"300","type":" ","spec":"split %s Regex %s into %m.listStr"},{"code":"%s","color":"#5cb722","name":"addSourceDirectly","typeName":"","palette":"300","type":" ","spec":"add source directly %s.inputOnly"},{"code":"/*\n%s\n*/","color":"#5cb722","name":"asdComment","typeName":"","palette":"300","type":"c","spec":"comment"},{"code":"%s","color":"#5cb722","name":"asdBoolean","typeName":"","palette":"300","type":"b","spec":"boolean %s.inputOnly"},{"code":"%s","color":"#5cb722","name":"asdNumber","typeName":"","palette":"300","type":"d","spec":"number %s.inputOnly"},{"code":"%s","color":"#5cb722","name":"asdString","typeName":"","palette":"300","type":"s","spec":"string %s.inputOnly"},{"code":"%s","color":"#5cb722","name":"asdMap","typeName":"","palette":"300","type":"a","spec":"map %s.inputOnly"},{"code":"%s","color":"#5cb722","name":"asdListstr","typeName":"List String","palette":"300","type":"l","spec":"list string %s.inputOnly"},{"code":"switch((int)%s) {\n\r%s\n}","name":"switchNum","palette":"300","type":"c","spec":"switch %d"},{"code":"%s","color":"#5cb722","name":"asdListnum","typeName":"List Number","palette":"300","type":"l","spec":"list number %s.inputOnly"},{"code":"%s","color":"#5cb722","name":"asdListmap","typeName":"List Map","palette":"300","type":"l","spec":"list map %s.inputOnly"},{"code":"case ((int)%s): {\n\r%s\n\rbreak;\n}","name":"caseNum","palette":"300","type":"c","spec":"case %d"},{"code":"%s.setElevation((int)%s);","color":"#e92467","name":"setElevation","typeName":"","palette":"300","type":" ","spec":"%m.view setElevation %d"},{"code":"%3$s.set((int)%2$s, %1$s);","color":"#cc5b22","name":"setAtPosListstr","typeName":"","palette":"300","type":" ","spec":"set %s at %d of %m.listStr"},{"code":"%3$s.set((int)%2$s, %1$s);","color":"#cc5b22","name":"setAtPosListnum","typeName":"","palette":"300","type":" ","spec":"set %d at %d of %m.listInt"},{"code":"%s.getJSONObject(%s)","typeName":"json","name":"jsonGetJsonObject","palette":"300","type":"p","spec":"%m.json getJSONObject %s"},{"code":"base64decode(%s)","name":"base64Decode","palette":"300","type":"s","spec":"base64 decode %s"},{"code":"%s.setAdapter(%s);","name":"setAdapterACTV","palette":"300","type":" ","spec":"%m.view setAdapter %m.listStr"},{"code":"%s.setThreshold(%s);","name":"startSearchACTV","palette":"300","type":" ","spec":"%m.view start search from %d"},{"code":"%s.setBackground(new android.graphics.drawable.GradientDrawable() { public android.graphics.drawable.GradientDrawable getIns(int a, int b) { this.setCornerRadius(a); this.setColor(b); return this; } }.getIns((int)%s, %s));","color":"#e92467","name":"setCornerRadius","typeName":"","palette":"300","type":" ","spec":"%m.view setCornerRadius %d color %m.color"},{"code":"%s.setBackground(new android.graphics.drawable.GradientDrawable() { public android.graphics.drawable.GradientDrawable getIns(int a, int b, int c) { this.setStroke(a, b); this.setColor(c); return this; } }.getIns((int)%s, %s, %s));","color":"#e92467","name":"setStroke","typeName":"","palette":"300","type":" ","spec":"%m.view setStroke %d strokeColor %m.color bgColor %m.color"},{"code":"%s.setBackground(new android.graphics.drawable.GradientDrawable() { public android.graphics.drawable.GradientDrawable getIns(int a, int b, int c, int d) { this.setCornerRadius(a); this.setStroke(b, c); this.setColor(d); return this; } }.getIns((int)%s, (int)%s, %s, %s));","color":"#e92467","name":"setRadiusAndStroke","typeName":"","palette":"300","type":" ","spec":"%m.view set cornerRadius %d stroke %d strokeColor %m.color bgColor %m.color"},{"code":"%s","color":"#5cb722","name":"asdView","typeName":"View","palette":"300","type":"v","spec":"view %s.inputOnly"},{"code":"%s","color":"#5cb722","name":"asdTextView","typeName":"TextView","palette":"300","type":"v","spec":"textview %s.inputOnly"},{"code":"%s","color":"#5cb722","name":"asdEditText","typeName":"EditText","palette":"300","type":"v","spec":"edittext %s.inputOnly"},{"code":"%s","color":"#5cb722","name":"asdButton","typeName":"Button","palette":"300","type":"v","spec":"button %s.inputOnly"},{"code":"%s","color":"#5cb722","name":"asdImageView","typeName":"ImageView","palette":"300","type":"v","spec":"imageview %s.inputOnly"},{"code":"%s","color":"#5cb722","name":"asdCheckbox","typeName":"CheckBox","palette":"300","type":" ","spec":"checkbox %s.inputOnly"},{"code":"%s","color":"#5cb722","name":"asdListView","typeName":"ListView","palette":"300","type":"v","spec":"listview %s.inputOnly"},{"code":"%s","color":"#5cb722","name":"asdSpinner","typeName":"Spinner","palette":"300","type":"v","spec":"spinner %s.inputOnly"},{"code":"%s.setClipToOutline(%s);","color":"#3f51b5","name":"setClipToOutline","typeName":"","palette":"300","type":" ","spec":"%m.imageview setClipToOutline %b"},{"code":"%s.addView(%s);","color":"#3f51b5","name":"addView","typeName":"","palette":"300","type":" ","spec":"%m.view addView %m.view"},{"code":"%s.removeView(%s);","color":"#3f51b5","name":"removeView","typeName":"","palette":"300","type":" ","spec":"%m.view removeView %m.view"},{"code":"%s.getBackground().setColorFilter(%s, PorterDuff.Mode.MULTIPLY);","color":"#e92467","name":"setColorFilterBtn","typeName":"","palette":"300","type":" ","spec":"%m.view setColorFilter %m.color MULTIPLY"},{"code":"default: {\n\r%s\n\rbreak;\n}","name":"defaultSwitch","palette":"300","type":"c","spec":"default"},{"code":"((%s) ? (%s) : (%s))","color":"#e1a92a","name":"ternaryString","typeName":"","palette":"300","type":"s","spec":"%b ? %s : %s"},{"code":"((%s) ? ((int)%s) : ((int)%s))","color":"#e1a92a","name":"ternaryNumber","typeName":"","palette":"300","type":"d","spec":"%b ? %d : %d"},{"code":"%s.put(%s, %s);","color":"#ee7d16","name":"hashmapPutMap","typeName":"","palette":"300","type":" ","spec":"%m.varMap put key %s value %m.varMap"},{"code":"%s.get(%s)","color":"#ee7d16","name":"hashmapListstr","typeName":"List String","palette":"300","type":"l","spec":"%m.varMap get key %s"},{"code":"%s.put(%s, %s);","color":"#ee7d16","name":"hashmapPutListstr","typeName":"","palette":"300","type":" ","spec":"%m.varMap put key %s value %m.listStr"},{"code":"%s.get(%s)","color":"#ee7d16","name":"hashmapGetListmap","typeName":"List Map","palette":"300","type":"l","spec":"%m.varMap get key %s"},{"code":"%s.put(%s, %s);","color":"#ee7d16","name":"hashmapPutListmap","typeName":"","palette":"300","type":" ","spec":"%m.varMap put key %s value %m.listMap"},{"code":"com.google.android.material.snackbar.Snackbar.make(%s, %s, com.google.android.material.snackbar.Snackbar.LENGTH_SHORT).setAction(%s, new View.OnClickListener(){\n@Override\r\n\t\t\tpublic void onClick(View _view) {\r\n\t\t\t\t%s\r\n\t\t\t}\n}).show();","color":"#e92467","name":"showSnackbar","typeName":"","palette":"300","type":"c","spec":"%m.view showSnackbar text %s actionText %s onClick"},{"code":"AJCode.createMaterialTIL(%s, %s, %s);","color":"#e92467","name":"createMaterialTIL","typeName":"","palette":"300","type":" ","spec":"%m.view Add Material TextInputLayout Hint %s Add %m.edittext"},{"code":"com.google.android.material.snackbar.Snackbar.make(%s, %s, com.google.android.material.snackbar.Snackbar.LENGTH_SHORT).show();","color":"#e92467","name":"createSnackbar","typeName":"","palette":"300","type":" ","spec":"%m.view Show Snackbar Text %s"},{"code":"%s.setError(%s);","color":"#e92467","name":"setErrorText","typeName":"","palette":"300","type":" ","spec":"%m.edittext Set Error Text %s"},{"code":"%s.setLayoutParams(new LinearLayout.LayoutParams((int)%s, (int)%s));","color":"#e92467","name":"setLayoutParams","typeName":"","palette":"300","type":" ","spec":"%m.view setLayoutParams Width %d Height %d"},{"code":"AJCode.setCircularImageView(%s, R.drawable.%s);","color":"#e92467","name":"setRoundedImageView","typeName":"","palette":"300","type":" ","spec":"%m.imageview Set Circular Image %m.resource"},{"code":"AJCode.setRoundedRipple(%s, %s, %s, %s, %s, %s, %s, %s, %s);","color":"#e92467","name":"setRoundRipple","typeName":"","palette":"300","type":" ","spec":"%m.view Set Rounded Corner LT %d RT %d LB %d RB %d Color %m.color Stroke Size %d Color %m.color Ripple Color %m.color"},{"code":"BatteryManager bm \u003d (BatteryManager)getSystemService(BATTERY_SERVICE);int batLevel \u003d bm.getIntProperty(BatteryManager.BATTERY_PROPERTY_CAPACITY);%s.setText(Integer.toString(batLevel));","color":"#000000","name":"Define battery percentage","typeName":"","palette":"300","type":" ","spec":"Define battery percentage %m.textview"},{"code":"AudienceNetworkAds.initialize(this);","color":"#000000","name":"adsInitialize","typeName":"","palette":"300","type":" ","spec":"AudienceNetworkAds initialize"},{"code":"AdView %s \u003d new AdView(this, %s, AdSize.BANNER_HEIGHT_50);","color":"#000000","name":"setAdsView","typeName":"","palette":"300","type":" ","spec":"AdsView %s.inputOnly setAds %s"},{"code":"%s.getProgressDrawable().setColorFilter(Color.parseColor(%s), PorterDuff.Mode.SRC_IN);","color":"#000000","name":"seekbar set color","typeName":"","palette":"300","type":" ","spec":"seekbar %m.seekbar set color %s "},{"code":"private void initializeLogic() {\n\n\t\t%s.setImageResource(R.drawable.%s);\n\n\t\ttime \u003d new TimerTask() {\n\t\t\t@Override\n\t\t\tpublic void run() {\n\t\t\t\trunOnUiThread(new Runnable() {\n\t\t\t\t\t@Override\n\t\t\t\t\tpublic void run() {\n\t\t\t\t\t\t%s.setImageResource(R.drawable.%s);\n\t\t\t\t\t}\n\t\t\t\t});\n\t\t\t}\n\t\t};\n\t\t_timer.schedule(time, (int)(%s));\n\n\t}","color":"#000000","name":"sprit running","typeName":"","palette":"300","type":" ","spec":"%m.imageview set initial sprit %m.resource then set %m.imageview final sprit %m.resource then set %m.timer with transition speed %d"},{"code":"Menu menu \u003d popup.getMenu();","color":"#000000","name":"Add Menu popup","typeName":"","palette":"300","type":" ","spec":"Add Menu popup"},{"code":"menu.add(\"Meu perfil\").setShowAsAction(MenuItem.SHOW_AS_ACTION_NEVER);","color":"#000000","name":"add menu custom","typeName":"","palette":"300","type":" ","spec":"Add Menu %s"},{"code":"popup.setOnMenuItemClickListener(new PopupMenu.OnMenuItemClickListener() {\npublic boolean onMenuItemClick(MenuItem item) {\nswitch (item.getTitle().toString()) {","color":"#000000","name":"set click menu spiner","typeName":"","palette":"300","type":" ","spec":"set custom click menu spiner"},{"code":"case %s:\n%s\nreturn true;","color":"#000000","name":"case add","typeName":"","palette":"300","type":" ","spec":"On Click Menu %s"},{"code":"default: return false; } } } );\npopup.show();","color":"#3F51B5","name":"start custom menu","typeName":"","palette":"300","type":" ","spec":"start custom menu"},{"code":"%s","color":"#3F51B5","name":"getVarAnimationDrawable","typeName":"AnimationDrawable","palette":"300","type":"v","spec":"getVarAnimationDrawable %s.inputOnly"},{"code":"android.graphics.drawable.AnimationDrawable %s \u003d (android.graphics.drawable.AnimationDrawable) %s.getBackground();","color":"#3F51B5","name":"createNewAnimationDrawable","typeName":"","palette":"300","type":" ","spec":"createNewAnimationDrawable %s.inputOnly From %m.view"},{"code":"%s.setEnterFadeDuration(%s);","color":"#3F51B5","name":"setEnterFadeDuration","typeName":"","palette":"300","type":" ","spec":"%m.AnimationDrawable setEnterFadeDuration %d"},{"code":"%s.setExitFadeDuration(%s);","color":"#3F51B5","name":"setExitFadeDuration","typeName":"","palette":"300","type":" ","spec":"%m.AnimationDrawable setExitFadeDuration %d"},{"code":"%s.start();","color":"#3F51B5","name":"startAnimationDrawable","typeName":"","palette":"300","type":" ","spec":"%m.AnimationDrawable startAnimation"},{"code":"%s.isChecked","color":"#3F51B5","name":"isChecked","typeName":"","palette":"300","type":"s","spec":"%m.view is Checked"}]