[{"code":"","color":"#FF00C853","name":"Created By Arab Ware Channel ","typeName":"","palette":"60","type":"h","spec":"Created By Arab Ware Channel"},{"code":"Notification.Builder %1$s \u003d new","color":"#FF00C853","name":"set ID ","typeName":"","palette":"60","type":" ","spec":"create new %m.notification "},{"code":"Notification.Builder(%1$s.this);","color":"#FF00C853","name":"make it in ","typeName":"","palette":"60","type":" ","spec":"make the notification in %m.activity"},{"code":"%1$s.setSmallIcon(R.drawable.%2$s);","color":"#FF00C853","name":"set small icon ","typeName":"","palette":"60","type":" ","spec":"set %m.notification icon %m.resource"},{"code":"%1$s.setContentTitle(%2$s);","color":"#FF00C853","name":"set title ","typeName":"","palette":"60","type":" ","spec":"set title of %m.notification with %s"},{"code":"%1$s.setContentText(%2$s);","color":"#FF00C853","name":"set text ","typeName":"","palette":"60","type":" ","spec":"set text of %m.notification with %s"},{"code":"NotificationManager notificationManager \u003d (NotificationManager) getSystemService(Context.NOTIFICATION_SERVICE);\nIntent %2$sm \u003d new Intent(\ngetApplicationContext(), %1$s.class);\nPendingIntent n%2$s \u003d PendingIntent.getActivity(\ngetApplicationContext(),\n0,\n%2$sm,\nIntent.FLAG_ACTIVITY_NEW_TASK);","color":"#FF00C853","name":"go to activity ","typeName":"","palette":"60","type":" ","spec":"go to activity %m.activity when %m.notification clicked"},{"code":"%1$s.setContentIntent(n%1$s).setAutoCancel(%2$s);","color":"#FF00C853","name":"auto cancel ","typeName":"","palette":"60","type":" ","spec":"set %m.notification auto cancel %b  "},{"code":"%1$s.setOngoing(%2$s);","color":"#FF00C853","name":"set ongoing ","typeName":"","palette":"60","type":" ","spec":"set %m.notification Ongoing %b  "},{"code":"int onx \u003d %1$s;","color":"#FF00C853","name":"set int onx","typeName":"","palette":"60","type":" ","spec":"set int onx %d "},{"code":"notificationManager.notify(onx, %1$s.build());","color":"#FF00C853","name":"start ","typeName":"","palette":"60","type":" ","spec":"start %m.notification "},{"code":"NotificationManager notificationManager \u003d (NotificationManager) getSystemService(Context.NOTIFICATION_SERVICE); notificationManager.cancel(%1$s);","color":"#FF00C853","name":"clear notification ","typeName":"","palette":"60","type":" ","spec":"clear %m.notification "},{"code":"","color":"#FF00C853","name":"Big Image Notifications","typeName":"","palette":"60","type":"h","spec":"Big Image Notifications Blocks added by arab ware channel"},{"code":"Notification.Builder %1$s \u003d new Notification.Builder(%2$s.this);","color":"#FF00C853","name":"create big image notification","typeName":"","palette":"60","type":" ","spec":"create big image notification with name %m.notification set it in %m.activity"},{"code":"%2$s.setSmallIcon(R.drawable.%1$s);","color":"#FF00C853","name":"Icon","typeName":"","palette":"60","type":" ","spec":"set icon %m.resource fro big notification %m.notification"},{"code":"Bitmap %2$su \u003d BitmapFactory.decodeResource(getResources(), R.drawable.%1$s);\n%2$s.setLargeIcon(%2$su); Bitmap %2$sm \u003d BitmapFactory.decodeResource(getResources(), R.drawable.%1$s);\n%2$s.setStyle(new Notification.BigPictureStyle() .bigPicture(%2$sm));","color":"#FF00C853","name":"set big image","typeName":"","palette":"60","type":" ","spec":"set big image %m.resource for %m.notification"},{"code":"%1$s.setContentTitle(%2$s); %1$s.setContentText(%3$s);","color":"#FF00C853","name":"set title and text","typeName":"","palette":"60","type":" ","spec":"big image %m.notification set title %s set text %s "},{"code":"NotificationManager notificationManager \u003d (NotificationManager) getSystemService(Context.NOTIFICATION_SERVICE);\nIntent %1$sa \u003d new Intent(getApplicationContext(), %2$s.class );\nPendingIntent %1$sb \u003d PendingIntent.getActivity(getApplicationContext(), 0, %1$sa, Intent.FLAG_ACTIVITY_NEW_TASK);","color":"#FF00C853","name":"activity","typeName":"","palette":"60","type":" ","spec":"big image %m.notification open %m.activity when clicked "},{"code":"%1$s.setContentIntent(%1$sb).setAutoCancel(%2$s);","color":"#FF00C853","name":"cancelable","typeName":"","palette":"60","type":" ","spec":"big image %m.notification set cancelable %b "},{"code":"%1$s.setOngoing(%2$s);","color":"#FF00C853","name":"on going","typeName":"","palette":"60","type":" ","spec":"big image %m.notification set on going %b"},{"code":"notificationManager.notify(%2$s, %1$s.build());","color":"#FF00C853","name":"start","typeName":"","palette":"60","type":" ","spec":"start big image %m.notification with type %d "},{"code":"","color":"#FF00C853","name":"custom notification","typeName":"","palette":"60","type":"h","spec":"custom notification added by arab ware channel"},{"code":"RemoteViews Arabware%1$s \u003d new RemoteViews(getPackageName(), R.layout.%2$s);\r\nNotification.Builder %1$s \u003d new Notification.Builder(%3$s.this);","color":"#FF00C853","name":"create custom notification","typeName":"","palette":"60","type":" ","spec":"create custom %m.notification from %m.customViews set up in %m.activity"},{"code":"%2$s.setSmallIcon(R.drawable.%1$s);\r\n%2$s.setContent(Arabware%2$s);","color":"#FF00C853","name":"set icon","typeName":"","palette":"60","type":" ","spec":"set small %m.resource  fro custom %m.notification "},{"code":"NotificationManager notificationManager \u003d (NotificationManager) getSystemService(Context.NOTIFICATION_SERVICE);\r\nIntent AA%1$s \u003d new Intent(getApplicationContext(),\r\n%2$s.class);\r\nPendingIntent BB%1$s \u003d PendingIntent.getActivity(getApplicationContext(), 0, AA%1$s, Intent.FLAG_ACTIVITY_NEW_TASK);","color":"#FF00C853","name":"when clicked","typeName":"","palette":"60","type":" ","spec":"when custom %m.notification set up %m.activity"},{"code":"%1$s.setContentIntent(BB%1$s).setAutoCancel(%2$s);","color":"#FF00C853","name":"auto","typeName":"","palette":"60","type":" ","spec":"set custom %m.notification cancelable %b"},{"code":"%1$s.setOngoing(%2$s);","color":"#FF00C853","name":"on going custom","typeName":"","palette":"60","type":" ","spec":"set custom %m.notification on going %b"},{"code":"notificationManager.notify(%2$s, %1$s.build());","color":"#FF00C853","name":"start notification","typeName":"","palette":"60","type":" ","spec":"start custom %m.notification with type %d"},{"code":"","color":"#FF00C853","name":"push notifications","typeName":"","palette":"60","type":"h","spec":"push notifications |developed by arab ware channel not created|"},{"code":"\t\t{final Activity activity \u003d %1$s.this;\n\t\tfinal Context context \u003d activity.getApplicationContext();\n\t\tfinal int notificationId \u003d %2$s;\n\t\tfinal String channelId \u003d \"%3$s\";\n\t\tfinal String channelName \u003d \"%4$s\";\n\t\t\n\t\tnew androidx.core.app.NotificationCompat.Builder(context, channelId){\n\t\t\t\n\t\t\t\n\t\t\tNotificationManager notificationManager \u003d (NotificationManager) context.getSystemService(Context.NOTIFICATION_SERVICE);\n\t\t\tIntent intent335 \u003d new Intent();\n\t\t\t\t\t\t\t\t\t   public void create(){\n\n\t\t\t\t\t\t\t\t\t\t   intent335.setFlags(Intent.FLAG_ACTIVITY_CLEAR_TOP | Intent.FLAG_ACTIVITY_SINGLE_TOP); \n\t\t\t\t\t\t\t\t\t\t   PendingIntent pendingIntent \u003d PendingIntent.getActivity(activity, 0, intent335, 0);\n\t\t\t\t\t\t\t\t\t\t   \n\t\t\t\t\t\t\t\t\t\t   if (android.os.Build.VERSION.SDK_INT \u003e\u003d android.os.Build.VERSION_CODES.O) {\n\t\t\t\t\t\t\t\t\t\t\t   NotificationChannel mChannel \u003d new NotificationChannel(\n\t\t\t\t\t\t\t\t\t\t\t\t   channelId, channelName, NotificationManager.IMPORTANCE_HIGH);\n\t\t\t\t\t\t\t\t\t\t\t   notificationManager.createNotificationChannel(mChannel);\n\t\t\t\t\t\t\t\t\t\t   }\n\t\t\t\t\t\t\t\t\t\n\n%5$s\n\n\t\t\t\t\t\t\t\t\t   }\n\n\t\t\t\t\t\t\t\t   }.create();}\n\t\t","color":"#FF00C853","name":"create push notification","typeName":"","palette":"60","type":"c","spec":"create new notification in %m.activity with with notification ID %d channel ID %d with name %m.notification"},{"code":"setSmallIcon(R.drawable.%s);","color":"#FF00C853","name":"set small icon","typeName":"","palette":"60","type":" ","spec":"set small icon %m.resource"},{"code":"setContentTitle(%s);","color":"#FF00C853","name":"set title","typeName":"","palette":"60","type":" ","spec":" set title %s"},{"code":"setContentText(%s);","color":"#FF00C853","name":"set content text","typeName":"","palette":"60","type":" ","spec":"set content text %s"},{"code":"\t\t\t\t\t\t\t\t\t\t   setAutoCancel(%s);","color":"#FF00C853","name":"auto cancel","typeName":"","palette":"60","type":" ","spec":" set auto cancel %b"},{"code":"setOngoing(%s);","color":"#FF00C853","name":"on going ","typeName":"","palette":"60","type":" ","spec":"set on going %b"},{"code":"setColor(%s);","color":"#FF00C853","name":"set color ","typeName":"","palette":"60","type":" ","spec":"set color %m.color"},{"code":"setTitleColor(%s);","color":"#FF00C853","name":"set title color","typeName":"","palette":"60","type":" ","spec":"set title color %m.color"},{"code":"setSound(android.net.Uri.parse(%s));","color":"#FF00C853","name":"sound uri","typeName":"","palette":"60","type":" ","spec":"set sound uri %s"},{"code":"setPriority(androidx.core.app.NotificationCompat.PRIORITY_DEFAULT);","color":"#FF00C853","name":"set priority default","typeName":"","palette":"60","type":" ","spec":"set priority default"},{"code":"setLights(%s,%s,%s);","color":"#FF00C853","name":"light","typeName":"","palette":"60","type":" ","spec":"set Lights color %m.color start ms %d stop ms %d"},{"code":"setContentView(R.layout.%s);","color":"#FF00C853","name":"set content view","typeName":"","palette":"60","type":" ","spec":"set content view %m.customViews"},{"code":"%s \u003d findViewById(R.id.%s);","color":"#FF00C853","name":"view","typeName":"","palette":"60","type":" ","spec":"%s.inputOnly find view byId %s.inputOnly"},{"code":"RemoteViews contentView \u003d new RemoteViews(getPackageName(), R.layout.%s);\nsetContent(contentView);","color":"#FF00C853","name":"set content view remote","typeName":"","palette":"60","type":" ","spec":"set content remote view %m.customViews"},{"code":"contentView.setOnClickPendingIntent(R.id.%2$s,pendingIntent%1$s);","color":"#FF00C853","name":"on click","typeName":"pandingIntent","palette":"60","type":" ","spec":"pandingIntent %s.inputOnly FVB id %s.inputOnly set on click "},{"code":"%1$s.putExtra(%2$s,%3$s);","color":"#FF00C853","name":"intent","typeName":"intent","palette":"60","type":" ","spec":"%m.intent put extra key %s value %s"},{"code":"%1$s.setClass(getApplicationContext(),%2$s.class);\r\n","color":"#FF00C853","name":"set screen","typeName":"intent","palette":"60","type":" ","spec":"%m.intent set screen %m.activity"},{"code":"setContentIntent(pendingIntent);\t\t\t\t\t\t\t\t   setContentIntent(TaskStackBuilder.create(context)\n\t\t\t\t\t\t\t\t\t\t   .addNextIntent(intent335).getPendingIntent(0,PendingIntent.FLAG_UPDATE_CURRENT));\n\t\t\t\t\t\t\t\t\t\t\t\n\t\t\t\t\t\t\t\t\t\t\t","color":"#FF00C853","name":"set intent","typeName":"","palette":"60","type":" ","spec":"set default panding intent"},{"code":"Intent %1$s \u003d new Intent(%2$s.this, %3$s.class);\nPendingIntent pendingIntent%1$s \u003d PendingIntent.getActivity(%2$s.this, 0, %1$s, 0);\n%1$s.setFlags(Intent.FLAG_ACTIVITY_NEW_TASK | %1$s.FLAG_ACTIVITY_CLEAR_TASK);","color":"#FF00C853","name":"create intent","typeName":"","palette":"60","type":" ","spec":"create %m.pandingIntent this %m.activity go to %m.activity"},{"code":"%s","color":"#FF00C853","name":"custom panding intent","typeName":"pandingIntent","palette":"60","type":"p","spec":"panding intent %s.inputOnly"},{"code":"intent335","color":"#FF00C853","name":"panding intent","typeName":"pandingIntent","palette":"60","type":"p","spec":"default panding intent"},{"code":"notificationManager.notify(notificationId, this.build());","color":"#FF00C853","name":"notification show","typeName":"","palette":"60","type":"f","spec":"notification show"}]