[{"code":"","color":"#FF9C27B0","name":"Created by Skechware Projects ","typeName":"Moreblocks needed my project store","palette":"47","type":"h","spec":"Created by skechware pro projects "},{"code":"\t\t{final Activity activity \u003d %s.this;\n\t\tfinal Context context \u003d activity.getApplicationContext();\n\t\tfinal int notificationId \u003d %s;\n\t\tfinal String channelId \u003d %s;\n\t\tfinal String channelName \u003d %s;\n\t\t\n\t\tnew androidx.core.app.NotificationCompat.Builder(context, channelId){\n\t\t\t\n\t\t\t\n\t\t\tNotificationManager notificationManager \u003d (NotificationManager) context.getSystemService(Context.NOTIFICATION_SERVICE);\n\t\t\tIntent intent335 \u003d new Intent();\n\t\t\t\t\t\t\t\t\t   public void create(){\n\n\t\t\t\t\t\t\t\t\t\t   intent335.setFlags(Intent.FLAG_ACTIVITY_CLEAR_TOP | Intent.FLAG_ACTIVITY_SINGLE_TOP); \n\t\t\t\t\t\t\t\t\t\t   PendingIntent pendingIntent \u003d PendingIntent.getActivity(activity, 0, intent335, 0);\n\t\t\t\t\t\t\t\t\t\t   \n\t\t\t\t\t\t\t\t\t\t   if (android.os.Build.VERSION.SDK_INT \u003e\u003d android.os.Build.VERSION_CODES.O) {\n\t\t\t\t\t\t\t\t\t\t\t   NotificationChannel mChannel \u003d new NotificationChannel(\n\t\t\t\t\t\t\t\t\t\t\t\t   channelId, channelName, NotificationManager.IMPORTANCE_HIGH);\n\t\t\t\t\t\t\t\t\t\t\t   notificationManager.createNotificationChannel(mChannel);\n\t\t\t\t\t\t\t\t\t\t   }\n\t\t\t\t\t\t\t\t\t\n\n%s\n\n\t\t\t\t\t\t\t\t\t   }\n\n\t\t\t\t\t\t\t\t   }.create();}\n\t\t","color":"#FF03A9F4","name":"CreatePushNotification","typeName":"","palette":"47","type":"c","spec":"%m.activity CreatePushNotification id %d  channel id %s name %s"},{"code":"setSmallIcon(R.drawable.%s);","color":"#FF03A9F4","name":"pushNotificationSetSmallIcon","typeName":"","palette":"47","type":" ","spec":"pushNotification setSmallIcon %m.resource"},{"code":"setContentTitle(%s);","color":"#FF03A9F4","name":"pushNotificationSetTitle","typeName":"","palette":"47","type":" ","spec":"pushNotification setTitle %s"},{"code":"setContentText(%s);","color":"#FF03A9F4","name":"pushNotificationSetContentText","typeName":"","palette":"47","type":" ","spec":"pushNotification setContentText %s"},{"code":"notificationManager.notify(notificationId, this.build());","color":"#FF03A9F4","name":"pushNotificationShow","typeName":"","palette":"47","type":"f","spec":"pushNotification Show"},{"code":"setSound(android.net.Uri.parse(%s));","color":"#FF00BCD4","name":"pushNotificationSetSound","typeName":"","palette":"47","type":" ","spec":"pushNotification setSound %s"},{"code":"\t\t\t\t\t\t\t\t\t\t   setAutoCancel(%s);","color":"#8D75FF","name":"pushNotificationSetAutoCancel","typeName":"","palette":"47","type":" ","spec":"pushNotification setAutoCancel %b"},{"code":"setOngoing(%s);","color":"#8D75FF","name":"pushNotificationSetOngoing","typeName":"","palette":"47","type":" ","spec":"pushNotification setOngoing %b"},{"code":"setColor(%s);","color":"#8D75FF","name":"pushNotificationSetColor","typeName":"","palette":"47","type":" ","spec":"pushNotification setColor %m.color"},{"code":"setTitleColor(%s);","color":"#8D75FF","name":"pushNotificationTitleSetColor","typeName":"","palette":"47","type":" ","spec":"pushNotification setTitleColor %m.color"},{"code":"setContentView(R.layout.%s);","color":"#8D75FF","name":"pushNotificationSetContentView","typeName":"","palette":"47","type":" ","spec":"pushNotification setContentView %m.customViews"},{"code":"setLights(%s,%s,%s);","color":"#8D75FF","name":"pushNotificationSetLights","typeName":"","palette":"47","type":" ","spec":"pushNotification setLights color %m.color start ms %d stop ms %d"},{"code":"RemoteViews contentView \u003d new RemoteViews(getPackageName(), R.layout.%s);\nsetContent(contentView);","color":"#8D75FF","name":"pushNotificationSetContentRemoteView","typeName":"","palette":"47","type":" ","spec":"pushNotification setContentRemoteView %m.customViews"},{"code":"setPriority(androidx.core.app.NotificationCompat.PRIORITY_DEFAULT);","color":"#8D75FF","name":"pushNotificationSetPriorityDEFAULT","typeName":"","palette":"47","type":" ","spec":"pushNotification setPriorityDEFAULT"},{"code":"%s \u003d findViewById(R.id.%s);","color":"#8D75FF","name":"pushNotificationWidgetFindViewById","typeName":"","palette":"47","type":" ","spec":"%s.inputOnly findViewById %s.inputOnly"},{"code":"contentView.setOnClickPendingIntent(R.id.%2$s,pendingIntent%1$s);","color":"#8D75FF","name":"pushNotificationFVBSetOnClick","typeName":"pandingIntent","palette":"47","type":" ","spec":"%m.pandingIntent FVB id %s.inputOnly setOnClick "},{"code":"%1$s.putExtra(%2$s,%3$s);","color":"#8D75FF","name":"pushNotificationPandingIntentPutExtra","typeName":"intent","palette":"47","type":" ","spec":"%m.intent putExtra key %s value %s"},{"code":"%1$s.setClass(getApplicationContext(),%2$s.class);\r\n","color":"#8D75FF","name":"pushNotificationPandingIntentSetScreen","typeName":"intent","palette":"47","type":" ","spec":"%m.intent setScreen %m.activity"},{"code":"setContentIntent(pendingIntent);\t\t\t\t\t\t\t\t   setContentIntent(TaskStackBuilder.create(context)\n\t\t\t\t\t\t\t\t\t\t   .addNextIntent(intent335).getPendingIntent(0,PendingIntent.FLAG_UPDATE_CURRENT));\n\t\t\t\t\t\t\t\t\t\t\t\n\t\t\t\t\t\t\t\t\t\t\t","color":"#8D75FF","name":"pushNotificationSetPendingIntent","typeName":"","palette":"47","type":" ","spec":"pushNotification setDefaultPandingIntent"},{"code":"Intent %1$s \u003d new Intent(%2$s.this, %3$s.class);\nPendingIntent pendingIntent%1$s \u003d PendingIntent.getActivity(%2$s.this, 0, %1$s, 0);\n%1$s.setFlags(Intent.FLAG_ACTIVITY_NEW_TASK | %1$s.FLAG_ACTIVITY_CLEAR_TASK);","color":"#8D75FF","name":"pushNotificationCustomPandingIntentCreate","typeName":"","palette":"47","type":" ","spec":"pushNotification createPandingIntent %s.inputOnly this %m.activity goto %m.activity"},{"code":"%s","color":"#8D75FF","name":"pushNotificationCustomPendingIntent","typeName":"pandingIntent","palette":"47","type":"p","spec":"pandingIntent %s.inputOnly"},{"code":"intent335","color":"#8D75FF","name":"pushNotificationPendingIntent","typeName":"Intent","palette":"47","type":"p","spec":"defaultPandingIntent"}]