[{"code":"(double) %1$s","color":"#FF9E9D24","name":"getDouble","typeName":"","palette":"13","type":"d","spec":"getDouble(Normal) from %d"},{"code":"(float) %1$s","color":"#FF9E9D24","name":"getFloat","typeName":"","palette":"13","type":"d","spec":"getFloat From %d"},{"code":"(int) %1$s","color":"#FF9E9D24","name":"getInteger","typeName":"","palette":"13","type":"d","spec":"getInt(Integer) From %d"},{"code":"(long) %1$s","color":"#FF9E9D24","name":"getLong","typeName":"","palette":"13","type":"d","spec":"getLong From %d"}]