[{"code":"","color":"#FF00ACC1","name":"Added By Arab Ware Channel","typeName":"","palette":"57","type":"h","spec":"Added By Arab Ware Channel"},{"code":"%1$s.setTarget(%2$s);","color":"#FF00ACC1","name":"#1","typeName":"","palette":"57","type":" ","spec":"%m.objectanimator set traget %m.view"},{"code":"%1$s.setPropertyName(%2$s);","color":"#FF00ACC1","name":"#2","typeName":"","palette":"57","type":" ","spec":"%m.objectanimator set property %m.animatorproperty"},{"code":"%1$s.setFloatValues((float)(%2$s));","color":"#FF00ACC1","name":"#3","typeName":"","palette":"57","type":" ","spec":"%m.objectanimator set float values %d"},{"code":"%1$s.setFloatValues((float)(%2$s), (float)(%3$s));","color":"#FF00ACC1","name":"#4","typeName":"","palette":"57","type":" ","spec":"%m.objectanimator set float values from %d to %d"},{"code":"%1$s.setDuration((int)(%2$s));","color":"#FF00ACC1","name":"#5","typeName":"","palette":"57","type":" ","spec":"%m.objectanimator set duration %d"},{"code":"%1$s.setRepeatCount((int)(%2$s));","color":"#FF00ACC1","name":"#6","typeName":"","palette":"57","type":" ","spec":"%m.objectanimator set repeat count %d"},{"code":"%1$s.setRepeatMode(ValueAnimator.RESTART);","color":"#FF00ACC1","name":"#8","typeName":"","palette":"57","type":" ","spec":"%m.objectanimator set repeat mode restart"},{"code":"%1$s.setRepeatMode(ValueAnimator.REVERSE);","color":"#FF00ACC1","name":"#9","typeName":"","palette":"57","type":" ","spec":"%m.objectanimator set repeat mode Reverse"},{"code":"%1$s.setInterpolator(new LinearInterpolator());","color":"#FF00ACC1","name":"#10","typeName":"","palette":"57","type":" ","spec":"%m.objectanimator set Linear Interpolator"},{"code":"%1$s.setInterpolator(new AccelerateInterpolator());","color":"#FF00ACC1","name":"#11","typeName":"","palette":"57","type":" ","spec":"%m.objectanimator set Accelerate Interpolator "},{"code":"%1$s.setInterpolator(new DecelerateInterpolator());","color":"#FF00ACC1","name":"#12","typeName":"","palette":"57","type":" ","spec":"%m.objectanimator set DecelerateInterpolator"},{"code":"%1$s.setInterpolator(new BounceInterpolator());","color":"#FF00ACC1","name":"#13","typeName":"","palette":"57","type":" ","spec":"%m.objectanimator set Bounce Interpolator"},{"code":"%1$s.start();","color":"#FF00ACC1","name":"#14","typeName":"","palette":"57","type":" ","spec":"%m.objectanimator  start"},{"code":"%1$s.cancel();","color":"#FF00ACC1","name":"#15","typeName":"","palette":"57","type":" ","spec":"%m.objectanimator cancel"},{"code":"%1$s.isRunning()","color":"#FF00ACC1","name":"#16","typeName":"","palette":"57","type":"b","spec":"%m.objectanimator is running"}]