[{"code":"OneSignal.startInit(%1$s.this)\n.inFocusDisplaying(OneSignal.OSInFocusDisplayOption.Notification)\n.unsubscribeWhenNotificationsAreDisabled(%2$s).init();","name":"OneSignal_init","palette":"294","type":" ","spec":"OneSignal.startInit%m.activity CanUnSubscribe%b"},{"code":"OneSignal.setSubscription(%1$s);","name":"SetUserSubscribe","palette":"294","type":" ","spec":"OneSignal setSubscription%b"},{"code":"OSPermissionSubscriptionState %1$s \u003d OneSignal.getPermissionSubscriptionState();\n\nboolean isEnabled \u003d %1$s.getPermissionStatus().getEnabled();\nboolean isSubscribed \u003d %1$s.getSubscriptionStatus().getSubscribed();\nboolean subscriptionSetting \u003d %1$s.getSubscriptionStatus().getUserSubscriptionSetting();\nString userID \u003d %1$s.getSubscriptionStatus().getUserId();\nString pushToken \u003d %1$s.getSubscriptionStatus().getPushToken();\n","name":"OSPermissionSubscriptionState","palette":"294","type":" ","spec":"OSPermissionSubscriptionState Status%m.OneSignal"},{"code":"isEnabled","name":"isEnabled","typeName":"boolean","palette":"294","type":"b","spec":"isEnabled"},{"code":"isSubscribed","name":"isSubscribed","typeName":"boolean","palette":"294","type":"b","spec":"isSubscribed"},{"code":"userID","name":"userID","palette":"294","type":"s","spec":"userID"},{"code":"pushToken","name":"pushToken","palette":"294","type":"s","spec":"pushToken"},{"code":"if (!%1$s)\nreturn;\n\ntry {\nOneSignal.postNotification(new JSONObject(\"{\u0027contents\u0027: {\u0027en\u0027:\u0027{{content_m}}\u0027}, \" +\n                           \"\u0027include_player_ids\u0027: [\u0027\" + %2$s+ \"\u0027], \" +\n                           \"\u0027headings\u0027: {\u0027en\u0027: \u0027Hi {{user_name}}\u0027}, \" +\n                           \"\u0027big_picture\u0027: \u0027{{image_m}}\u0027}\"), new OneSignal.PostNotificationResponseHandler() {\n%3$s\n});\n} catch (JSONException e) {\ne.printStackTrace();\n}","name":"SendPushUserByTAG","palette":"294","type":"c","spec":"SendPushUserByTAG Check%b toUser%s.inputOnly"},{"code":"JSONObject tags \u003d new JSONObject();\ntry {\ntags.put(\"user_name\", %1$s);\ntags.put(\"content_m\", %2$s);\ntags.put(\"image_m\", %3$s);\n} catch (JSONException e) {\ne.printStackTrace();\njava.io.StringWriter errors \u003d new java.io.StringWriter();\ne.printStackTrace(new java.io.PrintWriter(errors));\nfinal String ErrorJsonTag \u003d errors.toString();\n%4$s\n}\nOneSignal.sendTags(tags);","name":"CreateJSONTagPush","palette":"294","type":"c","spec":"CreateJSONTag titleTAG%s messageTAG%s imageTAG%s ifError"},{"code":"ErrorJsonTag","name":"ErrorJsonTag","typeName":"String","palette":"294","type":"v","spec":"ErrorJsonTag"},{"code":"@Override\npublic void onSuccess(JSONObject response) {\nLog.i(\"OneSignalExample\", \"postNotification Success: \" + response.toString());\nfinal String NotifSuccess \u003d \"Success Info: \" + response.toString();\n%1$s\n}","name":"onSuccessPostNotif","palette":"294","type":"c","spec":"onSuccessPostNotif"},{"code":"NotifSuccess","name":"NotifSuccess","typeName":"String","palette":"294","type":"v","spec":"NotifSuccess"},{"code":"@Override\npublic void onFailure(JSONObject response) {\nLog.i(\"OneSignalExample\", \"postNotification Failure: \" + response.toString());\nfinal String NotifFailure \u003d \"Failure Info: \" + response.toString();\n%1$s\n}","name":"onFailurePostNotif","palette":"294","type":"c","spec":"onFailurePostNotif"},{"code":"NotifFailure","name":"NotifFailure","typeName":"String","palette":"294","type":"v","spec":"NotifFailure"},{"code":"%1$s.startRequestNetwork(RequestNetworkController.GET, %2$s\n.concat(\"?judul\u003d\".concat(%3$s\n.concat(\"\u0026isi\u003d\".concat(%4$s\n.concat(\"\u0026imgbesar\u003d\".concat(%5$s)))))), \"\", _%1$s_request_listener);","name":"SendPushUsingPHP","palette":"294","type":" ","spec":"PHPsender Using%m.requestnetwork getHostURL%s pushTitle%s pushMessage%s pushImage%s"},{"code":"if (!%1$s)\nreturn;\n\ntry {\n   JSONObject notificationContent \u003d new JSONObject(\"{\u0027contents\u0027: {\u0027en\u0027: \u0027\" + %2$s + \"\u0027},\" +\n           \"\u0027include_player_ids\u0027: [\u0027\" + %3$s + \"\u0027], \" +\n           \"\u0027headings\u0027: {\u0027en\u0027: \u0027\" + %4$s + \"\u0027}, \" +\n           \"\u0027big_picture\u0027: \u0027\" + %5$s + \"\u0027}\");\n   OneSignal.postNotification(notificationContent, null);\n} catch (JSONException e) {\n   e.printStackTrace();\n}","name":"DirectNotifOneUser","palette":"294","type":" ","spec":"DirectNotifOneUser checkStatus%b Message%m.varStr UserID%m.varStr Title%m.varStr withImage%m.varStr"}]