[{"code":"","name":"OneSignal setAppId","palette":"288","type":" ","spec":"OneSignal setAppId %s and Package Name %s"},{"code":"%s \u003d OneSignal.getPermissionSubscriptionState();","name":"OneSignal instance","palette":"288","type":" ","spec":"%m.OneSignal getPermissionSubcriptionState"},{"code":"%s.getSubscriptionStatus().getUserId()","name":"OneSignal getUserId","palette":"288","type":"s","spec":"%m.OneSignal getUserId"},{"code":"%s.getSubscriptionStatus().getSubscribed()","name":"OneSignal isSubscribed","palette":"288","type":"b","spec":"%m.OneSignal isSubscribed"},{"code":"OneSignal.postNotification(new JSONObject(%s), null);","name":"OneSignal postNotification","palette":"288","type":" ","spec":"postNotification %s"}]