[{"code":"","color":"#FF43A047","name":"created by arab ware channel","typeName":"","palette":"66","type":"h","spec":"created by arab ware channel"},{"code":"","color":"#FF43A047","name":"Add Source Directly Blocks","typeName":"","palette":"66","type":"h","spec":"Add Source Directly Blocks created By Arab Ware"},{"code":"/*%1$s*/","color":"#FF43A047","name":"comment","typeName":"","palette":"66","type":" ","spec":"comment %s.inputOnly"},{"code":"/*%1$s*/\n/*\n%2$s\n*/","color":"#FF43A047","name":"comment2","typeName":"","palette":"66","type":"c","spec":"comment %s.inputOnly"},{"code":"if (%1$s.equals(\"\")) {\r\n\t%1$s \u003d \"\".concat(\"%2$s\");\r\n}\r\nelse {\r\n\t%1$s \u003d %1$s.concat(\"\\n%2$s\");\r\n}","color":"#FF43A047","name":"copy blocks as text","typeName":"","palette":"66","type":"c","spec":"copy #one\u0026small block as text into %m.varStr"},{"code":"%1$s","color":"#FF43A047","name":"add source directly 1","typeName":"","palette":"66","type":" ","spec":"add source directly %s.inputOnly "},{"code":"%1$s","color":"#FF43A047","name":"add source directly 2","typeName":"","palette":"66","type":"s","spec":"add source directly %s.inputOnly "},{"code":"%1$s","color":"#FF43A047","name":"add source directly 3","typeName":"","palette":"66","type":"d","spec":"add source direclty %s.inputOnly "},{"code":"%1$s","color":"#FF43A047","name":"add source directly 4","typeName":"","palette":"66","type":"b","spec":"add source directly %s.inputOnly "},{"code":"%1$s","color":"#FF43A047","name":"add source directly 5","typeName":"","palette":"66","type":"f","spec":"add source directly %s.inputOnly "},{"code":"%1$s\n%3$s\n%2$s","color":"#FF43A047","name":"add source directly 6","typeName":"","palette":"66","type":"c","spec":"add source directly 1 %s.inputOnly  add source directly 2 %s.inputOnly  put between 1 and 2 this blocks"},{"code":"%1$s\n%4$s\n%2$s\n%5$s\n%3$s","color":"#FF43A047","typeName":"","name":"add source directly 7","palette":"66","type":"e","spec":"add source directly 1 %s.inputOnly add sorce directly 2 %s.inputOnly add source directly 3 %s.inputOnly |put between 1 and two this blocks|","spec2":"|put between 2 and 3 this blocks|"},{"code":"","color":"#FF43A047","name":"Arab Ware Operator Blocks","typeName":"","palette":"66","type":"h","spec":"New Blocks By Arab Ware Channel"},{"code":"String.valueOf((long)(%1$s)).concat(String.valueOf((long)(%2$s)))","color":"#FF43A047","name":"Join and block 1","typeName":"","palette":"66","type":"s","spec":"join %d with %d"},{"code":"Double.parseDouble(String.valueOf((long)(%1$s)).concat(String.valueOf((long)(%1$s))))","color":"#FF43A047","name":"join and block 2","typeName":"","palette":"66","type":"d","spec":"join %d and %d"},{"code":"String.valueOf((long)(%1$s)).equals(String.valueOf((long)(%2$s)))","color":"#FF43A047","name":"if number equals number","typeName":"","palette":"66","type":"b","spec":"%d equals %d"},{"code":"(String.valueOf((long)(%1$s)).contains(String.valueOf((long)(%2$s))))","color":"#FF43A047","name":"if number contains number","typeName":"","palette":"66","type":"b","spec":"%d contains %d"},{"code":"(%1$s \u003d\u003d %2$s) || (%1$s \u003e %2$s)","color":"#FF43A047","name":"equal or more","typeName":"","palette":"66","type":"b","spec":"%d equals or more than %d"},{"code":"(%1$s \u003d\u003d %2$s) || (%1$s \u003c %2$s)","color":"#FF43A047","name":"equals or less","typeName":"","palette":"66","type":"b","spec":"%d equals or less than %d"},{"code":"Patterns.WEB_URL.matcher(%1$s).matches()","color":"#FF43A047","name":"is link","typeName":"","palette":"66","type":"b","spec":"%s is link"},{"code":"%1$s","color":"#FF43A047","name":"create if command","typeName":"","palette":"66","type":"b","spec":"write you own boolean command here %s.inputOnly "},{"code":"String.valueOf((long)(%1$s)).replace(String.valueOf((long)(%2$s)), String.valueOf((long)(%3$s)))","color":"#FF43A047","name":"replace 1","typeName":"","palette":"66","type":"s","spec":"replace number in %d replace all %d with %d "},{"code":"Double.parseDouble(String.valueOf((long)(%1$s)).replace(String.valueOf((long)(%2$s)), String.valueOf((long)(%3$s))))","color":"#FF43A047","name":"replace 2","typeName":"","palette":"66","type":"d","spec":"replace number %d  replace all %d with %d"},{"code":"%1$s \u003d %2$s;","color":"#FF43A047","name":"Boolean","typeName":"","palette":"66","type":" ","spec":"%m.varBool set boolean command %s.inputOnly  "},{"code":"%1$s","color":"#FF43A047","name":"boolean","typeName":"","palette":"66","type":"s","spec":"get %m.varBool"}]