[{"code":"StrictMode.VmPolicy.Builder builder \u003d new StrictMode.VmPolicy.Builder();\nStrictMode.setVmPolicy(builder.build());\n\nif(Build.VERSION.SDK_INT\u003e\u003d24){\n\ntry{\njava.lang.reflect.Method m \u003d StrictMode.class.getMethod(\"disableDeathOnFileUriExposure\");\nm.invoke(null);\n\n}\ncatch(Exception e){\nshowMessage(e.toString());\n}\n}","name":"StrictModeVmPolicy","palette":"35","type":" ","spec":"StrictModeVmPolicy"},{"code":"(int) %1$s","name":"IntValue","typeName":"int","palette":"35","type":"d","spec":"int %d"},{"code":"%1$s \u003d new TypeWriterView(%2$s.this);\n%1$s.setLayoutParams(new LinearLayout.LayoutParams(android.widget.LinearLayout.LayoutParams.MATCH_PARENT, android.widget.LinearLayout.LayoutParams.WRAP_CONTENT));\n%1$s.setTextSize(%3$s);\n%1$s.setGravity(Gravity.%4$S);\n%5$s.addView(%1$s);\r","name":"TypeWriterViewBuild","palette":"35","type":" ","spec":"%m.TypeWriterView at %m.activity TextSize %d Gravity %s.inputOnly addTo %m.view "},{"code":"int typeFaceNumb \u003d 0;\nfinal String FontTypeCust \u003d \"fonts/\"+\"%2$s\"+\".ttf\";\n\nif (\"%3$s\".equals(\"normal\")){\n    typeFaceNumb \u003d 0;\n}\nelse {\nif (\"%3$s\".equals(\"bold\")){\n    typeFaceNumb \u003d 1;\n}\nelse {\nif (\"%3$s\".equals(\"italic\")){\n    typeFaceNumb \u003d 2;\n}\nelse {\n    typeFaceNumb \u003d 3;\n}\n}\n}\n\n\n%1$s.setTypeface(Typeface.createFromAsset(getAssets(), FontTypeCust), typeFaceNumb);\r\n%1$s.setTextColor(%4$s);\r\n\r\n%1$s.setDelay(%5$s);\r\n%1$s.setWithMusic(%6$s);\r","name":"TypeWriterViewStyle","palette":"35","type":" ","spec":"%m.TypeWriterView font %m.font Style %m.typeface Color %m.color setDelay %d withMusic %b"},{"code":"String TypeWriterViewSTR \u003d %2$s;\n%1$s.animateText(TypeWriterViewSTR);\r","name":"RunAnimTypeWriterView","palette":"35","type":" ","spec":"%m.TypeWriterView RunWithStringValue %s"},{"code":"%1$s.removeAnimation();","name":"RemoveTypeWriterView","palette":"35","type":" ","spec":"%m.TypeWriterView RemoveAnimation"},{"code":"final CodeView codeView\u003d(CodeView) _v.findViewById(R.id.codeview);\n\ncodeView.setTheme(CodeViewTheme.%1$s).fillColor();\ncodeView.showCode(%2$s);","name":"CodeView","palette":"35","type":" ","spec":"CodeView Theme %s.inputOnly setCode %s"},{"code":"%1$s.setText(%2$s);","color":"#4A6CD4","name":"setText","typeName":"","palette":"35","type":" ","spec":"%m.textview  setText %s "},{"code":"%1$s.getText().toString()","color":"#4A6CD4","name":"getText","typeName":"","palette":"35","type":"s","spec":"%m.textview  getText"}]