[{"code":"final androidx.viewpager.widget.ViewPager %1$s \u003d new androidx.viewpager.widget.ViewPager(this);\r\n%1$s.setLayoutParams(new ViewGroup.LayoutParams( ViewGroup.LayoutParams.MATCH_PARENT, ViewGroup.LayoutParams.WRAP_CONTENT));\n//code downloaded from FutureStore","name":"add ViewPager on Layout","palette":"101","type":" ","spec":"Add ViewPager on this Activity%m.ViewPager"},{"code":"%1$s.setBackgroundColor(%2$s);","name":"setPage Background Color","palette":"101","type":" ","spec":"%m.ViewPager Linear SetBackground Color%m.color"},{"code":"MyPagerAdapter adapter \u003d new MyPagerAdapter();\r\n%2$s.setAdapter(adapter);\r\n%2$s.setCurrentItem(%1$s);","name":"setOnStart Position","palette":"101","type":" ","spec":"setOnStart Position%d on%m.ViewPager"},{"code":"%1$s.addView(%2$s);","name":"linear for viewpager","palette":"101","type":" ","spec":"%m.view Linear for viewPager%m.ViewPager"},{"code":"%1$s.addOnPageChangeListener(new androidx.viewpager.widget.ViewPager.OnPageChangeListener() { public void onPageSelected(int position) { \r\nView noview \u003d (View) %1$s.findViewWithTag(\"%2$s\" + %1$s.getCurrentItem());","name":"get Current Position","palette":"101","type":" ","spec":"%m.ViewPager getCurrentPosition with TAG%s.inputOnly"},{"code":"position \u003d\u003d %1$s","name":"Position to change small image/text","palette":"101","type":"b","spec":"if Position \u003d %d"},{"code":"_%1$s();","name":"if moreBlock than","palette":"101","type":" ","spec":"if more blook than add it %s.inputOnly"},{"code":"}\r\n@Override public void onPageScrolled(int position, float positionOffset, int positionOffsetPixels) { }\r\n@Override public void onPageScrollStateChanged(int state) { }\r\n});\r\n}\r\nprivate class MyPagerAdapter extends androidx.viewpager.widget.PagerAdapter {\r\npublic int getCount() {\r\nreturn %1$s;\r\n}\r\npublic Object instantiateItem(View collection, int position) {\r\nLayoutInflater inflater \u003d (LayoutInflater) collection.getContext().getSystemService(Context.LAYOUT_INFLATER_SERVICE);\r\nint resId \u003d 0;\nswitch (position) {","name":"total ViewPager custom.xml","palette":"101","type":" ","spec":"total ViewPager customView %d"},{"code":"case %1$s:\r\nresId \u003d R.layout.%2$s;\r\nbreak;","name":"initiate CustomViews","palette":"101","type":" ","spec":"when View position \u003d%d setCustomView find by id%s.inputOnly"},{"code":"}\r\nView view \u003d inflater.inflate(resId, null);\r\n((androidx.viewpager.widget.ViewPager)collection).addView(view, 0);\r\nview.setTag(\"%1$s\" + position);\r\nreturn view;\r\n}\r\n@Override\r\npublic void destroyItem(View arg0, int arg1, Object arg2) {\r\n((androidx.viewpager.widget.ViewPager) arg0).removeView((View) arg2);\r\n}\r\n@Override\r\npublic boolean isViewFromObject(View arg0, Object arg1) {\r\nreturn arg0 \u003d\u003d ((View) arg1);\r\n}\r\n@Override\r\npublic Parcelable saveState() {\r\nreturn null;\r\n}\r\n//code by Debjit Baishnab","name":"ending block of viewPager","palette":"101","type":" ","spec":"add TAG (same)%s.inputOnly "}]