[{"code":"","color":"#FF000000","name":"SafeAsyncTask ","typeName":"","palette":"300","type":"h","spec":"SafeAsyncTask"},{"code":"}\n\n\n/**\n * A class similar but unrelated to android\u0027s {@link android.os.AsyncTask}.\n * \u003cp/\u003e\n * Unlike AsyncTask, this class properly propagates exceptions.\n * \u003cp/\u003e\n * If you\u0027re familiar with AsyncTask and are looking for {@link android.os.AsyncTask#doInBackground(Object[])},\n * we\u0027ve named it {@link #call()} here to conform with java 1.5\u0027s {@link java.util.concurrent.Callable} interface.\n * \u003cp/\u003e\n * Current limitations: does not yet handle progress, although it shouldn\u0027t be\n * hard to add.\n * \u003cp/\u003e\n * If using your own executor, you must call future() to get a runnable you can execute.\n *\n * @param \u003cResultT\u003e\n */\npublic abstract class SafeAsyncTask\u003cResultT\u003e implements Callable\u003cResultT\u003e {\n    public final int DEFAULT_POOL_SIZE \u003d 25;\n    protected final Executor DEFAULT_EXECUTOR \u003d Executors.newFixedThreadPool(DEFAULT_POOL_SIZE);\n\n    protected Handler handler;\n    protected Executor executor;\n    protected StackTraceElement[] launchLocation;\n    protected FutureTask\u003cVoid\u003e future;\n\n\n    /**\n     * Sets executor to Executors.newFixedThreadPool(DEFAULT_POOL_SIZE) and\n     * Handler to new Handler()\n     */\n    public SafeAsyncTask() {\n        this.executor \u003d DEFAULT_EXECUTOR;\n    }\n\n    /**\n     * Sets executor to Executors.newFixedThreadPool(DEFAULT_POOL_SIZE)\n     */\n    public SafeAsyncTask(Handler handler) {\n        this.handler \u003d handler;\n        this.executor \u003d DEFAULT_EXECUTOR;\n    }\n\n    /**\n     * Sets Handler to new Handler()\n     */\n    public SafeAsyncTask(Executor executor) {\n        this.executor \u003d executor;\n    }\n\n    public SafeAsyncTask(Handler handler, Executor executor) {\n        this.handler \u003d handler;\n        this.executor \u003d executor;\n    }\n\n\n    public FutureTask\u003cVoid\u003e future() {\n        future \u003d new FutureTask\u003cVoid\u003e(newTask());\n        return future;\n    }\n\n    public SafeAsyncTask\u003cResultT\u003e executor(Executor executor) {\n        this.executor \u003d executor;\n        return this;\n    }\n\n    public Executor executor() {\n        return executor;\n    }\n\n    public SafeAsyncTask\u003cResultT\u003e handler(Handler handler) {\n        this.handler \u003d handler;\n        return this;\n    }\n\n    public Handler handler() {\n        return handler;\n    }\n\n    public void execute() {\n        execute(Thread.currentThread().getStackTrace());\n    }\n\n    protected void execute(StackTraceElement[] launchLocation) {\n        this.launchLocation \u003d launchLocation;\n        executor.execute(future());\n    }\n\n    public boolean cancel(boolean mayInterruptIfRunning) {\n        if (future \u003d\u003d null) throw new UnsupportedOperationException(\"You cannot cancel this task before calling future()\");\n\n        return future.cancel(mayInterruptIfRunning);\n    }\n\n\n    /**\n     * @throws Exception, captured on passed to onException() if present.\n     */\n    protected void onPreExecute() throws Exception {\n    }\n\n    /**\n     * @param t the result of {@link #call()}\n     * @throws Exception, captured on passed to onException() if present.\n     */\n    @SuppressWarnings({\"UnusedDeclaration\"})\n    protected void onSuccess(ResultT t) throws Exception {\n    }\n\n    /**\n     * Called when the thread has been interrupted, likely because\n     * the task was canceled.\n     * \u003cp/\u003e\n     * By default, calls {@link #onException(Exception)}, but this method\n     * may be overridden to handle interruptions differently than other\n     * exceptions.\n     *\n     * @param e an InterruptedException or InterruptedIOException\n     */\n    protected void onInterrupted(Exception e) {\n        onException(e);\n    }\n\n    /**\n     * Logs the exception as an Error by default, but this method may\n     * be overridden by subclasses.\n     *\n     * @param e the exception thrown from {@link #onPreExecute()}, {@link #call()}, or {@link #onSuccess(Object)}\n     * @throws RuntimeException, ignored\n     */\n    protected void onException(Exception e) throws RuntimeException {\n        onThrowable(e);\n    }\n\n    protected void onThrowable(Throwable t) throws RuntimeException {\n        Log.e(\"roboguice\", \"Throwable caught during background processing\", t);\n    }\n\n    /**\n     * @throws RuntimeException, ignored\n     */\n    protected void onFinally() throws RuntimeException {\n    }\n\n\n    protected Task\u003cResultT\u003e newTask() {\n        return new Task\u003cResultT\u003e(this);\n    }\n\n\n    public class Task\u003cResultT\u003e implements Callable\u003cVoid\u003e {\n        protected SafeAsyncTask\u003cResultT\u003e parent;\n        protected Handler handler;\n\n        public Task(SafeAsyncTask\u003cResultT\u003e parent) {\n            this.parent \u003d parent;\n            this.handler \u003d parent.handler !\u003d null ? parent.handler : new Handler(Looper.getMainLooper());\n        }\n\n        public Void call() throws Exception {\n            try {\n                doPreExecute();\n                doSuccess(doCall());\n\n            } catch (final Exception e) {\n                try {\n                    doException(e);\n                } catch (Exception f) {\n                    // logged but ignored\n                    Log.e(\"BACKGROUND_TASK\", \"Exception in\", f);\n                }\n\n            } catch (final Throwable t) {\n                try {\n                    doThrowable(t);\n                } catch (Exception f) {\n                    // logged but ignored\n                    Log.e(\"BACKGROUND_TASK\", \"Exception in\", f);\n                }\n            } finally {\n                doFinally();\n            }\n\n            return null;\n        }\n\n        protected void doPreExecute() throws Exception {\n            postToUiThreadAndWait(new Callable\u003cObject\u003e() {\n                public Object call() throws Exception {\n                    parent.onPreExecute();\n                    return null;\n                }\n            });\n        }\n\n        protected ResultT doCall() throws Exception {\n            return parent.call();\n        }\n\n        protected void doSuccess(final ResultT r) throws Exception {\n            postToUiThreadAndWait(new Callable\u003cObject\u003e() {\n                public Object call() throws Exception {\n                    parent.onSuccess(r);\n                    return null;\n                }\n            });\n        }\n\n        protected void doException(final Exception e) throws Exception {\n            if (parent.launchLocation !\u003d null) {\n                final ArrayList\u003cStackTraceElement\u003e stack \u003d new ArrayList\u003cStackTraceElement\u003e(Arrays.asList(e.getStackTrace()));\n                stack.addAll(Arrays.asList(parent.launchLocation));\n                e.setStackTrace(stack.toArray(new StackTraceElement[stack.size()]));\n            }\n            postToUiThreadAndWait(new Callable\u003cObject\u003e() {\n                public Object call() throws Exception {\n                    if (e instanceof InterruptedException || e instanceof InterruptedIOException) parent.onInterrupted(e);\n                    else parent.onException(e);\n                    return null;\n                }\n            });\n        }\n\n        protected void doThrowable(final Throwable e) throws Exception {\n            if (parent.launchLocation !\u003d null) {\n                final ArrayList\u003cStackTraceElement\u003e stack \u003d new ArrayList\u003cStackTraceElement\u003e(Arrays.asList(e.getStackTrace()));\n                stack.addAll(Arrays.asList(parent.launchLocation));\n                e.setStackTrace(stack.toArray(new StackTraceElement[stack.size()]));\n            }\n            postToUiThreadAndWait(new Callable\u003cObject\u003e() {\n                public Object call() throws Exception {\n                    parent.onThrowable(e);\n                    return null;\n                }\n            });\n        }\n\n        protected void doFinally() throws Exception {\n            postToUiThreadAndWait(new Callable\u003cObject\u003e() {\n                public Object call() throws Exception {\n                    parent.onFinally();\n                    return null;\n                }\n            });\n        }\n\n\n        /**\n         * Posts the specified runnable to the UI thread using a handler,\n         * and waits for operation to finish.  If there\u0027s an exception,\n         * it captures it and rethrows it.\n         *\n         * @param c the callable to post\n         * @throws Exception on error\n         */\n        protected void postToUiThreadAndWait(final Callable c) throws Exception {\n            final CountDownLatch latch \u003d new CountDownLatch(1);\n            final Exception[] exceptions \u003d new Exception[1];\n\n            // Execute onSuccess in the UI thread, but wait\n            // for it to complete.\n            // If it throws an exception, capture that exception\n            // and rethrow it later.\n            handler.post(new Runnable() {\n                public void run() {\n                    try {\n                        c.call();\n                    } catch (Exception e) {\n                        exceptions[0] \u003d e;\n                    } finally {\n                        latch.countDown();\n                    }\n                }\n            });\n\n            // Wait for onSuccess to finish\n            latch.await();\n\n            if (exceptions[0] !\u003d null) throw exceptions[0];\n\n        }\n\n    }\n\n}\n\n\n{","color":"#FFFB8C00","name":"SafeAsyncTask","typeName":"","palette":"300","type":" ","spec":"create SafeAsyncTask(put it more block)"},{"code":"","color":"#FF000000","name":"anoter CountryAsyncTask","typeName":"","palette":"300","type":"h","spec":"another more block for CountryAsyncTask"},{"code":"}\nprivate class CountryAsyncTask extends SafeAsyncTask\u003cList\u003cString\u003e\u003e {\n\n        @Override\n        public List\u003cString\u003e call() throws Exception {\n            List\u003cString\u003e result \u003d null;\n            \n        %3$s\n\n            return result;\n        }\n\n        @Override\n        protected void onSuccess(List\u003cString\u003e newItems) throws Exception {\n            super.onSuccess(newItems);\n            \n            pager++;\n            %1$s.onFinishLoading(true, newItems);\n\n            \n\n        }\n\t\t\n\t\tpublic void clearData() {\r\n\t\tpager \u003d 0;\n\t\t        %2$s.removeAllItems();\n\t\t        %1$s.setHasMoreItems(true);\r\n\t}\n\t\n    }\n\n{","color":"#FFFB8C00","name":"CountryAsyncTask","typeName":"","palette":"300","type":"c","spec":"%m.listview CountryAsyncTask %m.MyPagingAdapter"},{"code":"switch((int)pager) {\r\n %1$s\r\n}","color":"#FFFB8C00","name":"switch pager","typeName":"","palette":"300","type":"c","spec":"switch pager(put it in CountryAsyncTask)"},{"code":"        case (int)%2$s:\n        result \u003d %1$s;\n        break;","color":"#FFFB8C00","name":" pager case","typeName":"","palette":"300","type":" ","spec":"%m.listStr page number(from 0) %d (put it in switch)"},{"code":"         Thread.sleep((int)%1$s);","color":"#FFFB8C00","name":"Thread sleep","typeName":"","palette":"300","type":" ","spec":"Thread sleep %d  (put it after switch)"},{"code":"","color":"#FF000000","name":"Paging Adaper ","typeName":"","palette":"300","type":"h","spec":"Paging Adaper "},{"code":"}\n\npublic class MyPagingAdapter extends PagingBaseAdapter\u003cString\u003e {\n\n    @Override\n    public int getCount() {\n        return items.size();\n    }\n\n    @Override\n    public String getItem(int position) {\n        return items.get(position);\n    }\n\n    @Override\n    public long getItemId(int position) {\n        return position;\n    }\n\n  @Override\n    public View getView(int position, View convertView, ViewGroup parent) {\n        TextView textView;\n        String text \u003d getItem(position);\n\n        if (convertView !\u003d null) {\n            textView \u003d (TextView) convertView;\n        } else {\n            textView \u003d (TextView) LayoutInflater.from(parent.getContext()).inflate(android.R.layout.simple_list_item_1, null);\n        }\n        textView.setText(text);\n        return textView;\n    }\n}\n\n{","color":"#FFFB8C00","name":"create PagingAdaper","typeName":"","palette":"300","type":" ","spec":"Create PagingAdaper(put it more block)"},{"code":"","color":"#FF000000","name":"onCreate. ","typeName":"","palette":"300","type":"h","spec":"onCreate"},{"code":"%1$s.setAdapter(%2$s);","color":"#FFFB8C00","name":"set adapter","typeName":"","palette":"300","type":" ","spec":"%m.listview  setAdaper  %m.MyPagingAdapter "},{"code":"%1$s.setHasMoreItems(%2$s);","color":"#FFFB8C00","name":"setHasMoreItems","typeName":"","palette":"300","type":" ","spec":"%m.listview  setHasMoreItems %b "},{"code":"true","color":"#FFFB8C00","name":"true ","typeName":"","palette":"300","type":"b","spec":"true"},{"code":"false","color":"#FFFB8C00","name":"false ","typeName":"","palette":"300","type":"b","spec":"false"},{"code":"%1$s.setPagingableListener(new PagingListView.Pagingable() {\n\t@Override\n\tpublic void onLoadMoreItems() {\n\t\tif (pager \u003c (int)%2$s) {\n\t\t\tnew CountryAsyncTask().execute();\n\t\t} else {\n\t\t\t%1$s.onFinishLoading(false, null);\n\t\t}\n\t}\n});","color":"#FFFB8C00","name":"onLoadMoreItems","typeName":"","palette":"300","type":" ","spec":"%m.listview  onLoadMoreItems(number of lists) %d "},{"code":"","color":"#FF000000","name":"Refresh ","typeName":"","palette":"300","type":"h","spec":"refresh"},{"code":" new CountryAsyncTask().clearData();","color":"#FFFB8C00","name":"clearData","typeName":"","palette":"300","type":" ","spec":"CountryAsyncTask clearData"}]