[{"code":"","color":"#FF3F51B5","name":"head","typeName":"","palette":"11","type":"h","spec":"blocks from mini dev official ! make sure you liked this project"},{"code":"","color":"#FF3F51B5","name":"head1","typeName":"","palette":"11","type":"h","spec":"And also join my telegram channel : @mini_dev_official"},{"code":"","color":"#FF3F51B5","name":"head3","typeName":"","palette":"11","type":"h","spec":"For hiding password use this block 👇"},{"code":"%1$s.setTransformationMethod(android.text.method.PasswordTransformationMethod.getInstance());","color":"#FF3F51B5","name":"hidpass","typeName":"","palette":"11","type":" ","spec":"Hide password in %m.edittext "},{"code":"","color":"#FF3F51B5","name":"head4","typeName":"","palette":"11","type":"h","spec":"For showing password , use this block 👇"},{"code":"%1$s.setTransformationMethod(android.text.method.HideReturnsTransformationMethod.getInstance());","color":"#FF3F51B5","name":"showpass","typeName":"","palette":"11","type":" ","spec":"Show password in %m.edittext "},{"code":"","color":"#FF3F51B5","name":"head6","typeName":"","palette":"11","type":"h","spec":"Put these blocks if you want to make hide show with one click👇"},{"code":"if (%2$s) {\n%1$s.setTransformationMethod(android.text.method.HideReturnsTransformationMethod.getInstance());\n%2$s \u003d false;\n%3$s\n} else { \n%1$s.setTransformationMethod(android.text.method.PasswordTransformationMethod.getInstance());\n%2$s \u003d true;\n%4$s\n}","color":"#FF3F51B5","name":"onebuttonhide","typeName":"","palette":"11","type":"e","spec":"Auto show / hide mode your edittext %m.edittext and your boolean %b  if pass is hidden , make it visible :","spec2":"else if pass visible make it hidden : "},{"code":"","color":"#FF3F51B5","name":"head5","typeName":"","palette":"11","type":"h","spec":"Put this block to make sure that everyone download this block before building your project👇"},{"code":"// created by mini dev\n// if you want to download it , visit :\n// https://t.me/mini_dev_official/236","color":"#FF3F51B5","name":"about","typeName":"","palette":"11","type":" ","spec":"Blocks from mini dev official , veiw codes to get the download link !"}]