[{"code":"%1$s intent \u003d new %1$s();","name":"UPI Payment","palette":"86","type":" ","spec":"%m.intent "},{"code":"upi://pay?pa\u003d%1$s\u0026pn\u003d%2$s\u0026tn\u003d%3$s\u0026am\u003d%4$s\u0026cu\u003d%5$s","name":"UPI payment intent","palette":"86","type":"s","spec":"Your UPI Id%s and application name%s Enter Payment Description%s amount%d country name%s"},{"code":"%1$s chooser \u003d %1$s.createChooser(intent, \"Only Bhim UPI\");","name":"Start Upi","palette":"86","type":" ","spec":"UPI Chooser%m.intent"},{"code":"if (Build.VERSION.SDK_INT \u003e\u003d Build.VERSION_CODES.JELLY_BEAN)","name":"sdk","palette":"86","type":" ","spec":"UPI Int Sdk"},{"code":"{ startActivityForResult(chooser, 1, null); }","name":"up","palette":"86","type":" ","spec":"Start it"}]