[{"name":"CREATED BY.","palette":"26","spec":"CREATED BY ARAB WARE CHANNEL","typeName":"","type":"h","code":"","color":"#FF00BFA5"},{"name":"PDF VIEWER LIBRARY","palette":"26","spec":"pdf library reader \u0026 creator | pdf مكتبة صنع و قراءة ","type":"h","typeName":"","color":"#FF00BFA5","code":""},{"name":"PDF LIBEARY BLOCK","palette":"26","spec":"put me in more block %m.PdfDocument","type":" ","typeName":"","color":"#FF00BFA5","code":"}\nprivate\nandroid.graphics.pdf.PdfRenderer\n%1$sPR;\nprivate ZoomableImageView %1$stouch;\nprivate android.graphics.pdf.PdfRenderer.Page %1$sRpage;\nprivate Bitmap %1$smBitmap;\nprivate java.io.File %1$sFE;\nprivate java.io.InputStream %1$sasset;\nprivate java.io.FileOutputStream %1$soutput;\nprivate byte[] %1$sbuffer;\nprivate int %1$sPsize;\npublic class ZoomableImageView extends ImageView {\n\n\nMatrix matrix \u003d new Matrix();\n\nstatic final int NONE \u003d 0;\n\nstatic final int DRAG \u003d 1;\n\nstatic final int ZOOM \u003d 2;\n\nstatic final int CLICK \u003d 3;\n\nint mode \u003d NONE;\n\nPointF last \u003d new PointF();\n\nPointF start \u003d new PointF();\n\nfloat minScale \u003d 1f;\n\nfloat maxScale \u003d 4f;\n\nfloat[] m;\n\nfloat redundantXSpace, redundantYSpace;\n\nfloat width, height;\n\nfloat saveScale \u003d 1f;\n\nfloat right, bottom, origWidth, origHeight, bmWidth, bmHeight;\n\nScaleGestureDetector mScaleDetector;\n\nContext context;\n\n\npublic ZoomableImageView(Context context) {\n\nsuper(context);\n\nsuper.setClickable(true);\n\nthis.context \u003d context;\n\nmScaleDetector \u003d new ScaleGestureDetector(context, new ScaleListener());\n\nmatrix.setTranslate(1f, 1f);\n\nm \u003d new float[9];\n\nsetImageMatrix(matrix); setScaleType(ScaleType.MATRIX);\n\n\nsetOnTouchListener(new OnTouchListener() {\n\n@Override\n\npublic boolean onTouch(View v, MotionEvent event) {\n\nmScaleDetector.onTouchEvent(event);\n\nmatrix.getValues(m);\n\nfloat x \u003d m[Matrix.MTRANS_X];\n\nfloat y \u003d m[Matrix.MTRANS_Y];\n\nPointF curr \u003d new PointF(event.getX(), event.getY());\n\nswitch (event.getAction()) {\n\ncase MotionEvent.ACTION_DOWN: last.set(event.getX(), event.getY()); start.set(last); mode \u003d DRAG;\n\nbreak;\n\ncase MotionEvent.ACTION_POINTER_DOWN: last.set(event.getX(), event.getY()); start.set(last);\n\nmode \u003d ZOOM;\n\nbreak;\n\ncase MotionEvent.ACTION_MOVE:\n\nif (mode \u003d\u003d ZOOM || (mode \u003d\u003d DRAG \u0026\u0026 saveScale \u003e minScale)) {\n\nfloat deltaX \u003d curr.x - last.x;\n\nfloat deltaY \u003d curr.y - last.y;\n\nfloat scaleWidth \u003d Math.round(origWidth * saveScale);\n\nfloat scaleHeight \u003d Math.round(origHeight * saveScale);\n\nif (scaleWidth \u003c width) {\n\ndeltaX \u003d 0;\n\nif (y + deltaY \u003e 0) deltaY \u003d -y;\n\nelse if (y + deltaY \u003c -bottom) deltaY \u003d -(y + bottom);\n\n} else if (scaleHeight \u003c height) {\n\ndeltaY \u003d 0;\n\nif (x + deltaX \u003e 0) deltaX \u003d -x;\n\nelse if (x + deltaX \u003c -right) deltaX \u003d -(x + right);\n\n} else {\n\nif (x + deltaX \u003e 0) deltaX \u003d -x;\n\nelse if (x + deltaX \u003c -right) deltaX \u003d -(x + right);\n\nif (y + deltaY \u003e 0) deltaY \u003d -y;\n\nelse if (y + deltaY \u003c -bottom) deltaY \u003d -(y + bottom);\n\n}\n\nmatrix.postTranslate(deltaX, deltaY);\n\nlast.set(curr.x, curr.y);\n\n}\n\nbreak;\n\ncase MotionEvent.ACTION_UP:\n\nmode \u003d NONE;\n\nint xDiff \u003d (int) Math.abs(curr.x - start.x);\n\nint yDiff \u003d (int) Math.abs(curr.y - start.y);\n\nif (xDiff \u003c CLICK \u0026\u0026 yDiff \u003c CLICK) performClick();\n\nbreak;\n\ncase MotionEvent.ACTION_POINTER_UP:\n\nmode \u003d NONE;\n\nbreak;\n\n}\n\nsetImageMatrix(matrix);\n\ninvalidate();\n\nreturn true;\n\n}\n\n});\n\n}\n\n\n@Override\n\npublic void setImageBitmap(Bitmap bm) {\n\nsuper.setImageBitmap(bm);\n\nbmWidth \u003d bm.getWidth();\n\nbmHeight \u003d bm.getHeight(); }\n\n\npublic void setMaxZoom(float x) {\n\nmaxScale \u003d x; }\n\n\nprivate class ScaleListener extends ScaleGestureDetector.SimpleOnScaleGestureListener {\n\n@Override\n\npublic boolean onScaleBegin(ScaleGestureDetector detector) {\n\nmode \u003d ZOOM;\n\nreturn true;}\n\n@Override\n\npublic boolean onScale(ScaleGestureDetector detector) {\n\nfloat mScaleFactor \u003d detector.getScaleFactor();\n\nfloat origScale \u003d saveScale;\n\nsaveScale *\u003d mScaleFactor;\n\nif (saveScale \u003e maxScale){\n\nsaveScale \u003d maxScale;\n\nmScaleFactor \u003d maxScale / origScale;\n\n} else if (saveScale \u003c minScale) {\n\nsaveScale \u003d minScale;\n\nmScaleFactor \u003d minScale / origScale;}\n\nright \u003d width * saveScale - width - (2 * redundantXSpace * saveScale);\n\nbottom \u003d height * saveScale - height - (2 * redundantYSpace * saveScale);\n\nif (origWidth * saveScale \u003c\u003d width || origHeight * saveScale \u003c\u003d height) {\n\nmatrix.postScale(mScaleFactor, mScaleFactor, width / 2, height / 2);\n\nif (mScaleFactor \u003c 1) {\n\nmatrix.getValues(m);\n\nfloat x \u003d m[Matrix.MTRANS_X];\n\nfloat y \u003d m[Matrix.MTRANS_Y];\n\nif (mScaleFactor \u003c 1) {\n\nif (Math.round(origWidth * saveScale) \u003c width) {\n\nif (y \u003c -bottom) matrix.postTranslate(0, -(y + bottom));\n\nelse if (y \u003e 0) matrix.postTranslate(0, -y);\n\n} else {\n\nif (x \u003c -right) matrix.postTranslate(-(x + right), 0);\n\nelse if (x \u003e 0) matrix.postTranslate(-x, 0);}\n\n}\n\n}\n\n} else {\n\nmatrix.postScale(mScaleFactor, mScaleFactor, detector.getFocusX(), detector.getFocusY()); matrix.getValues(m);\n\nfloat x \u003d m[Matrix.MTRANS_X];\n\nfloat y \u003d m[Matrix.MTRANS_Y];\n\nif (mScaleFactor \u003c 1) {\n\nif (x \u003c -right) matrix.postTranslate(-(x + right), 0);\n\nelse if (x \u003e 0) matrix.postTranslate(-x, 0);\n\nif (y \u003c -bottom) matrix.postTranslate(0, -(y + bottom));\n\nelse if (y \u003e 0) matrix.postTranslate(0, -y);}\n\n}\n\nreturn true;\n\n}\n\n}\n\n\n@Override\n\nprotected void onMeasure (int widthMeasureSpec, int heightMeasureSpec) {\n\nsuper.onMeasure(widthMeasureSpec, heightMeasureSpec);\n\nwidth \u003d MeasureSpec.getSize(widthMeasureSpec);\n\nheight \u003d MeasureSpec.getSize(heightMeasureSpec);\n\nfloat scale;\n\nfloat scaleX \u003d width / bmWidth;\n\nfloat scaleY \u003d height / bmHeight;\n\nscale \u003d Math.min(scaleX, scaleY); matrix.setScale(scale, scale); setImageMatrix(matrix);\n\nsaveScale \u003d 1f;\n\nredundantYSpace \u003d height - (scale * bmHeight) ;\n\nredundantXSpace \u003d width - (scale * bmWidth);\n\nredundantYSpace /\u003d 2;\n\nredundantXSpace /\u003d 2; matrix.postTranslate(redundantXSpace, redundantYSpace);\n\norigWidth \u003d width - 2 * redundantXSpace;\n\norigHeight \u003d height - 2 * redundantYSpace;\n\nright \u003d width * saveScale - width - (2 * redundantXSpace * saveScale);\n\nbottom \u003d height * saveScale - height - (2 * redundantYSpace * saveScale); setImageMatrix(matrix);}\n\n}\nprivate Bitmap %1$sbit;\nprivate Bitmap %1$sbitmap;\nprivate float %1$sbitmapRatio;\nprivate int %1$swidth;\nprivate int %1$sheight;\nprivate int %1$smaxSize;\nprivate android.graphics.pdf.PdfDocument.PageInfo %1$smyPageInfo;\nprivate android.graphics.pdf.PdfDocument.Page %1$spage;\nprivate java.io.File %1$sFile;\n{"},{"name":"pdf reader blocks","palette":"26","spec":"pdf reader blocks | pdf بلوكات قراءة ","typeName":"","type":"h","code":"","color":"#FF00BFA5"},{"name":"FROM PATH","palette":"26","spec":"FROM PATH ? | من مسار ؟","type":"h","typeName":"","color":"#FF00BFA5","code":""},{"spec2":"if there is error then","typeName":"","color":"#FF00BFA5","name":"try get data","palette":"26","spec":"%m.PdfDocument get data from path %s","type":"e","code":"try {\n%1$sPR \u003d new android.graphics.pdf.PdfRenderer(new ParcelFileDescriptor(ParcelFileDescriptor.open(new java.io.File(%2$s), ParcelFileDescriptor.MODE_READ_ONLY)));\n%3$s\n} catch (Exception e){\n%4$s\n}"},{"name":"FROM ASSET","palette":"26","spec":"FROM ASSET ? |قراءة  من داخل تطبيقك","typeName":"","type":"h","code":"","color":"#FF00BFA5"},{"spec2":"if there is error then","typeName":"","color":"#FF00BFA5","name":"Try Display Pdf. .......","palette":"26","spec":"%m.PdfDocument get data from asset with path %s","type":"e","code":"%1$sFE \u003d new java.io.File(getCacheDir(), %2$s);\nif (!%1$sFE.exists()) {\ntry {\n%1$sasset \u003d getAssets().open(%2$s); \n%1$soutput \u003d null;\n%1$soutput \u003d new java.io.FileOutputStream(%1$sFE);\n%1$sbuffer \u003d new byte[1024];\nwhile ((%1$sPsize \u003d %1$sasset.read(%1$sbuffer)) !\u003d -1) {\n%1$soutput.write(%1$sbuffer, 0, %1$sPsize);\n}\n%1$sasset.close();\n%1$soutput.close();\n} catch (java.io.IOException e) {\n}\n}\r\ntry {\n\t%1$sPR \u003d new android.graphics.pdf.PdfRenderer(new ParcelFileDescriptor(ParcelFileDescriptor.open(new java.io.File(%1$sFE.getAbsolutePath()), ParcelFileDescriptor.MODE_READ_ONLY)));\n%3$s\n} catch (Exception e){\n\t %4$s\n}"},{"name":"starting blocks","palette":"26","spec":"starting reading blocks |  بلوكات بدء القراءة ","typeName":"","type":"h","code":"","color":"#FF00BFA5"},{"name":"set page ..","palette":"26","spec":"%m.PdfDocument show page %d","typeName":"","type":" ","code":"%1$sRpage \u003d %1$sPR.openPage((int)%2$s);\n\n%1$smBitmap \u003d Bitmap.createBitmap((int)getDip(%1$sRpage.getWidth()), (int)getDip(%1$sRpage.getHeight()), Bitmap.Config.ARGB_8888);\n\n%1$sRpage.render(%1$smBitmap, null, null, android.graphics.pdf.PdfRenderer.Page.RENDER_MODE_FOR_DISPLAY);\n\n%1$stouch.setImageBitmap(%1$smBitmap);\n\n%1$sRpage.close();","color":"#FF00BFA5"},{"name":"show in ?","palette":"26","spec":"%m.PdfDocument show pdf in %m.view in %m.activity","typeName":"","type":" ","code":"%1$stouch \u003d new\nZoomableImageView(%3$s.this);\n%2$s.addView(%1$stouch);","color":"#FF00BFA5"},{"name":"Get Total Pages....","palette":"26","spec":"%m.PdfDocument get total pdf file pages","type":"d","typeName":"","color":"#FF00BFA5","code":"%1$sPR.getPageCount()"},{"name":"extra blocks","palette":"26","spec":"%m.imageview set image as %m.PdfDocument page %d","type":" ","typeName":"","color":"#FF00BFA5","code":"%2$sRpage \u003d %2$sPR.openPage((int)%3$s);\n\n%2$smBitmap \u003d Bitmap.createBitmap((int)getDip(%2$sRpage.getWidth()), (int)getDip(%2$sRpage.getHeight()), Bitmap.Config.ARGB_8888);\n\n%2$sRpage.render(%2$smBitmap, null, null, android.graphics.pdf.PdfRenderer.Page.RENDER_MODE_FOR_DISPLAY);\n\n%1$s.setImageBitmap(%2$smBitmap);\n\n%2$sRpage.close();"},{"name":"pdf creator","palette":"26","spec":"pdf creator blocks | pdf بلوكات صناعة","typeName":"","type":"h","code":"","color":"#FF00BFA5"},{"name":"create new pdf creator..","palette":"26","spec":"%m.PdfDocument create new one","type":" ","typeName":"","color":"#FF00BFA5","code":"%1$s \u003d new android.graphics.pdf.PdfDocument();"},{"name":"AddPage....","palette":"26","spec":"add page to %m.PdfDocument from image path %s","typeName":"","type":" ","code":"%1$sbit \u003d BitmapFactory.decodeFile(%2$s);\r\n\t%1$swidth \u003d %1$sbit.getWidth();\n\t%1$sheight \u003d %1$sbit.getHeight();\n\t%1$smaxSize \u003d 1100;\n\t%1$sbitmapRatio \u003d (float)%1$swidth / (float)%1$sheight;\r\n\tif (%1$sbitmapRatio \u003e 1) {\n\t\t%1$swidth \u003d %1$smaxSize;\n\t\t%1$sheight \u003d (int)(%1$swidth / %1$sbitmapRatio);\n\t} else {\n\t\t%1$sheight \u003d %1$smaxSize;\n%1$swidth \u003d (int)(%1$sheight * %1$sbitmapRatio);\n\t}\r\n\t%1$sbitmap \u003d Bitmap.createScaledBitmap(%1$sbit, %1$swidth, %1$sheight, true);\r\n\t%1$smyPageInfo \u003d new android.graphics.pdf.PdfDocument.PageInfo.Builder(%1$sbitmap.getWidth(),%1$sbitmap.getHeight(),1).create();\r\n\t%1$spage \u003d %1$s.startPage(%1$smyPageInfo);\r\n\t%1$spage.getCanvas().drawBitmap(%1$sbitmap,0,0, null);\n\t%1$s.finishPage(%1$spage);","color":"#FF00BFA5"},{"name":"SavePdf....","palette":"26","spec":"%m.PdfDocument save to path %s","typeName":"","type":" ","code":"%1$sFile \u003d new java.io.File(%2$s);\r\ntry {\n\t%1$s.writeTo(new java.io.FileOutputStream(%1$sFile));\n} catch (java.io.IOException e) {\r\n}\n%1$s.close();","color":"#FF00BFA5"},{"name":"removePage","palette":"26","spec":"remove page %d from pdf file path %s","typeName":"","type":" ","code":"try {\nnew android.graphics.pdf.PdfDocument(new android.graphics.pdf.PdfReader(%2$s)).removePage(%1$s).writeTo(new java.io.FileOutputStream(new java.io.File(%2$s))).close();\n} catch(java.io.IOException) {\n}","color":"#FF00BFA5"}]