[{"name":"CREATED BY \u0026 TOOK SOME CODES FROM","palette":"45","spec":"CREATED BY ARAB WARE CHANN THANKS TO SKETCHWARE ARABI CHANNEL FOR SOME HELP","typeName":"","type":"h","code":"","color":"#FF7B1FA2"},{"name":"putMeAtMoreBlock","palette":"45","spec":"%m.PdfDocument put me at more block","type":" ","typeName":"","color":"#FF7B1FA2","code":"}\nprivate Bitmap %1$sbit;\nprivate Bitmap %1$sbitmap;\nprivate float %1$sbitmapRatio;\nprivate int %1$swidth;\nprivate int %1$sheight;\nprivate int %1$smaxSize;\nprivate android.graphics.pdf.PdfDocument.PageInfo %1$smyPageInfo;\nprivate android.graphics.pdf.PdfDocument.Page %1$spage;\nprivate java.io.File %1$sFile;\n{"},{"name":"create new pdf creator","palette":"45","spec":"%m.PdfDocument create new one","type":" ","typeName":"","color":"#FF7B1FA2","code":"%1$s \u003d new android.graphics.pdf.PdfDocument();"},{"name":"AddPage","palette":"45","spec":"add page to %m.PdfDocument from image path %s","typeName":"","type":" ","code":"%1$sbit \u003d BitmapFactory.decodeFile(%2$s);\r\n\t%1$swidth \u003d %1$sbit.getWidth();\n\t%1$sheight \u003d %1$sbit.getHeight();\n\t%1$smaxSize \u003d 1100;\n\t%1$sbitmapRatio \u003d (float)%1$swidth / (float)%1$sheight;\r\n\tif (%1$sbitmapRatio \u003e 1) {\n\t\t%1$swidth \u003d %1$smaxSize;\n\t\t%1$sheight \u003d (int)(%1$swidth / %1$sbitmapRatio);\n\t} else {\n\t\t%1$sheight \u003d %1$smaxSize;\n%1$swidth \u003d (int)(%1$sheight * %1$sbitmapRatio);\n\t}\r\n\t%1$sbitmap \u003d Bitmap.createScaledBitmap(%1$sbit, %1$swidth, %1$sheight, true);\r\n\t%1$smyPageInfo \u003d new android.graphics.pdf.PdfDocument.PageInfo.Builder(%1$sbitmap.getWidth(),%1$sbitmap.getHeight(),1).create();\r\n\t%1$spage \u003d %1$s.startPage(%1$smyPageInfo);\r\n\t%1$spage.getCanvas().drawBitmap(%1$sbitmap,0,0, null);\n\t%1$s.finishPage(%1$spage);","color":"#FF7B1FA2"},{"name":"SavePdf","palette":"45","spec":"%m.PdfDocument save to path %s","typeName":"","type":" ","code":"%1$sFile \u003d new java.io.File(%2$s);\r\ntry {\n\t%1$s.writeTo(new java.io.FileOutputStream(%1$sFile));\n} catch (java.io.IOException e) {\r\n}\n%1$s.close();","color":"#FF7B1FA2"}]