[{"code":"","color":"#FF000000","name":"put it onCreat","typeName":"","palette":"299","type":"h","spec":"put it onCreate"},{"code":"/*-JX4UA2y_f1OckjjvxWI.bQwRei-sLEsBmds7ArsRfi0xSFEP3Php97kjdMCs5ed\n\u003e[\"public class MainActivity extends AppCompatActivity {\"]\n\u003e0\n\u003e0\n\u003e0\n\u003einsert\nimport androidx.core.content.ContextCompat;\r\nimport androidx.core.app.ActivityCompat;\r\nimport android.content.pm.PackageManager;\r\nimport android.Manifest;\r\nimport static android.Manifest.permission.READ_EXTERNAL_STORAGE;\r\nimport static android.Manifest.permission.WRITE_EXTERNAL_STORAGE;\r\nimport static android.os.Build.VERSION.SDK_INT;\r\nimport android.provider.Settings;\r\n\nBpWI8U4flOpx8Ke66QTlZYBA_NEusQ7BN-D0wvZs7ArsRfi0.EP3Php97kjdMCs*/","color":"#FF673AB7","name":"import","typeName":"","palette":"299","type":" ","spec":"import classes for permission"},{"code":"/*-JX4UA2y_f1OckjjvxWI.bQwRei-sLEsBmds7ArsRfi0xSFEP3Php97kjdMCs5ed\n\u003e[\"public class MainActivity extends AppCompatActivity {\"]\n\u003e0\n\u003e0\n\u003e0\n\u003eadd\nprivate int STORAGE_PERMISSION_CODE \u003d 1;\nfinal static int conn \u003d 333;\nBpWI8U4flOpx8Ke66QTlZYBA_NEusQ7BN-D0wvZs7ArsRfi0.EP3Php97kjdMCs*/\n\n/* If the Permission is already granted, skip the page */\r\n\t\tif (checkSelfPermission(Manifest.permission.READ_EXTERNAL_STORAGE) \u003d\u003d PackageManager.PERMISSION_DENIED\r\n\t\t\t\t\t||checkSelfPermission(Manifest.permission.WRITE_EXTERNAL_STORAGE) \u003d\u003d PackageManager.PERMISSION_DENIED) {\n\t\t\t//permission allow nahi hai automatically detect\n              %2$s\n\t\t\n\t\t} else {\n\t\t\t//permission is already granted, go away\r\n     %1$s\n\n\t\t}","color":"#FF673AB7","name":"PermissionIsAlready","typeName":"","palette":"299","type":"e","spec":"Permission is already","spec2":"Permission not yet"},{"code":"","color":"#FF000000","name":"onActivityResult","typeName":"","palette":"299","type":"h","spec":"put it onActivityResult"},{"code":"if (_requestCode\u003d\u003d 2000){\r\n            if (SDK_INT \u003e\u003d Build.VERSION_CODES.R){\r\n                if (Environment.isExternalStorageManager()) {\r\n                    //messeges show PERMISSION_GRANTED\n                        %1$s\r\n                    //move to next activity\r\n                }else {\r\n                    %2$s\r\n                }\r\n            }\r\n        }\r","color":"#FF673AB7","name":"show massege PERMISSION GRANTED","typeName":"","palette":"299","type":"e","spec":" show massege PERMISSION GRANTED","spec2":""},{"code":"","color":"#FF000000","name":"moreblock","typeName":"","palette":"299","type":"h","spec":"put it moreblock"},{"code":"}\n\n //add1\r\n\t    @Override\r\n\t    public void onRequestPermissionsResult(int requestCode, @NonNull String[] permissions, @NonNull int[] grantResults) {\r\n\t\t        super.onRequestPermissionsResult(requestCode, permissions, grantResults);\r\n\t\t       switch (requestCode){\r\n\t\t\t           case conn:\r\n\t\t\t           if (grantResults.length\u003e0){\r\n\t\t\t\t               boolean storage \u003d grantResults[0] \u003d\u003d PackageManager.PERMISSION_GRANTED;\r\n\t\t\t\t               boolean read \u003d grantResults[1] \u003d\u003d PackageManager.PERMISSION_GRANTED;\r\n\t\t\t\t               if (storage \u0026\u0026 read) {\r\n\t\t\t\t\t                   //next activity\r\n\t\t\t\t\t              \n\t\t\t\t\t\r\n\t\t\t\t\t               \r%2$s\n\t\t\t\t\t\n\t\t\t\t}else {\r\n\t\t\t\t\t                   //show massege no permission not allow nahi huaa\r\n\t\t\t\t                  \t%3$s\n\t\t\t\t}\r\n\t\t\t\t               }\r\n\t\t\t           break;\r\n\t\t\t           }\r\n\t\t/*\r\n           //fff\r\n        if (requestCode \u003d\u003d STORAGE_PERMISSION_CODE){\r\n            if (grantResults.length \u003e 0 \u0026\u0026 grantResults[0] \u003d\u003d PackageManager.PERMISSION_GRANTED) {\r\n                Toast.makeText(MainActivity.this, \"Permission GRANTED\", Toast.LENGTH_LONG).show();\r\n            }else {\r\n                Toast.makeText(MainActivity.this,\"Permission DENIED\",Toast.LENGTH_LONG).show();\r\n            }\r\n        } \r\n        //ffffff   \n*/\r\n\t\t    }\n\n\n\n    //add3\r\n    public void RequestPermission() {\n    \r\n        if (SDK_INT \u003e\u003d Build.VERSION_CODES.R) {\r\n            try {\r\n                Intent intent \u003d new Intent(Settings.ACTION_MANAGE_ALL_FILES_ACCESS_PERMISSION);\r\n                intent.addCategory(\"android.intent.category.DEFAULT\");\r\n                intent.setData(Uri.parse(String.format(\"package:%%s\", new Object[]{getApplicationContext().getPackageName()})));\r\n                startActivityForResult(intent, 2000);\r\n            }catch (Exception e){\r\n                Intent obj \u003d new Intent();\r\n                obj.setAction(Settings.ACTION_MANAGE_ALL_FILES_ACCESS_PERMISSION);\r\n                startActivityForResult(obj,2000);\r\n\r\n            }\r\n\r\n        }else{\r\n            ActivityCompat.requestPermissions(%1$s.this,new String[]{WRITE_EXTERNAL_STORAGE, READ_EXTERNAL_STORAGE},conn);\r\n        }\r\n\r\n    }\r\n\r\n    //add4\r\n    public  boolean Checkpermisson(){\r\nif(SDK_INT \u003e\u003d Build.VERSION_CODES.R ){\r\nreturn Environment.isExternalStorageManager();\r\n}else{\r\n\r\n    int write \u003d ContextCompat.checkSelfPermission(getApplicationContext(),WRITE_EXTERNAL_STORAGE);\r\n    int read \u003d ContextCompat.checkSelfPermission(getApplicationContext(),READ_EXTERNAL_STORAGE);\r\n\r\n    return write \u003d\u003d PackageManager.PERMISSION_GRANTED\r\n            \u0026\u0026 read \u003d\u003d PackageManager.PERMISSION_GRANTED;\r\n}\r\n\t\t\n\t\t}\n\t\n{","color":"#FF673AB7","name":"more block permission","typeName":"","palette":"299","type":"e","spec":"if access is allowed %m.activity ","spec2":"if access isn\u0027t allowed"},{"code":"","color":"#FF000000","name":"request","typeName":"","palette":"299","type":"h","spec":"..........................................."},{"code":"RequestPermission();","color":"#FF673AB7","name":"RequestPermission","typeName":"","palette":"299","type":" ","spec":"RequestPermission"}]