[{"code":"","color":"#FF1E88E5","name":"Added By ArabWare Team","typeName":"","palette":"52","type":"h","spec":"Added By ArabWare Team!! By Jawad Al Kharrati"},{"code":"%1$s.setText(Build.TYPE);","color":"#FF1E88E5","name":"Set text 1","typeName":"","palette":"52","type":" ","spec":"set %m.textview as build type"},{"code":"%1$s.setText(Build.TAGS);","color":"#FF1E88E5","name":"set text 2","typeName":"","palette":"52","type":" ","spec":"set %m.textview as  build tags"},{"code":"%1$s.setText(Build.USER);","color":"#FF1E88E5","name":"Set text 3","typeName":"","palette":"52","type":" ","spec":"set %m.textview as  build user"},{"code":"%1$s.setText(Build.UNKNOWN);","color":"#FF1E88E5","name":"Set text 4","typeName":"","palette":"52","type":" ","spec":"set %m.textview as build Unknown"},{"code":"%1$s.setText(Build.ID);","color":"#FF1E88E5","name":"Set text 5","typeName":"","palette":"52","type":" ","spec":"set %m.textview as build ID"},{"code":"%1$s.setText(Build.PRODUCT);","color":"#FF1E88E5","name":"Set text 6","typeName":"","palette":"52","type":" ","spec":"set %m.textview as build product"},{"code":"%1$s.setText(Build.DISPLAY);","color":"#FF1E88E5","name":"Set text 7","typeName":"","palette":"52","type":" ","spec":"set %m.textview as build display"},{"code":"%1$s.setText(Build.FINGERPRINT);","color":"#FF1E88E5","name":"Set text 8","typeName":"","palette":"52","type":" ","spec":"set %m.textview as build fingerprint"},{"code":" %1$s.setText(Build.CPU_ABI);","color":"#FF1E88E5","name":"Set text 9","typeName":"","palette":"52","type":" ","spec":"set %m.textview as build CPU ABI"},{"code":" %1$s.setText(Build.HOST);","color":"#FF1E88E5","name":"Set text 10","typeName":"","palette":"52","type":" ","spec":"set %m.textview as build Host"},{"code":"%1$s.setText(Build.HARDWARE);","color":"#FF1E88E5","name":"Set text 11","typeName":"","palette":"52","type":" ","spec":"set %m.textview as build HardWare"},{"code":"%1$s.setText(Build.SERIAL);","color":"#FF1E88E5","name":"Set text 12","typeName":"","palette":"52","type":" ","spec":"set %m.textview as build  Serial"},{"code":"%1$s.setText(Build.RADIO);","color":"#FF1E88E5","name":"Set text 13","typeName":"","palette":"52","type":" ","spec":"set %m.textview as build Radio "},{"code":" %1$s.setText(Build.BOOTLOADER);","color":"#FF1E88E5","name":"Set text 14","typeName":"","palette":"52","type":" ","spec":"set %m.textview as build BootLoader"},{"code":"%1$s.setText(Build.BOARD);","color":"#FF1E88E5","name":"Set text 15","typeName":"","palette":"52","type":" ","spec":"set %m.textview as build Board "},{"code":"%1$s.setText(Build.VERSION.SECURITY_PATCH);","color":"#FF1E88E5","name":"Set text 16","typeName":"","palette":"52","type":" ","spec":"set %m.textview as build  Security Patch"},{"code":"%1$s.setText(Build.BRAND);","color":"#FF1E88E5","name":"Set text 17","typeName":"","palette":"52","type":" ","spec":"set %m.textview as build Brand"},{"code":"%1$s.setText(Build.VERSION.SDK);","color":"#FF1E88E5","name":"Set text 18","typeName":"","palette":"52","type":" ","spec":"set %m.textview as build version sdk"},{"code":"%1$s.setText(Build.MANUFACTURER.concat(\" \".concat(Build.MODEL)));","color":"#FF1E88E5","name":"Set text 19","typeName":"","palette":"52","type":" ","spec":"set %m.textview as build model"},{"code":"%1$s.setText(Build.VERSION.RELEASE);","color":"#FF1E88E5","name":"Set text 20","typeName":"","palette":"52","type":" ","spec":"set %m.textview as build release"},{"code":"%1$s.setText(Locale.getDefault().getDisplayLanguage());","color":"#FF1E88E5","name":"Set text 21","typeName":"","palette":"52","type":" ","spec":"set %m.textview as device language"},{"code":"Build.TYPE","color":"#FF1E88E5","name":"1","typeName":"","palette":"52","type":"s","spec":"get build type"},{"code":"Build.TAGS","color":"#FF1E88E5","name":"2","typeName":"","palette":"52","type":"s","spec":"get build tags"},{"code":"Build.USER","color":"#FF1E88E5","name":"3","typeName":"","palette":"52","type":"s","spec":"get build user"},{"code":"Build.UNKNOWN","color":"#FF1E88E5","name":"4","typeName":"","palette":"52","type":"s","spec":"get build Unknown"},{"code":"Build.ID","color":"#FF1E88E5","name":"5","typeName":"","palette":"52","type":"s","spec":"get build id"},{"code":"Build.PRODUCT","color":"#FF1E88E5","name":"6","typeName":"","palette":"52","type":"s","spec":"get build product"},{"code":"Build.DISPLAY","color":"#FF1E88E5","name":"7","typeName":"","palette":"52","type":"s","spec":"get build display"},{"code":"Build.FINGERPRINT","color":"#FF1E88E5","name":"8","typeName":"","palette":"52","type":"s","spec":"get build fimgerprint"},{"code":"Build.CPU_ABI","color":"#FF1E88E5","name":"9","typeName":"","palette":"52","type":"s","spec":"get build CPU ABI"},{"code":"Build.HOST","color":"#FF1E88E5","name":"10","typeName":"","palette":"52","type":"s","spec":"get build host"},{"code":"Build.HARDWARE","color":"#FF1E88E5","name":"11","typeName":"","palette":"52","type":"s","spec":"get build hardware"},{"code":"Build.SERIAL","color":"#FF1E88E5","name":"12","typeName":"","palette":"52","type":"s","spec":"get  build serial"},{"code":"Build.RADIO","color":"#FF1E88E5","name":"13","typeName":"","palette":"52","type":"s","spec":"get build radio"},{"code":"Build.BOOTLOADER","color":"#FF1E88E5","name":"14","typeName":"","palette":"52","type":"s","spec":"get build  bootloader"},{"code":"Build.BOARD","color":"#FF1E88E5","name":"15","typeName":"","palette":"52","type":"s","spec":"get build board"},{"code":"Build.VERSION.SECURITY_PATCH","color":"#FF1E88E5","name":"16","typeName":"","palette":"52","type":"s","spec":"get build security patch"},{"code":"Build.BRAND","color":"#FF1E88E5","name":"17","typeName":"","palette":"52","type":"s","spec":"get build brand"},{"code":"Build.VERSION.SDK","color":"#FF1E88E5","name":"18","typeName":"","palette":"52","type":"s","spec":"get build sdk"},{"code":"Build.MANUFACTURER.concat(\" \".concat(Build.MODEL))","color":"#FF1E88E5","name":"19","typeName":"","palette":"52","type":"s","spec":"get build model"},{"code":"Build.VERSION.RELEASE","color":"#FF1E88E5","name":"20","typeName":"","palette":"52","type":"s","spec":"get build release"},{"code":"Locale.getDefault().getDisplayLanguage()","color":"#FF1E88E5","name":"21","typeName":"","palette":"52","type":"s","spec":"get device language"}]