[{"code":"","color":"#FFFFA2D5","name":"made by Rayan Mark","typeName":"","palette":"147","type":"h","spec":"Made by Rayan Mark"},{"code":"com.squareup.picasso.Picasso.with(getApplicationContext()).load(%1$s).into(%2$s);","color":"#FFFFA2D5","name":"GetImageFromURL","typeName":"","palette":"147","type":" ","spec":"Picasso LoadImage %s  Into %m.imageview "},{"code":"Picasso.with(getApplicationContext()).load(%1$s).fetch();","color":"#FFFFA2D5","name":"FetchCachedImage","typeName":"","palette":"147","type":" ","spec":" Picasso fetch CachedImage %s "},{"code":"Picasso.with(getApplicationContext()).load(%1$s).networkPolicy(NetworkPolicy.OFFLINE) .into(%2$s);","color":"#FFFFA2D5","name":"getImageOfflineMode","typeName":"","palette":"147","type":" ","spec":"Picasso LoadImage %s  Offline Mode %m.imageview "},{"code":"Picasso.with(getApplicationContext()).invalidate(%1$s);","color":"#FFFFA2D5","name":"DeleteCachedImage","typeName":"","palette":"147","type":" ","spec":"Picasso Delete Cached Image %s "},{"code":"Picasso.with(getApplicationContext()).cancelRequest(%1$s);","color":"#FFFFA2D5","name":"Cancel Request Image","typeName":"","palette":"147","type":" ","spec":"Picasso Cancel Request Image %s "},{"code":"Picasso.with(getApplicationContext()).load(R.drawable.%1$s).into(%2$s);","color":"#FFFFA2D5","name":"Picasso GetLocalImage ","typeName":"","palette":"147","type":" ","spec":"Picasso Load Local Image %m.resource Into %m.imageview "},{"code":"","color":"#FFFFA2D5","name":"Header","typeName":"","palette":"147","type":"h","spec":"Load Image By Tag"},{"code":"Picasso.with(getApplicationContext()).load(R.drawable.%1$s).tag(\"%2$s\").into(%3$s);","color":"#FFFFA2D5","name":"LoadImageByTag","typeName":"","palette":"147","type":" ","spec":"Picasso Load Local Image %m.resource   By Tag %s Into %m.imageview  "},{"code":"Object %1$s \u003d (Object)(\"%2$s\");\nPicasso.get().cancelTag(%1$s);","color":"#FFFFA2D5","name":"CancellLoadByTag","typeName":"","palette":"147","type":" ","spec":"Picasso Cancel Load TagName %s  TagName From First Block %s "},{"code":"","color":"#FFFFA2D5","name":"End of Tag","typeName":"","palette":"147","type":"h","spec":"End of Tag Blocks"},{"code":"RequestCreator %1$s \u003d Picasso.with(getApplicationContext()).load(%2$s);\n        %1$s.resize(%3$s,%4$s).%5$s().into(%6$s);","color":"#FFFFA2D5","name":"Request Resize Image","typeName":"","palette":"147","type":" ","spec":"Picasso Request Crop Name %s.inputOnly Load ImageURL %s  Resize %d , %d  ScaleType %m.Scale Into %m.imageview "},{"code":"RequestCreator %1$s \u003d Picasso.with(getApplicationContext()).load(%2$s);\n        %1$s.rotate(%3$s).placeholder(R.drawable.%4$s) .into(%5$s);","color":"#FFFFA2D5","name":"Rotate Image","typeName":"","palette":"147","type":" ","spec":"Picasso Request Name %s.inputOnly  LoadImage %s  Rotate %d  PlaceHolder %m.resource Into %m.imageview "},{"code":"RequestCreator %1$s \u003d Picasso.with(getApplicationContext()).load(%2$s);\n        %1$s.error(R.drawable.%3$s).into(%4$s);","color":"#FFFFA2D5","name":"Request Error","typeName":"","palette":"147","type":" ","spec":"Picasso Request Name %s.inputOnly  LoadImage %s  OnError SetImage %m.resource Into %m.imageview "},{"code":"Picasso.with(getApplicationContext()).load(%1$s).placeholder(R.drawable.%2$s).error(R.drawable.%3$s).into(%4$s);","color":"#FFFFA2D5","name":"Extra Block","typeName":"","palette":"147","type":" ","spec":"Picasso Load Image %s  Loading PlaceHolder %m.resource Error Placeholder %m.resource Into %m.imageview "}]