[{"code":"%1s \u003d PopField.attach2Window(this);","color":"#FF66BB6A","name":"initialize PopView","typeName":"","palette":"130","type":" ","spec":"%m.PopField initialize"},{"code":"LayoutInflater layoutInflater \u003d (LayoutInflater) getApplicationContext().getSystemService(Context.LAYOUT_INFLATER_SERVICE);\nfinal View addView \u003d layoutInflater.inflate(R.layout.%1s, null);","color":"#FF66BB6A","name":"PopView inflateLayout","typeName":"","palette":"130","type":" ","spec":"inflate to CustomLayout %s.inputOnly "},{"code":"%s","color":"#FF66BB6A","name":"PopView defineAllView","typeName":"","palette":"130","type":"c","spec":"define allView"},{"code":"%s","color":"#FF66BB6A","name":"PopView Logic","typeName":"","palette":"130","type":"c","spec":"Logic"},{"code":"%1s.popView(%2s);","color":"#FF66BB6A","name":"PopView singlePop","typeName":"","palette":"130","type":" ","spec":"%m.PopField popView %m.view"},{"code":"%1s.popView(%2s, addView);","color":"#FF66BB6A","name":"PopView replace W/O anim","typeName":"","palette":"130","type":" ","spec":"%m.PopField popView %m.view w/o anim"},{"code":"%1s.popView(%2s, addView, true);","color":"#FF66BB6A","name":"PopView replace W/ anim","typeName":"","palette":"130","type":" ","spec":"%m.PopField popView %m.view w/ anim"}]