[{"code":"%s \u003d new PopupMenu(getApplicationContext(), %s);","name":"createNewPopupMenu","palette":"14","type":" ","spec":"%m.PopupMenu Create Popup Menu To %m.view"},{"code":"%s.getMenu().add(%s);","name":"createNewMenuPopupMenu","palette":"14","type":" ","spec":"%m.PopupMenu Create New Menu %s"},{"code":"%s.getMenu().addSubMenu(%s);","name":"createNewSubMenuPopupMenu","palette":"14","type":" ","spec":"%m.PopupMenu Create New SubMenu %s"},{"code":"%s.getMenu().getItem(%s).setIcon(R.drawable.%s);","name":"setIconMenuPopupMenu","palette":"14","type":" ","spec":"%m.PopupMenu Get Menu Position %d Set Icon %m.resource_bg"},{"code":"menuItem.getTitle().toString()","name":"getTitleMenuItem","palette":"14","type":"s","spec":"%m.PopupMenu Get Title Menu"},{"code":"%s.setOnMenuItemClickListener(new PopupMenu.OnMenuItemClickListener(){\n@Override\npublic boolean onMenuItemClick(MenuItem menuItem){\n%s\nreturn true;\n}\n});","name":"setOnMenuClickListener","palette":"14","type":"c","spec":"%m.PopupMenu setOnMenuItemClickListener"},{"code":"%s.show();","name":"showPopupMenu","palette":"14","type":" ","spec":"%m.PopupMenu show"}]