[{"code":"","color":"#FF2196F3","name":"Arab Ware","typeName":"","palette":"11","type":"h","spec":"Created By Arab Ware Channel"},{"code":"","color":"#FF2196F3","name":"Something Needs Storage permission or another","typeName":"","palette":"11","type":"h","spec":"some blocks Need Storage permission or another"},{"code":"AsyncTask.execute(new Runnable() {\n   @Override\n   public void run() {\n%s\n   }\n});","color":"#FF2196F3","name":"background work","typeName":"","palette":"11","type":"c","spec":"make below working on background"},{"code":"%1$s \u003d new MediaPlayer();\n\n%1$s.setAudioStreamType(3);\n\ntry {\n%1$s.setDataSource(\"%2$s\");\n\n}catch (IllegalArgumentException e) {\n\n%3$s\n\n} catch (SecurityException e2) { \n\n%3$s\n}\n\ncatch (IllegalStateException e3) { \n\n%3$s\n}\n\ncatch (java.io.IOException e4)\n{\ne4.printStackTrace();\n}\n\n\ntry\n{\n%1$s.prepare();\n%4$s\n}\ncatch (IllegalStateException e5)\n{\n%3$s\n}\ncatch (java.io.IOException e6)\n{ \n%3$s\n}","color":"#FF2196F3","typeName":"","name":"Play music online","palette":"11","type":"e","spec":"try to play music with id %m.mediaplayer  from link %s.inputOnly if got error then","spec2":"else"},{"code":"try{\nint count;\njava.io.InputStream input\u003d this.getAssets().open(%s);\njava.io.OutputStream output \u003d new  java.io.FileOutputStream(%s+%s);\nbyte data[] \u003d new byte[1024];\nwhile ((count \u003d input.read(data))\u003e0) {\noutput.write(data, 0, count);\n}\noutput.flush();\noutput.close();\ninput.close();\n\n\t}catch(Exception e){\n\t\t\r\n\t}","color":"#FF2196F3","name":"assets save","typeName":"","palette":"11","type":" ","spec":"save file from assets that has name  %s into path %s with name %s"},{"code":"Intent intent \u003d new Intent(Intent.ACTION_SENDTO); intent.setData(Uri.parse(\"mailto:\")); intent.putExtra(Intent.EXTRA_EMAIL , new String[] { %s }); intent.putExtra(Intent.EXTRA_SUBJECT, %s); startActivity(Intent.createChooser(intent, \"Email via...\"));","color":"#FF2196F3","name":"send email","typeName":"","palette":"11","type":" ","spec":"send message from user to your gmali %s  with message %s "},{"code":"getApplicationContext().getPackageName()","color":"#FF2196F3","name":"packagename","typeName":"","palette":"11","type":"s","spec":"get package name of this app"},{"code":"android.hardware.camera2.CameraManager cameraManager \u003d (android.hardware.camera2.CameraManager) getSystemService(Context.CAMERA_SERVICE);\ntry {\nString cameraId \u003d cameraManager.getCameraIdList()[0]; cameraManager.setTorchMode(cameraId, true); } catch (android.hardware.camera2.CameraAccessException e) { }","color":"#FF2196F3","name":"Flashlight On","typeName":"","palette":"11","type":" ","spec":"Flashlight On"},{"code":"android.hardware.camera2.CameraManager cameraManager \u003d (android.hardware.camera2.CameraManager) getSystemService(Context.CAMERA_SERVICE);\ntry {\nString cameraId \u003d cameraManager.getCameraIdList()[0]; cameraManager.setTorchMode(cameraId, false); } catch (android.hardware.camera2.CameraAccessException e) { }","name":"Flashlight Off","palette":"11","type":" ","spec":"Flashlight Off"},{"code":"Intent launchIntent \u003d getPackageManager().getLaunchIntentForPackage(%s);  { startActivity(launchIntent);}","color":"#FF2196F3","name":"open app","typeName":"","palette":"11","type":" ","spec":"open app with package name %s "},{"code":"Uri packageURI \u003d Uri.parse(\"package:\".concat(%s)); Intent uninstallIntent \u003d new Intent(Intent.ACTION_DELETE, packageURI); startActivity(uninstallIntent);","color":"#FF2196F3","name":"uninstall app","typeName":"","palette":"11","type":" ","spec":"uninstall app with package name %s "},{"code":"Intent intent \u003d new Intent(\"android.intent.action.MAIN\");\nintent.setClassName(\"%1$s\",\"%2$s\");\nthis.startActivity(intent);","color":"#FF2196F3","name":"open class in app","typeName":"","palette":"11","type":" ","spec":"open class with name %s.inputOnly in app with package name %s.inputOnly "},{"code":"setRequestedOrientation(android.content.pm.ActivityInfo.SCREEN_ORIENTATION_LANDSCAPE);","color":"#FF2196F3","name":"one","typeName":"","palette":"11","type":" ","spec":"Landscape Orientation"},{"code":"setRequestedOrientation(android.content.pm.ActivityInfo.SCREEN_ORIENTATION_PORTRAIT);","color":"#FF2196F3","name":"two","typeName":"","palette":"11","type":" ","spec":"Portrait Orientation"},{"code":"%s.performClick(); ","color":"#FF2196F3","name":"Click","typeName":"","palette":"11","type":" ","spec":"click %m.view"},{"code":"getWindow().addFlags(WindowManager.LayoutParams.FLAG_KEEP_SCREEN_ON);","color":"#FF2196F3","name":"screen on","typeName":"","palette":"11","type":" ","spec":"Keep device screen on"},{"code":"getWindow().clearFlags(WindowManager.LayoutParams.FLAG_KEEP_SCREEN_ON);","color":"#FF2196F3","name":"screen of","typeName":"","palette":"11","type":" ","spec":"Keep device screen off"},{"code":"Intent %2$s \u003d new Intent(MediaStore.ACTION_VIDEO_CAPTURE);\n\nif (%2$s.resolveActivity(getPackageManager()) !\u003d null) {startActivityForResult(%2$s, REQ_CD_%1$s);\n\n}","color":"#FF2196F3","name":"record video","typeName":"","palette":"11","type":" ","spec":"use %m.camera to record video with id %s.inputOnly "},{"code":"android.bluetooth.BluetoothAdapter adapter \u003d android.bluetooth.BluetoothAdapter.getDefaultAdapter();\nadapter.disable();","color":"#FF2196F3","name":"disable bluetooth","typeName":"","palette":"11","type":" ","spec":"Disable Bluetooth"},{"code":"getWindow().setFlags(WindowManager.LayoutParams.FLAG_SECURE, WindowManager.LayoutParams.FLAG_SECURE);","color":"#FF2196F3","name":"Block Screen Shots","typeName":"","palette":"11","type":" ","spec":"Blocks Screen Shots"},{"code":"this.getApplicationContext()","color":"#FF2196F3","name":"get application context","typeName":"","palette":"11","type":"s","spec":"get application context"}]