[{"code":"","color":"#FF4DD0E1","name":"Arab Ware Progress Dailog With ID","typeName":"","palette":"73","type":"h","spec":"Added by Arab Ware Channel"},{"code":"%s \u003d new ProgressDialog(%s.this);","color":"#FF00BCD4","name":"Arab Ware Progress Dialog 1","typeName":"","palette":"73","type":" ","spec":"Create progress dialog with ID %s.inputOnly in %m.activity"},{"code":"%1$s.setTitle(%2$s);","color":"#FF4DD0E1","name":"Arab Ware Progress Dialog 15","typeName":"","palette":"73","type":" ","spec":"%m.progressdialog set title %s"},{"code":"%s.setMessage(%s);","color":"#FF00BCD4","name":"Arab Ware Progress Dialog 2","typeName":"","palette":"73","type":" ","spec":" set progress dialog %s.inputOnly Message %s"},{"code":"%s.setIndeterminate((int)%s);","color":"#FF00BCD4","name":"Arab Ware Progress Dialog 3","typeName":"","palette":"73","type":" ","spec":" set progress dialog with ID %s.inputOnly  set Indeterminate %b"},{"code":"%s.setCancelable(%s);","color":"#FF00BCD4","name":"Arab Ware Progress Dialog 4","typeName":"","palette":"73","type":" ","spec":"set progress dialog with ID %s.inputOnly Cancelable %b"},{"code":"%s.setMax((int)%s);","color":"#FF00BCD4","name":"Arab Ware Progress Dialog 5","typeName":"","palette":"73","type":" ","spec":" set progress dialog with ID %s.inputOnly Max %d"},{"code":"%s.setProgress((int)%s);","color":"#FF00BCD4","name":"Arab Ware Progress Dialog 6","typeName":"","palette":"73","type":" ","spec":" set progress dialog with ID %s.inputOnly Progress %d"},{"code":"%s.getMax()","color":"#FF00BCD4","name":"Arab Ware Progress Dialog 7","typeName":"","palette":"73","type":"d","spec":"get Max of progress dialog with ID %s.inputOnly "},{"code":"%s.getProgress()","color":"#FF00BCD4","name":"Arab Ware Progress Dialog 8","typeName":"","palette":"73","type":"d","spec":"get Progress of progress dialog with ID %s.inputOnly "},{"code":"%1$s.setProgress((int)%1$s.getProgress() + %2$s);","color":"#FF00BCD4","name":"Arab Ware Progress Dialog 9","typeName":"","palette":"73","type":" ","spec":"increase progressdialog with ID %s.inputOnly + %d"},{"code":"%1$s.setMax((int)%1$s.getMax() - %2$s);","color":"#FF00BCD4","name":"Arab Ware Progress Dialog 10","typeName":"","palette":"73","type":" ","spec":"decrease progressdialog with ID %s.inputOnly  - %d"},{"code":"%s.isIndeterminate()","color":"#FF00BCD4","name":"Arab Ware Progress Dialog 11","typeName":"","palette":"73","type":"b","spec":" progress dialog with ID %s.inputOnly  is Indeterminate"},{"code":"%s.isShowing()","color":"#FF00BCD4","name":"Arab Ware Progress Dialog 12","typeName":"","palette":"73","type":"b","spec":" progress dialog with ID %s.inputOnly  is Showing"},{"code":"%s.show();","color":"#FF00BCD4","name":"Arab Ware Progress Dialog 13","typeName":"","palette":"73","type":" ","spec":"show progress dialog with ID %s.inputOnly "},{"code":"%s.dismiss();","color":"#FF00BCD4","name":"Arab Ware Progress Dialog 14","typeName":"","palette":"73","type":" ","spec":"dismiss progress dialog with ID %s.inputOnly "}]