[{"code":"%s \u003d new ProgressDialog(%s.this);","name":"ProgressDialog create","palette":"19","type":" ","spec":"ProgressDialog %m.ProgressDialog Create %m.activity"},{"code":"%s.setIndeterminate((int)%s);","name":"ProgressDialog setIndeterminate","palette":"19","type":" ","spec":"ProgressDialog %m.ProgressDialog setIndeterminate %b"},{"code":"%s.setMax((int)%s);","name":"ProgressDialog setMax","palette":"19","type":" ","spec":"ProgressDialog %m.ProgressDialog setMax %d"},{"code":"%s.setMessage(%s);","name":"ProgressDialog setMessage","palette":"19","type":" ","spec":"ProgressDialog %m.ProgressDialog setMessage %s"},{"code":"%s.setProgress((int)%s);","name":"ProgressDialog setProgress","palette":"19","type":" ","spec":"ProgressDialog %m.ProgressDialog setProgress %d"},{"code":"%s.setProgressStyle(ProgressDialog.%s);","name":"ProgressDialog setProgressStyle","palette":"19","type":" ","spec":"ProgressDialog %m.ProgressDialog setProgressStyle %s.inputOnly"},{"code":"%s.getMax()","name":"ProgressDialog getMax","palette":"19","type":"d","spec":"ProgressDialog %m.ProgressDialog getMax"},{"code":"%s.getProgress()","name":"ProgressDialog getProgress","palette":"19","type":"d","spec":"ProgressDialog %m.ProgressDialog getProgress"},{"code":"%s.incrementProgressBy((int)%s);","name":"ProgressDialog incrementProgressBy","palette":"19","type":" ","spec":"ProgressDialog %m.ProgressDialog incrementProgressBy %d"},{"code":"%s.isIndeterminate()","name":"ProgressDialog isIndeterminate","palette":"19","type":"b","spec":"ProgressDialog %m.ProgressDialog isIndeterminate"},{"code":"%s.isShowing()","name":"ProgressDialog isShowing","palette":"19","type":"b","spec":"ProgressDialog %m.ProgressDialog isShowing"},{"code":"%s.show();","name":"ProgressDialog show","palette":"19","type":" ","spec":"ProgressDialog %m.ProgressDialog show"},{"code":"%s.setCancelable(%s);","name":"ProgressDialog setCancelable","palette":"19","type":" ","spec":"ProgressDialog %m.ProgressDialog setCancelable %b"},{"code":"%s.dismiss();","name":"ProgressDialog dismiss","palette":"19","type":" ","spec":"ProgressDialog %m.ProgressDialog dismiss"},{"code":"%s","name":"blockTest","palette":"19","type":"h","spec":"blockTest"}]