[{"code":"","color":"#FFD81B60","name":"created by @Shemmy3  ","typeName":"","palette":"156","type":"h","spec":"@Shemmy3"},{"code":"%s.animate()%s;","color":"#FF80DEEA","name":"ViewPropertyAnimator_animate","typeName":"","palette":"156","type":"c","spec":"%m.view "},{"code":".start()","color":"#FF80DEEA","name":"ViewPropertyAnimator_start","typeName":"","palette":"156","type":" ","spec":"start"},{"code":".cancel()","color":"#FF80DEEA","name":"ViewPropertyAnimator_cancel","typeName":"","palette":"156","type":" ","spec":"cancel"},{"code":".xBy((float)%s)","color":"#FF80DEEA","name":"ViewPropertyAnimator_xBy","typeName":"","palette":"156","type":" ","spec":"x by %d"},{"code":".x((float)%s)","color":"#FF80DEEA","name":"ViewPropertyAnimator_x","typeName":"","palette":"156","type":" ","spec":"x to %d"},{"code":".yBy((float)%s)","color":"#FF80DEEA","name":"ViewPropertyAnimator_yBy","typeName":"","palette":"156","type":" ","spec":"y by %d"},{"code":".y((float)%s)","color":"#FF80DEEA","name":"ViewPropertyAnimator_y","typeName":"","palette":"156","type":" ","spec":"y to %d"},{"code":".zBy((float)%s)","color":"#FF80DEEA","name":"ViewPropertyAnimator_zBy","typeName":"","palette":"156","type":" ","spec":"z by %d"},{"code":".z((float)%s)","color":"#FF80DEEA","name":"ViewPropertyAnimator_z","typeName":"","palette":"156","type":" ","spec":"z to %d"},{"code":".translationXBy((float)%s)","color":"#FF80DEEA","name":"ViewPropertyAnimator_translationXBy","typeName":"","palette":"156","type":" ","spec":"translation X by %d"},{"code":".translationX((float)%s)","color":"#FF80DEEA","name":"ViewPropertyAnimator_translationX","typeName":"","palette":"156","type":" ","spec":"translation X to %d"},{"code":".translationYBy((float)%s)","color":"#FF80DEEA","name":"ViewPropertyAnimator_translationYBy","typeName":"","palette":"156","type":" ","spec":"translation Y by %d"},{"code":".translationY((float)%s)","color":"#FF80DEEA","name":"ViewPropertyAnimator_translationY","typeName":"","palette":"156","type":" ","spec":"translation Y to %d"},{"code":".translationZBy((float)%s)","color":"#FF80DEEA","name":"ViewPropertyAnimator_translationZBy","typeName":"","palette":"156","type":" ","spec":"translation Z by %d"},{"code":".translationZ((float)%s)","color":"#FF80DEEA","name":"ViewPropertyAnimator_translationZ","typeName":"","palette":"156","type":" ","spec":"translation Z to %d"},{"code":".alphaBy((float)%s)","color":"#FF80DEEA","name":"ViewPropertyAnimator_alphaBy","typeName":"","palette":"156","type":" ","spec":"alpha by %d"},{"code":".alpha((float)%s)","color":"#FF80DEEA","name":"ViewPropertyAnimator_alpha","typeName":"","palette":"156","type":" ","spec":"alpha to %d"},{"code":".scaleXBy((float)%s)","color":"#FF80DEEA","name":"ViewPropertyAnimator_scaleXBy","typeName":"","palette":"156","type":" ","spec":"scale X by %d"},{"code":".scaleX((float)%s)","color":"#FF80DEEA","name":"ViewPropertyAnimator_scaleX","typeName":"","palette":"156","type":" ","spec":"scale X to %d"},{"code":".scaleYBy((float)%s)","color":"#FF80DEEA","name":"ViewPropertyAnimator_scaleYBy","typeName":"","palette":"156","type":" ","spec":"scale Y by %d"},{"code":".scaleY((float)%s)","color":"#FF80DEEA","name":"ViewPropertyAnimator_scaleY","typeName":"","palette":"156","type":" ","spec":"scale Y to %d"},{"code":".rotationBy((float)%s)","color":"#FF80DEEA","name":"ViewPropertyAnimator_rotationBy","typeName":"","palette":"156","type":" ","spec":"rotation by %d"},{"code":".rotation((float)%s)","color":"#FF80DEEA","name":"ViewPropertyAnimator_rotation","typeName":"","palette":"156","type":" ","spec":"rotation to %d"},{"code":".rotationXBy((float)%s)","color":"#FF80DEEA","name":"ViewPropertyAnimator_rotationXBy","typeName":"","palette":"156","type":" ","spec":"rotation X by %d"},{"code":".rotationX((float)%s)","color":"#FF80DEEA","name":"ViewPropertyAnimator_rotationX","typeName":"","palette":"156","type":" ","spec":"rotation X to %d"},{"code":".rotationYBy((float)%s)","color":"#FF80DEEA","name":"ViewPropertyAnimator_rotationYBy","typeName":"","palette":"156","type":" ","spec":"rotation Y by %d"},{"code":".rotationY((float)%s)","color":"#FF80DEEA","name":"ViewPropertyAnimator_rotationY","typeName":"","palette":"156","type":" ","spec":"rotation Y to %d"},{"code":".setStartDelay((long)%s)","color":"#FF80DEEA","name":"ViewPropertyAnimator_setStartDelay","typeName":"","palette":"156","type":" ","spec":"set Start Delay %d"},{"code":"(double)%s.getStartDelay()","color":"#FF80DEEA","name":"ViewPropertyAnimator_getStartDelay","typeName":"","palette":"156","type":"d","spec":"%m.view get Start Delay"},{"code":".setDuration((long)%s)","color":"#FF80DEEA","name":"ViewPropertyAnimator_setDuration","typeName":"","palette":"156","type":" ","spec":"set Duration %d"},{"code":"(double)%s.getDuration()","color":"#FF80DEEA","name":"ViewPropertyAnimator_getDuration","typeName":"","palette":"156","type":"d","spec":"%m.view get Duration"},{"code":".setInterpolator(%s)","color":"#FF80DEEA","name":"ViewPropertyAnimator_setInterpolator","typeName":"","palette":"156","type":" ","spec":"set Interpolator %m.TimeInterpolator"},{"code":"%s.getInterpolator()","color":"#FF2979FF","name":"ViewPropertyAnimator_getInterpolator","typeName":"TimeInterpolator","palette":"156","type":"v","spec":"%m.view get Interpolator"},{"code":"new AccelerateDecelerateInterpolator()","color":"#FF2979FF","name":"ViewPropertyAnimator_AccelerateDecelerateInterpolator","typeName":"TimeInterpolator","palette":"156","type":"v","spec":"Accelerate-Decelerate Interpolator"},{"code":"new AccelerateInterpolator()","color":"#FF2979FF","name":"ViewPropertyAnimator_AccelerateInterpolator","typeName":"TimeInterpolator","palette":"156","type":"v","spec":"Accelerate Interpolator"},{"code":"new AnticipateInterpolator()","color":"#FF2979FF","name":"ViewPropertyAnimator_AnticipateInterpolator","typeName":"TimeInterpolator","palette":"156","type":"v","spec":"Anticipate Interpolator"},{"code":"new AnticipateOvershootInterpolator()","color":"#FF2979FF","name":"ViewPropertyAnimator_AnticipateOvershootInterpolator","typeName":"TimeInterpolator","palette":"156","type":"v","spec":"Anticipate Overshoot Interpolator"},{"code":"new BaseInterpolator()","color":"#FF2979FF","name":"ViewPropertyAnimator_BaseInterpolator","typeName":"TimeInterpolator","palette":"156","type":"v","spec":"Base Interpolator"},{"code":"new BounceInterpolator()","color":"#FF2979FF","name":"ViewPropertyAnimator_BounceInterpolator","typeName":"TimeInterpolator","palette":"156","type":"v","spec":"Bounce Interpolator"},{"code":"new CycleInterpolator()","color":"#FF2979FF","name":"ViewPropertyAnimator_CycleInterpolator","typeName":"TimeInterpolator","palette":"156","type":"v","spec":"Cycle Interpolator"},{"code":"new DecelerateInterpolator()","color":"#FF2979FF","name":"ViewPropertyAnimator_DecelerateInterpolator","typeName":"TimeInterpolator","palette":"156","type":"v","spec":"Decelerate Interpolator"},{"code":"new LinearInterpolator()","color":"#FF2979FF","name":"ViewPropertyAnimator_LinearInterpolator","typeName":"TimeInterpolator","palette":"156","type":"v","spec":"Linear Interpolator"},{"code":"new OvershootInterpolator()","color":"#FF2979FF","name":"ViewPropertyAnimator_OvershootInterpolator","typeName":"TimeInterpolator","palette":"156","type":"v","spec":"Overshoot Interpolator"},{"code":"new PathInterpolator(%s)","color":"#FF2979FF","name":"ViewPropertyAnimator_PathInterpolator","typeName":"TimeInterpolator","palette":"156","type":"v","spec":"PathInterpolator %m.Path"},{"code":".withLayer()","color":"#FF80DEEA","name":"ViewPropertyAnimator_withLayer","typeName":"","palette":"156","type":" ","spec":"with Layer"},{"code":".withEndAction(%s)","color":"#FF80DEEA","name":"ViewPropertyAnimator_withEndAction","typeName":"","palette":"156","type":" ","spec":"with End Action %m.Runnable"},{"code":".withStartAction(%s)","color":"#FF80DEEA","name":"ViewPropertyAnimator_withStartAction","typeName":"","palette":"156","type":" ","spec":"with Start Action %m.Runnable"},{"code":".setListener((Animator.AnimatorListener)%s)","color":"#FF80DEEA","name":"ViewPropertyAnimator_setListener","typeName":"","palette":"156","type":" ","spec":"set Listener %m.AnimatorListener"},{"code":".setUpdateListener((ValueAnimator.AnimatorUpdateListener)%s)","color":"#FF80DEEA","name":"ViewPropertyAnimator_setUpdateListener","typeName":"","palette":"156","type":" ","spec":"set Update Listener %m.AnimatorUpdateListener"},{"code":"-1","color":"#FF80DEEA","name":"ViewPropertyAnimator_DURATION_INFINITE","typeName":"","palette":"156","type":"d","spec":"DURATION_INFINITE"},{"code":"%s \u003d new Animator.AnimatorPauseListener() {\n%s\n};","color":"#FF00E676","name":"ViewPropertyAnimator_newAnimatorPauseListener","typeName":"","palette":"156","type":"c","spec":"%m.AnimatorPauseListener \u003d new Animator Pause Listener"},{"code":"@Override\npublic void onAnimationPause(Animator animation) {\n%s\n}","color":"#FF00E676","name":"ViewPropertyAnimator_onAnimationPause","typeName":"","palette":"156","type":"c","spec":"on Animation Pause"},{"code":"@Override\npublic void onAnimationResume(Animator animation) {\n%s\n}","color":"#FF00E676","name":"ViewPropertyAnimator_onAnimationResume","typeName":"","palette":"156","type":"c","spec":"on Animation Resume"},{"code":"%s \u003d new Animator.AnimatorListener() {\n%s\n};","color":"#FF00E676","name":"ViewPropertyAnimator_newAnimatorListener","typeName":"","palette":"156","type":"c","spec":"%m.AnimatorListener \u003d new Animator Listener"},{"code":"@Override\npublic void onAnimationStart(Animator animation) {\n%s\n}","color":"#FF00E676","name":"ViewPropertyAnimator_onAnimationStart","typeName":"","palette":"156","type":"c","spec":"on Animation Start"},{"code":"@Override\npublic void onAnimationEnd(Animator animation) {\n%s\n}","color":"#FF00E676","name":"ViewPropertyAnimator_onAnimationEnd","typeName":"","palette":"156","type":"c","spec":"on Animation End"},{"code":"@Override\npublic void onAnimationCancel(Animator animation) {\n%s\n}","color":"#FF00E676","name":"ViewPropertyAnimator_onAnimationCancel","typeName":"","palette":"156","type":"c","spec":"on Animation Cancel"},{"code":"@Override\npublic void onAnimationRepeat(Animator animation) {\n%s\n}","color":"#FF00E676","name":"ViewPropertyAnimator_onAnimationRepeat","typeName":"","palette":"156","type":"c","spec":"on Animation Repeat"},{"code":"animation%s;","color":"#FF69F0AE","name":"ViewPropertyAnimator_animation","typeName":"","palette":"156","type":"c","spec":"animation"}]