[{"code":"Context %1$s \u003d this.getApplicationContext();","name":"Context","palette":"67","type":" ","spec":"Context %s.inputOnly init"},{"code":"%1$s \u003d getApplicationContext().getPackageName();","name":"PackageName","palette":"67","type":" ","spec":"getPackageNameApp toString %m.String"},{"code":"try {\n  final android.content.pm.PackageInfo info \u003d context.getPackageManager()\n          .getPackageInfo(%1$s, android.content.pm.PackageManager.GET_SIGNATURES);\n\n  for (android.content.pm.Signature signature : info.signatures) {\n     final java.security.MessageDigest md \u003d java.security.MessageDigest.getInstance(%2$S);\n      md.update(signature.toByteArray());\n\n      final byte[] digest \u003d md.digest();\n      final StringBuilder toRet \u003d new StringBuilder();\n      for (int i \u003d 0; i \u003c digest.length; i++) {\n          if (i !\u003d 0) toRet.append(\":\");\n          int b \u003d digest[i] \u0026 0xff;\n          String hex \u003d Integer.toHexString(b);\n          if (hex.length() \u003d\u003d 1) toRet.append(\"0\");\n          toRet.append(hex);\n      }          \n      String MD5app \u003d toRet.toString();\n      %3$s\n  }\n} catch (android.content.pm.PackageManager.NameNotFoundException e1) {\n      Log.e(\"name not found\", e1.toString());\n} catch (java.security.NoSuchAlgorithmException e) {\n      Log.e(\"no such an algorithm\", e.toString());\n} catch (Exception e) {\n      Log.e(\"exception\", e.toString());\n}\n            ","name":"getMD5Cert","palette":"67","type":"c","spec":"getMD5Cert AppID %s withKey %s"},{"code":"MD5app","name":"MD5app","typeName":"String","palette":"67","type":"v","spec":"MD5app"}]