[{"code":"","color":"#FF388E3C","name":"created by arab ware channel ! !","typeName":"","palette":"25","type":"h","spec":"created by arab ware channel"},{"code":"String %1$s \u003d %2$s;","color":"#FF388E3C","name":"Set Text Of QR","typeName":"","palette":"25","type":" ","spec":"Create QR %s.inputOnly Set Text %s"},{"code":"ArabWareChannelAPI.concat(%1$s.concat(\"?b\u003dq\u0026size\u003d\".concat(String.valueOf((long)(%2$s.getHeight())).concat(\"×\").concat(String.valueOf((long)(%2$s.getWidth()))))))","color":"#FF388E3C","name":"get url","typeName":"","palette":"25","type":"s","spec":"Get QR %s.inputOnly set area of QR like %m.imageview"}]