[{"code":"","color":"#FF039BE5","name":"created by arab ware","typeName":"","palette":"37","type":"h","spec":"created by arab ware channel \u0026 dont forgot to subscribe to my channel plz"},{"code":"{\r\n\tHashMap\u003cString, Object\u003e _item \u003d new HashMap\u003c\u003e();\r\n\t_item.put(\"ArabWareChannel1\", %3$s);\r\n\t%2$s.add((int)%1$s, _item);\r\n}\r\n\r","color":"#FF039BE5","name":"Add Question","typeName":"","palette":"37","type":" ","spec":"Add Question with ID %d in %m.listMap the Question is %s"},{"code":"{\r\n\tHashMap\u003cString, Object\u003e _item \u003d new HashMap\u003c\u003e();\r\n\t_item.put(\"ArabWareChannel2\", %3$s);\r\n\t%2$s.add((int)%1$s, _item);\r\n}\r\n\r","color":"#FF039BE5","name":"Add Answer1","typeName":"","palette":"37","type":" ","spec":"Add Answer 1 to Question ID %d in %m.listMap The Answer1 is %s"},{"code":"{\r\n\tHashMap\u003cString, Object\u003e _item \u003d new HashMap\u003c\u003e();\r\n\t_item.put(\"ArabWareChannel3\", %3$s);\r\n\t%2$s.add((int)%1$s, _item);\r\n}\r\n\r","color":"#FF039BE5","name":"Add Answer2","typeName":"","palette":"37","type":" ","spec":"Add Answer 2 to Question ID %d in %m.listMap The Answer 2 is %s"},{"code":"{\r\n\tHashMap\u003cString, Object\u003e _item \u003d new HashMap\u003c\u003e();\r\n\t_item.put(\"ArabWareChannel4\", %3$s);\r\n\t%2$s.add((int)%1$s, _item);\r\n}\r\n\r","color":"#FF039BE5","name":"Add Answer3","typeName":"","palette":"37","type":" ","spec":"Add Answer 3 to Question ID %d in %m.listMap The Answer 3 is %s"},{"code":"{\r\n\tHashMap\u003cString, Object\u003e _item \u003d new HashMap\u003c\u003e();\r\n\t_item.put(\"ArabWareChannel5\", %3$s);\r\n\t%2$s.add((int)%1$s, _item);\r\n}\r\n\r","color":"#FF039BE5","name":"Add Answer4","typeName":"","palette":"37","type":" ","spec":"Add Answer 4 to Question ID %d in %m.listMap The Answer 4 is %s"},{"code":"{\r\n\tHashMap\u003cString, Object\u003e _item \u003d new HashMap\u003c\u003e();\r\n\t_item.put(\"ArabWareChannel6\", %3$s);\r\n\t%2$s.add((int)%1$s, _item);\r\n}\r\n\r","color":"#FF039BE5","name":"Add the correct answer","typeName":"","palette":"37","type":" ","spec":"Add The Correct Answer to Question ID %d in %m.listMap The Correct Answer is %s"},{"code":"{\r\n\tHashMap\u003cString, Object\u003e _item \u003d new HashMap\u003c\u003e();\r\n\t_item.put(\"ArabWareChannel6\", %3$s);\r\n\t%2$s.add((int)%1$s, _item);\r\n}\r\n\r","color":"#FF039BE5","name":"Add the correct answer","typeName":"","palette":"37","type":" ","spec":"Add The Correct Answer to Question ID %d in %m.listMap The Correct Answer is %s"},{"code":"%2$s.get((int)%1$s).get(\"ArabWareChannel1\").toString()","color":"#FF039BE5","name":"get the question","typeName":"","palette":"37","type":"s","spec":"get the question with ID %d in %m.listMap"},{"code":"%2$s.get((int)%1$s).get(\"ArabWareChannel2\").toString()","color":"#FF039BE5","name":"get the answer 1","typeName":"","palette":"37","type":"s","spec":"get the answer 1 in question ID %d in %m.listMap"},{"code":"%2$s.get((int)%1$s).get(\"ArabWareChannel3\").toString()","color":"#FF039BE5","name":"get the answer 2","typeName":"","palette":"37","type":"s","spec":"get the answer 2 in question ID %d in %m.listMap"},{"code":"%2$s.get((int)%1$s).get(\"ArabWareChannel4\").toString()","color":"#FF039BE5","name":"get the answer 3","typeName":"","palette":"37","type":"s","spec":"get the answer 3 in question ID %d in %m.listMap"},{"code":"%2$s.get((int)%1$s).get(\"ArabWareChannel5\").toString()","color":"#FF039BE5","name":"get the answer 4","typeName":"","palette":"37","type":"s","spec":"get the answer 4 in question ID %d in %m.listMap"},{"code":"%2$s.get((int)%1$s).get(\"ArabWareChannel6\").toString()","color":"#FF039BE5","name":"get the correct answer","typeName":"","palette":"37","type":"s","spec":"get the correct answer of question %d in %m.listMap"}]