[{"name":"CBAWC","palette":"48","spec":"CREATED BY ARAB WARE CHANNEL","type":"h","typeName":"","color":"#FF009688","code":""},{"name":"hmmmRandom ???","palette":"48","spec":"create new random \u003d\u003e max letters \u003d %d \u003d\u003e only letters \u003d %m.varStr \u003d\u003e put data in %m.varStr","type":" ","typeName":"","color":"#FF009688","code":"%3$s \u003d \"\";\nfor (int i \u003d 0; i \u003c %1$s; i++) {\n%3$s \u003d %3$s + %2$s.charAt(new java.util.Random().nextInt(%2$s.length()));\n}"}]