[{"name":"CREATED BY ARAB WARE CHANNEL.","palette":"48","spec":"CREATED BY ARAB WARE CHANNEL","typeName":"","type":"h","code":"","color":"#FF00796B"},{"name":".setValueFrom","palette":"48","spec":"%m.view setValueFrom %d","type":" ","typeName":"","color":"#FF00796B","code":"%1$s.setValueFrom((float) %2$s);"},{"name":".setValueTo","palette":"48","spec":"%m.view setValueTo %d","typeName":"","type":" ","code":"%1$s.setValueTo((float) %2$s);","color":"#FF00796B"},{"name":".setStepSize","palette":"48","spec":"%m.view setStepSize %d","type":" ","typeName":"","color":"#FF00796B","code":"%1$s.setStepSize((float) %2$s);"},{"name":".setValues","palette":"48","spec":"%m.view setValues by %m.RangeValues \u003d\u003e first value \u003d %d \u003d\u003e second value \u003d %d","type":" ","typeName":"","color":"#FF00796B","code":"%2$s \u003d new ArrayList\u003cFloat\u003e();\r\n%2$s.add(Float.valueOf(%3$s));\r\n%2$s.add(Float.valueOf(%4$s));\r\n%1$s.setValues(%2$s);\r"},{"name":".setMinSeparation","palette":"48","spec":"%m.view setMinSeparation %d","type":" ","typeName":"","color":"#FF00796B","code":"%1$s.setMinSeparation((float) %2$s);"},{"name":".setThumbRadius","palette":"48","spec":"%m.view setThumbRadius %d","typeName":"","type":" ","code":"%1$s.setThumbRadius((int) %2$s);","color":"#FF00796B"},{"name":".setThumbElevation","palette":"48","spec":"%m.view setThumbElevation %d","type":" ","typeName":"","color":"#FF00796B","code":"%1$s.setThumbElevation((float) %2$s);"},{"name":".setHaloRadius","palette":"48","spec":"%m.view setHaloRadius %d","typeName":"","type":" ","code":"%1$s.setHaloRadius((int) %2$s);","color":"#FF00796B"},{"name":".setHaloTintList","palette":"48","spec":"%m.view setHaloTintList Color %m.color","type":" ","typeName":"","color":"#FF00796B","code":"%1$s.setHaloTintList(ColorStateList.valueOf(%2$s));"},{"name":".setTrackTintList","palette":"48","spec":"%m.view setTrackTintList Color %m.color","typeName":"","type":" ","code":"%1$s.setTrackTintList(ColorStateList.valueOf(%2$s));","color":"#FF00796B"},{"name":".setTrackActiveTintList","palette":"48","spec":"%m.view setTrackActiveTintList Color %m.color","type":" ","typeName":"","color":"#FF00796B","code":"%1$s.setTrackActiveTintList(ColorStateList.valueOf(%2$s));"},{"name":".setTickTintList","palette":"48","spec":"%m.view set Tick Tint List %m.color","type":" ","typeName":"","color":"#FF00796B","code":"%1$s.setTickTintList(android.content.res.ColorStateList.valueOf(%2$s));"},{"name":".setTickActiveTintList","palette":"48","spec":"%m.view set Tick Active Tint List %m.color","typeName":"","type":" ","code":"%1$s.setTickActiveTintList(android.content.res.ColorStateList.valueOf(%2$s));","color":"#FF00796B"},{"name":".setTickInactiveTintList","palette":"48","spec":"%m.view set Tick Inactive Tint List %m.color","type":" ","typeName":"","color":"#FF00796B","code":"%1$s.setTickInactiveTintList(android.content.res.ColorStateList.valueOf(%2$s));"},{"name":".setTrackHeight","palette":"48","spec":"%m.view set Track Height %d","typeName":"","type":" ","code":"%1$s.setTrackHeight((int) %2$s);","color":"#FF00796B"},{"name":"RangeSeekBarListener","palette":"48","spec":"%m.view on range seek bar value changed","type":"c","typeName":"","color":"#FF00796B","code":"%1$s.addOnChangeListener(new RangeSlider.OnChangeListener() {\n@Override\npublic void onValueChange(RangeSlider slider, float value, boolean fromUser) {\nfinal List \u003cFloat\u003e %1$sList \u003d slider.getValues();\n%2$s\n}\n});"},{"name":"getFirstRangeSeekBarValue","palette":"48","spec":"%m.view get first range seek bar value","typeName":"","type":"s","code":"%1$sList.get(0).toString()","color":"#FF00796B"},{"name":"getSecondRangeSeekBarValue","palette":"48","spec":"%m.view get second range seek bar value","type":"s","typeName":"","color":"#FF00796B","code":"%1$sList.get(1).toString()"}]