[{"code":"","color":"#FFFBC02D","name":"added by arab ware","typeName":"","palette":"119","type":"h","spec":"Add By Arab Ware Team"},{"code":"%1$s.setRating((float)%2$s);","color":"#FFFBC02D","name":"set rating","typeName":"","palette":"119","type":" ","spec":"%m.ratingbar set rating %d"},{"code":"%1$s.setNumStars((int)%2$s);","color":"#FFFBC02D","name":"set stars numbers","typeName":"","palette":"119","type":" ","spec":"%m.ratingbar set stars number %d"},{"code":"%1$s.setStepSize((float)%2$s);","color":"#FFFBC02D","name":"set step size","typeName":"","palette":"119","type":" ","spec":"%m.ratingbar Set Step Size"},{"code":"%1$s.getRating()","color":"#FFFBC02D","name":"get rating","typeName":"","palette":"119","type":"d","spec":"%m.ratingbar get rating"}]