[{"name":"made by omar","palette":"113","spec":"MADE BY OMAR ADDED BY ARAB WARE DEVELOPED BY ARAB WARE ALSO LIBRARY MADE BY OMAR","type":"h","typeName":"","color":"#FF4CAF50","code":""},{"name":"discretion_scr","palette":"113","spec":"By Omar Mouhamad Khair Haidar","type":"h","typeName":"","code":"}\nprivate android.media.ScreenRecord %s;\n{","color":"#FF424242"},{"name":"newScreenRecord","palette":"113","spec":"%m.ScreenRecord create in %m.activity ","type":" ","typeName":"","code":"%1$s \u003d new android.media.ScreenRecord(%2$s.this);","color":"#FF5CB722"},{"name":"setOutputPathSRC","palette":"113","spec":"%m.ScreenRecord set save path %s","type":" ","typeName":"","code":"%1$s.setOutputPath(%2$s);","color":"#FF5CB722"},{"name":"setVideoResolution","palette":"113","spec":"%m.ScreenRecord setVideoResolution width %d height %d ","type":" ","typeName":"","code":"%1$s.setVideoResolution((int)%2$s,(int)%3$s);","color":"#FF5CB722"},{"name":"setVideoBitRateSRC","palette":"113","spec":"%m.ScreenRecord set qulity(mps) %d","type":" ","typeName":"","code":"%1$s.setVideoBitRate((int)%2$s);","color":"#FF5CB722"},{"name":"setFPSSRC","palette":"113","spec":"%m.ScreenRecord setFPS %d ","type":" ","typeName":"","code":"%1$s.setFPS((int)%2$s);","color":"#FF5CB722"},{"spec2":"onStop","typeName":"","color":"#FF5CB722","name":"isRecording","palette":"113","spec":"%m.ScreenRecord isRecording","type":"b","code":"%1$s.isRecording()"},{"name":"startRecorder","palette":"113","spec":"%m.ScreenRecord startRecord","type":" ","typeName":"","code":"startActivityForResult(%1$s.getRecordPermission(),2001);","color":"#FF4CAF50"},{"name":"stopRecorder","palette":"113","spec":"%m.ScreenRecord stopRecord","type":" ","typeName":"","code":"%1$s.stopRecord();","color":"#FF4CAF50"},{"name":"AudioSurceHeader","palette":"113","spec":"Audio Source","type":"h","typeName":"","code":"","color":"#FF212121"},{"name":"setAudioRecorder","palette":"113","spec":"%m.ScreenRecord setAudioRecorder %b ","type":" ","typeName":"","code":"%1$s.setAudioRecorder(%2$s);","color":"#FF5CB722"},{"name":"setAudioBitRateSRC","palette":"113","spec":"%m.ScreenRecord setAudioBitRate %d ","type":" ","typeName":"","code":"%s.setAudioBitRate((int)%s);","color":"#FF5CB722"},{"name":"setAudioSourceSRC","palette":"113","spec":"%m.ScreenRecord setAudioSource %d","type":" ","typeName":"","code":"%1$s.setAudioSource((int)%2$s);","color":"#FF5CB722"},{"name":"AudioSource.DEFAULT","palette":"113","spec":"DEFAULT","type":"d","typeName":"","code":"MediaRecorder.AudioSource.DEFAULT","color":"#FF4CAF50"},{"name":"AudioSource.MIC","palette":"113","spec":"MIC","type":"d","typeName":"","code":"MediaRecorder.AudioSource.MIC","color":"#FF4CAF50"},{"name":"AudioSource.UNPROCESSED","palette":"113","spec":"UNPROCESSED","type":"d","typeName":"","code":"MediaRecorder.AudioSource.UNPROCESSED","color":"#FF4CAF50"},{"name":"AudioSource.CAMCORDER","palette":"113","spec":"CAMCORDER","type":"d","typeName":"","code":"MediaRecorder.AudioSource.CAMCORDER","color":"#FF4CAF50"},{"name":"videoEncoderHeader","palette":"113","spec":"Video Encoder","type":"h","typeName":"","code":"","color":"#FF212121"},{"name":"setVideoEncoderSRC","palette":"113","spec":"%m.ScreenRecord setVideoEncoder %d ","type":" ","typeName":"","code":"%1$s.setVideoEncoder((int)%2$s);","color":"#FF5CB722"},{"name":"VideoEncoder.DEFAULT","palette":"113","spec":"DEFAULT","type":"d","typeName":"","code":"MediaRecorder.VideoEncoder.DEFAULT","color":"#FF4CAF50"},{"name":"VideoEncoder.H263","palette":"113","spec":"H263","type":"d","typeName":"","code":"MediaRecorder.VideoEncoder.H263","color":"#FF4CAF50"},{"name":"VideoEncoder.H264","palette":"113","spec":"H264","type":"d","typeName":"","code":"MediaRecorder.VideoEncoder.H264","color":"#FF4CAF50"},{"name":"VideoEncoder.HEVC","palette":"113","spec":"HEVC","type":"d","typeName":"","code":"MediaRecorder.VideoEncoder.HEVC","color":"#FF4CAF50"},{"name":"VideoEncoder.MPEG_4_SP","palette":"113","spec":"MPEG_4_SP","type":"d","typeName":"","code":"MediaRecorder.VideoEncoder.MPEG_4_SP","color":"#FF4CAF50"},{"name":"PutputFormatHeader","palette":"113","spec":"Output Format","type":"h","typeName":"","code":"","color":"#FF212121"},{"name":"setOutputFormatSRC","palette":"113","spec":"%m.ScreenRecord setOutputFormat %d ","type":" ","typeName":"","code":"%1$s.setOutputFormat((int)%2$s);","color":"#FF5CB722"},{"name":"OutputFormat.DEFAULT","palette":"113","spec":"DEFAULT","type":"d","typeName":"","code":"MediaRecorder.OutputFormat.DEFAULT","color":"#FF4CAF50"},{"name":"OutputFormat.MPEG_4","palette":"113","spec":"MPEG_4","type":"d","typeName":"","code":"MediaRecorder.OutputFormat.MPEG_4","color":"#FF4CAF50"},{"name":"OutputFormat.THREE_GPP","palette":"113","spec":"THREE_GPP","type":"d","typeName":"","code":"MediaRecorder.OutputFormat.THREE_GPP","color":"#FF4CAF50"},{"name":"OutputFormat.AMR_NB","palette":"113","spec":"AMR_NB","type":"d","typeName":"","code":"MediaRecorder.OutputFormat.AMR_NB","color":"#FF4CAF50"}]