[{"code":"%1$s \u003d new RecyclerView(%2$s.this);\n%1$s.setLayoutParams(new ViewGroup.LayoutParams( ViewGroup.LayoutParams.%3$S, ViewGroup.LayoutParams.%4$S));","name":"CreateRecyclerview","palette":"65","type":" ","spec":"%m.RecyclerView at %m.activity Width %s.inputOnly Height %s.inputOnly"},{"code":"%1$s","name":"RecyclerView","typeName":"RecyclerView","palette":"65","type":"v","spec":"%s.inputOnly RecyclerView"},{"code":"%1$s %2$s \u003d new %1$s(%4$s, %3$s.this);","name":"AdapterRecyclerView","palette":"65","type":" ","spec":"Adapter %s.inputOnly name %s.inputOnly at %m.activity dataList %m.list"},{"code":"%1$s.setAdapter(%2$s);","name":"RecyclerViewSetAdapter","palette":"65","type":" ","spec":"%m.RecyclerView setAdapterName %s.inputOnly"},{"code":"%1$s","name":"ListCustome","typeName":"List","palette":"65","type":"v","spec":"%s.inputOnly List"},{"code":"%1$s.setLayoutManager(new LinearLayoutManager(%2$s.this));","name":"RecyclerviewLayoutManager","palette":"65","type":" ","spec":"%m.RecyclerView LayoutManager at %m.activity"},{"code":"public class %1$s extends RecyclerView.Adapter\u003cRecyclerView.%2$s\u003e {\n    %3$s\n}","name":"ClassAdapterRecyclerView","palette":"65","type":"c","spec":"ClassRecyclerViewAdapter %s.inputOnly viewHolderName %s.inputOnly"},{"code":"private Context context;","name":"PrivateContext","palette":"65","type":" ","spec":"PrivateContext"},{"code":"private List\u003c%1$s\u003e %2$s;","name":"PrivateArrayList","palette":"65","type":" ","spec":"ArrayList fromClassList %s.inputOnly namaList %s.inputOnly"},{"code":"    public %1$s(Context context, List\u003c%2$s\u003e %3$s) {\n        this.%3$s \u003d %3$s;\n        this.context \u003d context;\n        %4$s\n    }","name":"AdapterSetData","palette":"65","type":"c","spec":"Adapter %s.inputOnly ClassList %s.inputOnly listName %s.inputOnly"},{"code":"    //ViewHolder Digunakan Untuk Menyimpan Referensi Dari View-View\n    public class %1$s extends RecyclerView.ViewHolder{\n\n        %2$s\n    }","name":"ClassViewHolder","palette":"65","type":"c","spec":"ClassViewHolder %s.inputOnly extendRecyclerViewHolder"},{"code":"private TextView %1$s;","name":"PrivateTextViewWidget","palette":"65","type":" ","spec":"PrivateTextView %s.inputOnly"},{"code":"private LinearLayout %1$s;","name":"PrivateLinearLayoutWidget","palette":"65","type":" ","spec":"PrivateLinearLayout %s.inputOnly"},{"code":"private ImageView %1$s;","name":"PrivateImageViewWidget","palette":"65","type":" ","spec":"PrivateImageView %s.inputOnly"},{"code":"        %1$s(View %2$s) {\n            super(%2$s);\n            %3$s\n        }","name":"ViewHolderItem","palette":"65","type":"c","spec":"ViewHolder %s.inputOnly View %s.inputOnly"},{"code":"        %1$s \u003d %2$s.findViewById(R.id.%1$s);","name":"findViewWidget","palette":"65","type":" ","spec":"findView %s.inputOnly atView %s.inputOnly"},{"code":"    @Override\n    public %1$s onCreateViewHolder(ViewGroup parent, int viewType) {\n        //Membuat View untuk Menyiapkan dan Memasang Layout yang Akan digunakan pada RecyclerView\n        View %2$s \u003d LayoutInflater.from(parent.getContext()).inflate(R.layout.%3$s, parent, false);\n        return new %1$s(%2$s);\n    }","name":"onCreateViewHolder","palette":"65","type":"c","spec":"ViewHolder %s.inputOnly View %s.inputOnly inflateLayout %s.inputOnly"},{"code":"    @Override\n    public void onBindViewHolder(%1$s %2$s, int position) {\n        %3$s\n    }","name":"onBindView","palette":"65","type":"c","spec":"onBindViewHolder ViewHolder %s.inputOnly nameViewHolder %s.inputOnly"},{"code":"position","name":"position","palette":"65","type":"d","spec":"position"},{"code":"%1$s.get%2$s()","name":"StringGetData","palette":"65","type":"s","spec":"ListName %s.inputOnly getKey %s.inputOnly"},{"code":"final String %1$s \u003d %2$s;","name":"finalString","palette":"65","type":" ","spec":"FinalStringName %s.inputOnly dataString %s"},{"code":"%1$s","name":"getString","typeName":"String","palette":"65","type":"v","spec":"StringName %s.inputOnly"},{"code":"%1$s.%2$s","name":"holderWidgetText","typeName":"TextView","palette":"65","type":"v","spec":"holderName %s.inputOnly TextView_ID %s.inputOnly"},{"code":"%1$s.%2$s","name":"holderWidgetImage","typeName":"ImageView","palette":"65","type":"v","spec":"holderName %s.inputOnly ImageView_ID %s.inputOnly"},{"code":"%1$s.%2$s","name":"holderLinearLayout","typeName":"LinearLayout","palette":"65","type":"v","spec":"holderName %s.inputOnly LinearLayout_ID %s.inputOnly"},{"code":"        %1$s.setOnLongClickListener(new View.OnLongClickListener() {\n            @Override\n            public boolean onLongClick(View v) {\n                \n                %2$s\n                return true;\n            }\n        });","name":"onLongClickItem","palette":"65","type":"c","spec":"onLongClickItem %m.View"},{"code":"    @Override\n    public int getItemCount() {\n        //Menghitung Ukuran/Jumlah Data Yang Akan Ditampilkan Pada RecyclerView\n        %1$s\n    }","name":"getItemCountRecyclerview","palette":"65","type":"c","spec":"getItemCount Recyclerview"},{"code":"        return %1$s.size();","name":"MaxSizeListData","palette":"65","type":" ","spec":"MaxSizeList %s.inputOnly"},{"code":"        return %1$s;","name":"CountListData","palette":"65","type":" ","spec":"CountList %d"},{"code":"public class %1$s {\n\n    %2$s\n}","name":"ClassModel","palette":"65","type":"c","spec":"RecyclerView ClassModel %s.inputOnly"},{"code":"    private String %1$s;","name":"privateStringModel","palette":"65","type":" ","spec":"StringName %s.inputOnly"},{"code":"    public String get%1$s() {\n        return %2$s;\n    }\n\n    public void set%1$s(String %2$s) {\n        this.%2$s \u003d %2$s;\n    }","name":"publicVoidString","palette":"65","type":" ","spec":"public String %s.inputOnly return %s.inputOnly"},{"code":"    public %1$s(){\n    }\n\n    //Konstruktor dengan beberapa parameter, untuk mendapatkan Input Data dari User\n    public %1$s(%2$s) {\n        %3$s\n    }","name":"getDataFirebase","palette":"65","type":"c","spec":"ClassModelName %s.inputOnly allString %s.inputOnly"},{"code":"        this.%1$s \u003d %1$s;","name":"indexStringNameDateFB","palette":"65","type":" ","spec":"IndexStringName %s.inputOnly"},{"code":"private CardView %1$s;","name":"PrivateCardView","palette":"65","type":" ","spec":"PrivateCardView %s.inputOnly"},{"code":"%1$s.setAdapter(new %1$SAdapter(%2$s));","name":"RecyclerViewAdapter","palette":"65","type":" ","spec":"RecyclerView %m.RecyclerView data %m.list"}]