[{"code":"%s \u003d new SaninFreeToast();","color":"#FF0276FC","name":"SaninFreeToast","typeName":"","palette":"142","type":" ","spec":"%m.SaninFreeToast create"},{"code":"%s \u003d new SaninFreeDarkToast();","color":"#FF0276FC","name":"SaninFreeDarkToast","typeName":"","palette":"142","type":" ","spec":"%m.SaninFreeDarkToast create"},{"code":"%s \u003d new SaninFreeToastCustom();","color":"#FF0276FC","name":"SaninFreeToastCustom","typeName":"","palette":"142","type":" ","spec":"%m.SaninFreeToastCustom create"},{"code":"%s.showToastStandard(%s.this, %s);","color":"#FF0276FC","name":"SaninFreeToastShowStandard","typeName":"","palette":"142","type":" ","spec":"%m.SaninFreeToast showToastStandard  %m.activity setMessage %s "},{"code":"%s.showToastError(%s.this, %s);","color":"#FF0276FC","name":"SaninFreeToastShowError","typeName":"","palette":"142","type":" ","spec":"%m.SaninFreeToast showToastError  %m.activity setMessage %s "},{"code":"%s.showToastWarning(%s.this, %s);","color":"#FF0276FC","name":"SaninFreeToastWarning","typeName":"","palette":"142","type":" ","spec":"%m.SaninFreeToast showToastWarning %m.activity setMessage %s "},{"code":"%s.showToastSuccess(%s.this, %s);","color":"#FF0276FC","name":"SaninFreeToastSuccess","typeName":"","palette":"142","type":" ","spec":"%m.SaninFreeToast showToastSuccess %m.activity setMessage %s "},{"code":"%s.showToastInfo(%s.this, %s);","color":"#FF0276FC","name":"SaninFreeToastInfo","typeName":"","palette":"142","type":" ","spec":"%m.SaninFreeToast showToastInfo %m.activity setMessage %s "},{"code":"%s.showDarkToastStandard(%s.this, %s);","color":"#FF0276FC","name":"SaninFreeDarkToastStandard","typeName":"","palette":"142","type":" ","spec":"%m.SaninFreeDarkToast showDarkToastStandard %m.activity  setMessage %s "},{"code":"\n%s.showDarkToastError(%s.this, %s);","color":"#FF0276FC","name":"SaninFreeDarkToastError","typeName":"","palette":"142","type":" ","spec":"%m.SaninFreeDarkToast showDarkToastError %m.activity  setMessage %s "},{"code":"%s.showDarkToastWarning(%s.this, %s);","color":"#FF0276FC","name":"SaninFreeDarkToastWarning","typeName":"","palette":"142","type":" ","spec":"%m.SaninFreeDarkToast showDarkToastWarning %m.activity  setMessage %s "},{"code":"%s.showDarkToastSuccess(%s.this, %s);","color":"#FF0276FC","name":"SaninFreeDarkToastSuccess","typeName":"","palette":"142","type":" ","spec":"%m.SaninFreeDarkToast showDarkToastSuccess %m.activity  setMessage %s "},{"code":"%s.showDarkToastInfo(%s.this, %s);","color":"#FF0276FC","name":"SaninFreeDarkToastInfo","typeName":"","palette":"142","type":" ","spec":"%m.SaninFreeDarkToast showDarkToastInfo %m.activity  setMessage %s "},{"code":"%s.showToastCustom(%s.this, %s, %s, %s, %s, %s, %s);","color":"#FF0276FC","name":"SaninFreeToastCustomShow","typeName":"","palette":"142","type":" ","spec":"%m.SaninFreeToastCustom showToastCustom %m.activity  setTitle %s  setMessage %s  setMessageColor %s  setDividerColor %s setBGColor %s setIconNameFromResource %s "}]