[{"name":"created .","palette":"26","spec":"created by arab ware channel","typeName":"","type":"h","code":"","color":"#FF388E3C"},{"name":"save image from app to path","palette":"26","spec":"%m.imageview save to path %s with name %s with qulity %d","type":" ","typeName":"","color":"#FF388E3C","code":"try{\n\tBitmapDrawable %1$sBD \u003d (BitmapDrawable) %1$s.getDrawable();\n\tBitmap %1$sB \u003d %1$sBD.getBitmap();\n\tFileOutputStream %1$sFOS \u003d null;\n\tFile %1$sF \u003d Environment.getExternalStorageDirectory();\n\tFile %1$sF2 \u003d new File(%2$s);\n\t%1$sF2.mkdirs();\n\tString %1$sFN \u003d %3$s;\n\tFile %1$sF3 \u003d new File(%1$sF2, %1$sFN);\n\t%1$sFOS \u003d new FileOutputStream(%1$sF3); \n\t%1$sB.compress(Bitmap.CompressFormat.JPEG, %4$s, %1$sFOS);\n\t%1$sFOS.flush();\n\t%1$sFOS.close(); \n\tIntent %1$sI \u003d new Intent(Intent.ACTION_MEDIA_SCANNER_SCAN_FILE);\n\t%1$sI.setData(Uri.fromFile(%1$sF)); sendBroadcast(%1$sI);\n}catch(Exception e){\n}"}]