[{"code":"%1$s.addView(new ScratchView(%2$s.this){\n\t\t\t ScratchView v(){\n\t\t\t\t setLayoutParams(new LinearLayout.LayoutParams(LinearLayout.LayoutParams.MATCH_PARENT, LinearLayout.LayoutParams.MATCH_PARENT));\n\t\t\t\t setRevealListener(new ScratchView.IRevealListener() {\n\t\t\t\t\t\t @Override\n\t\t\t\t\t\t public void onRevealed(ScratchView scratchView) {\n\t\t\t\t\t\t\t %3$s\n\t\t\t\t\t\t\t }\n\n\t\t\t\t\t\t @Override\n\t\t\t\t\t\t public void onRevealPercentChangedListener(ScratchView scratchView, float percent) {\n\t\t\t\t\t\t\t %3$s\n\t\t\t\t\t\t }\n\t\t\t\t\t });\n\t\t\t\treturn this;\n\t\t\t}\n\t\t}.v());","color":"#4A6CD4","name":"AddScratchView","typeName":"","palette":"53","type":"e","spec":"%m.view addScratchView this %m.activity When onRevealed and onRevealPercentChangedListener","spec2":""},{"code":"percent","color":"#4A6CD4","name":"ScratchPercent","typeName":"","palette":"53","type":"d","spec":"ScratchPercent"},{"code":"scratchView","color":"#4A6CD4","name":"scratchView","typeName":"view","palette":"53","type":"p","spec":"scratchView"}]