[{"code":"%1$s.addView(new ScratchView(%2$s.this){\n\t\t\t ScratchView v(){\n\t\t\t\t setLayoutParams(new LinearLayout.LayoutParams(LinearLayout.LayoutParams.MATCH_PARENT, LinearLayout.LayoutParams.MATCH_PARENT));\n\t\t\t\t setRevealListener(new ScratchView.IRevealListener() {\n\t\t\t\t\t\t @Override\n\t\t\t\t\t\t public void onRevealed(ScratchView scratchView) {\n\t\t\t\t\t\t\t %3$s\n\t\t\t\t\t\t\t }\n\n\t\t\t\t\t\t @Override\n\t\t\t\t\t\t public void onRevealPercentChangedListener(ScratchView scratchView, float percent) {\n\t\t\t\t\t\t\t %3$s\n\t\t\t\t\t\t }\n\t\t\t\t\t });\n\t\t\t\treturn this;\n\t\t\t}\n\t\t}.v());","color":"#FF4DD0E1","name":"Scratch View","typeName":"","palette":"115","type":"c","spec":"%m.view addScratchView this %m.activity When onRevealed and onRevealPercentChangedListener"},{"code":"scratchView","color":"#FF4DD0E1","name":"Scratch View ","typeName":"","palette":"115","type":"s","spec":"scratch view"},{"code":"percent","color":"#FF4DD0E1","name":"  ","typeName":"","palette":"115","type":"d","spec":"scratch percent"}]