[{"name":"made by omar.","palette":"114","spec":"MADE BY OMAR ADDED BY ARAB WARE DEVELOPED BY ARAB WARE ALSO LIBRARY MADE BY OMAR","typeName":"","type":"h","code":"","color":"#FF000000"},{"name":"library __","palette":"114","spec":"put me at more block بلوك مور في ضعني","type":" ","typeName":"","color":"#FF000000","code":"}\npublic static class ScreenRecord {\n   private int DPI;\n   private int HEIGHT;\n   private int WIDTH;\n   private int audioBitRate \u003d 10;\n   private int audio_source \u003d 1;\n   private Context context;\n   private int frame \u003d 30;\n   private boolean isRecording \u003d false;\n   private RecordListener listener;\n   private android.media.projection.MediaProjection mp;\n   private android.media.projection.MediaProjectionManager mpm;\n   private MediaRecorder mr;\n   private int orientation \u003d 0;\n   private String out;\n   private int output_format \u003d 2;\n   private boolean recAudio \u003d false;\n   private android.hardware.display.VirtualDisplay vd;\n   private int videoBitRate \u003d 4;\n   private int videoEncoder \u003d 2;\n\n   public ScreenRecord(Context var1) {\n      this.context \u003d var1;\n      this.out \u003d FileUtil.getExternalStorageDir();\n      this.WIDTH \u003d var1.getResources().getDisplayMetrics().widthPixels;\n      this.HEIGHT \u003d var1.getResources().getDisplayMetrics().heightPixels;\n      this.DPI \u003d var1.getResources().getDisplayMetrics().densityDpi;\n      this.mpm \u003d (android.media.projection.MediaProjectionManager)var1.getSystemService(\"media_projection\");\n   }\n\n   private String createVideoName() {\n      Calendar var1 \u003d Calendar.getInstance();\n      StringBuffer var2 \u003d new StringBuffer();\n      StringBuffer var3 \u003d new StringBuffer();\n      StringBuffer var4 \u003d var3.append(\"/\");\n      SimpleDateFormat var5 \u003d new SimpleDateFormat(\"yyyy-MM-dd-hh_mm_ss\");\n      return var2.append(var4.append(var5.format(var1.getTime())).toString()).append(\".mp4\").toString();\n   }\n\n   private android.hardware.display.VirtualDisplay createVirtualDisplay() {\n      return this.mp.createVirtualDisplay(\"ScreenRecord\", this.WIDTH, this.HEIGHT, this.DPI, 16, this.mr.getSurface(), (android.hardware.display.VirtualDisplay.Callback)null, (Handler)null);\n   }\n\n   private void initRecorder() {\n      try {\n         MediaRecorder var1 \u003d new MediaRecorder();\n         this.mr \u003d var1;\n         if(this.recAudio) {\n            this.mr.setAudioSource(this.audio_source);\n         }\n\n         this.mr.setVideoSource(2);\n         this.mr.setOutputFormat(this.output_format);\n         MediaRecorder var3 \u003d this.mr;\n         StringBuffer var4 \u003d new StringBuffer();\n         var3.setOutputFile(var4.append(this.out).append(this.createVideoName()).toString());\n         if(this.recAudio) {\n            this.mr.setAudioEncoder(3);\n            this.mr.setAudioEncodingBitRate(this.audioBitRate);\n            this.mr.setAudioSamplingRate(this.audioBitRate);\n         }\n\n         this.mr.setVideoEncoder(this.videoEncoder);\n         this.mr.setVideoEncodingBitRate(1000000 * this.videoBitRate);\n         this.mr.setVideoFrameRate(this.frame);\n         this.mr.setVideoSize(this.WIDTH, this.HEIGHT);\n         this.mr.setOrientationHint(this.orientation);\n         this.mr.prepare();\n         this.vd \u003d this.createVirtualDisplay();\n      } catch (Exception var5) {\n         Toast.makeText(this.context, var5.getMessage(), 1).show();\n      }\n   }\n\n   public Intent getRecordPermission() {\n      return this.mpm.createScreenCaptureIntent();\n   }\n\n   public boolean isRecording() {\n      return this.isRecording;\n   }\n\n   public void setAudioBitRate(int var1) {\n      this.audioBitRate \u003d var1;\n   }\n\n   public void setAudioRecorder(boolean var1) {\n      this.recAudio \u003d var1;\n   }\n\n   public void setAudioSource(int var1) {\n      this.audio_source \u003d var1;\n   }\n\n   public void setFPS(int var1) {\n      this.frame \u003d var1;\n   }\n\n   public void setOnRecordListener(RecordListener var1) {\n      this.listener \u003d var1;\n   }\n\n   public void setOutputFormat(int var1) {\n      this.output_format \u003d var1;\n   }\n\n   public void setOutputPath(String var1) {\n      if(!FileUtil.isDirectory(var1)) {\n         FileUtil.makeDir(var1);\n      }\n\n      this.out \u003d var1;\n   }\n\n   public void setVideoBitRate(int var1) {\n      this.videoBitRate \u003d var1;\n   }\n\n   public void setVideoEncoder(int var1) {\n      this.videoEncoder \u003d var1;\n   }\n\n   public void setVideoResolution(int var1, int var2) {\n      this.WIDTH \u003d var1;\n      this.HEIGHT \u003d var2;\n   }\n\n   public void setVideoRotation(int var1) {\n      this.orientation \u003d var1;\n   }\n\n   public void startRecord(Intent var1, int var2) {\n      try {\n         this.mp \u003d this.mpm.getMediaProjection(var2, var1);\n         this.initRecorder();\n         this.mr.start();\n         this.isRecording \u003d true;\n         if(this.listener !\u003d null) {\n            this.listener.onStart();\n         }\n\n      } catch (Exception var4) {\n         Toast.makeText(this.context, var4.getMessage(), 1).show();\n      }\n   }\n\n   public void stopRecord() {\n      this.isRecording \u003d false;\n\n      try {\n         if(this.vd !\u003d null) {\n            this.vd.release();\n            this.vd \u003d (android.hardware.display.VirtualDisplay)null;\n         }\n\n         if(this.mr !\u003d null) {\n            this.mr.stop();\n            this.mr.reset();\n         }\n\n         if(this.mp !\u003d null) {\n            this.mp.stop();\n            this.mp \u003d (android.media.projection.MediaProjection)null;\n         }\n\n         if(this.listener !\u003d null) {\n            this.listener.onStop();\n         }\n\n      } catch (Exception var2) {\n         Toast.makeText(this.context, var2.getMessage(), 1).show();\n      }\n   }\n}\n\npublic static interface RecordListener {\n    void onStart();\n\n    void onStop();\n}\n\n\n\n{"},{"name":"put me at more block...","palette":"114","spec":"%m.mediaplayer ._. put me at more block بلوك مور في ضعني","type":" ","typeName":"","color":"#FF000000","code":"}\nprivate ScreenRecord %1$sSR;\n{"},{"spec2":"on failed permission","typeName":"","color":"#FF000000","name":"put at onActivityResult(.....) {}","palette":"114","spec":"%m.mediaplayer put at onActivityResult ضعني في  |  on success permission","type":"e","code":"if(_resultCode\u003d\u003dRESULT_OK){\n\t\t%1$sSR.startRecord(_data,_resultCode);\n%2$s\n\t}else{\n\t\t%3$s\n\t}"},{"name":"newScreenRecord....","palette":"114","spec":"%m.mediaplayer create in %m.activity ","typeName":"","type":" ","color":"#FF000000","code":"%1$sSR \u003d new ScreenRecord(%2$s.this);"},{"name":"newScreenRecord_copy63","palette":"114","spec":"%m.mediaplayer create in fragment %m.activity ","typeName":"","type":" ","color":"#FF000000","code":"%1$sSR \u003d new ScreenRecord(%2$s.this.getActivity());"},{"spec2":"on recording stoped","typeName":"","color":"#FF000000","name":"ScreenRecord Class Interface","palette":"114","spec":"%m.mediaplayer on recording started","type":"e","code":"%1$sSR.setOnRecordListener(new RecordListener(){\n\t\t@Override\n\t\tpublic void onStart() {\n\t\t\t%2$s\n\t\t}\r\n\t\t\r\n\t\t@Override\n\t\tpublic void onStop() {\n\t\t\t%3$s\n\t\t}\n\t});"},{"name":"setOutputPathSRC.....","palette":"114","spec":"%m.mediaplayer set save path %s","typeName":"","type":" ","color":"#FF000000","code":"%1$sSR.setOutputPath(%2$s);"},{"name":"setVideoResolution...","palette":"114","spec":"%m.mediaplayer setVideoResolution width %d height %d ","typeName":"","type":" ","color":"#FF000000","code":"%1$sSR.setVideoResolution((int)%2$s,(int)%3$s);"},{"name":"setVideoBitRateSRC....","palette":"114","spec":"%m.mediaplayer set qulity(mps) %d","typeName":"","type":" ","color":"#FF000000","code":"%1$sSR.setVideoBitRate((int)%2$s);"},{"name":"setFPSSRC....","palette":"114","spec":"%m.mediaplayer setFPS %d ","typeName":"","type":" ","color":"#FF000000","code":"%1$sSR.setFPS((int)%2$s);"},{"spec2":"onStop","typeName":"","color":"#FF000000","name":"isRecording....","palette":"114","spec":"%m.mediaplayer isRecording","type":"b","code":"%1$sSR.isRecording()"},{"name":"startRecorder....","palette":"114","spec":"%m.mediaplayer startRecord","typeName":"","type":" ","color":"#FF000000","code":"startActivityForResult(%1$sSR.getRecordPermission(),2001);"},{"name":"stopRecorder....","palette":"114","spec":"%m.mediaplayer stopRecord","typeName":"","type":" ","color":"#FF000000","code":"%1$sSR.stopRecord();"},{"name":"AudioSurceHeader","palette":"114","spec":"Audio Source","typeName":"","type":"h","color":"#FF212121","code":""},{"name":"setAudioRecorder....","palette":"114","spec":"%m.mediaplayer setAudioRecorder %b ","typeName":"","type":" ","color":"#FF000000","code":"%1$sSR.setAudioRecorder(%2$s);"},{"name":"setAudioBitRateSRC....","palette":"114","spec":"%m.mediaplayer setAudioBitRate %d ","typeName":"","type":" ","color":"#FF000000","code":"%1$sSR.setAudioBitRate((int)%2$s);"},{"name":"setAudioSourceSRC....","palette":"114","spec":"%m.mediaplayer setAudioSource %d","typeName":"","type":" ","color":"#FF000000","code":"%1$sSR.setAudioSource((int)%2$s);"},{"name":"AudioSource.DEFAULT....","palette":"114","spec":"DEFAULT","typeName":"","type":"d","color":"#FF000000","code":"MediaRecorder.AudioSource.DEFAULT"},{"name":"AudioSource.MIC...","palette":"114","spec":"MIC","typeName":"","type":"d","color":"#FF000000","code":"MediaRecorder.AudioSource.MIC"},{"name":"AudioSource.UNPROCESSED...","palette":"114","spec":"UNPROCESSED","typeName":"","type":"d","color":"#FF000000","code":"MediaRecorder.AudioSource.UNPROCESSED"},{"name":"AudioSource.CAMCORDER...","palette":"114","spec":"CAMCORDER","typeName":"","type":"d","color":"#FF000000","code":"MediaRecorder.AudioSource.CAMCORDER"},{"name":"videoEncoderHeader","palette":"114","spec":"Video Encoder","typeName":"","type":"h","color":"#FF212121","code":""},{"name":"setVideoEncoderSRC....","palette":"114","spec":"%m.mediaplayer setVideoEncoder %d ","typeName":"","type":" ","color":"#FF000000","code":"%1$sSR.setVideoEncoder((int)%2$s);"},{"name":"VideoEncoder.DEFAULT....","palette":"114","spec":"DEFAULT","typeName":"","type":"d","color":"#FF000000","code":"MediaRecorder.VideoEncoder.DEFAULT"},{"name":"VideoEncoder.H263....","palette":"114","spec":"H263","typeName":"","type":"d","color":"#FF000000","code":"MediaRecorder.VideoEncoder.H263"},{"name":"VideoEncoder.H264.....","palette":"114","spec":"H264","typeName":"","type":"d","color":"#FF000000","code":"MediaRecorder.VideoEncoder.H264"},{"name":"VideoEncoder.HEVC.....","palette":"114","spec":"HEVC","typeName":"","type":"d","color":"#FF000000","code":"MediaRecorder.VideoEncoder.HEVC"},{"name":"VideoEncoder.MPEG_4_SP...","palette":"114","spec":"MPEG_4_SP","typeName":"","type":"d","color":"#FF000000","code":"MediaRecorder.VideoEncoder.MPEG_4_SP"},{"name":"PutputFormatHeader","palette":"114","spec":"Output Format","typeName":"","type":"h","color":"#FF212121","code":""},{"name":"setOutputFormatSRC...","palette":"114","spec":"%m.mediaplayer setOutputFormat %d ","typeName":"","type":" ","color":"#FF000000","code":"%1$sSR.setOutputFormat((int)%2$s);"},{"name":"OutputFormat.DEFAULT....","palette":"114","spec":"DEFAULT","typeName":"","type":"d","color":"#FF000000","code":"MediaRecorder.OutputFormat.DEFAULT"},{"name":"OutputFormat.MPEG_4....","palette":"114","spec":"MPEG_4","typeName":"","type":"d","color":"#FF000000","code":"MediaRecorder.OutputFormat.MPEG_4"},{"name":"OutputFormat.THREE_GPP...","palette":"114","spec":"THREE_GPP","typeName":"","type":"d","color":"#FF000000","code":"MediaRecorder.OutputFormat.THREE_GPP"},{"name":"OutputFormat.AMR_NB..","palette":"114","spec":"AMR_NB","typeName":"","type":"d","color":"#FF000000","code":"MediaRecorder.OutputFormat.AMR_NB"}]