[{"code":"","color":"#FF3F51B5","name":"created by arab ware !","typeName":"","palette":"38","type":"h","spec":"create by Arab Ware Channel Owner"},{"code":"%1$s.getScrollX()","color":"#FF3F51B5","name":"get X","typeName":"","palette":"38","type":"d","spec":"%s.inputOnly  get x"},{"code":"int %1$svar \u003d (int) %2$s;\n%1$s.scrollTo(%1$svar, 0);","color":"#FF3F51B5","name":"set x","typeName":"","palette":"38","type":" ","spec":"%s.inputOnly set x %d"},{"code":"%1$s.getScrollY()","color":"#FF3F51B5","name":"get Y","typeName":"","palette":"38","type":"d","spec":"%s.inputOnly  get y"},{"code":"int %1$svar \u003d (int) %2$s;\n%1$s.scrollTo(0, %1$svar);","color":"#FF3F51B5","name":"set y","typeName":"","palette":"38","type":" ","spec":"%s.inputOnly set y %d"}]