[{"name":"by...","palette":"46","spec":"BY ARAB WARE CHANNEL","typeName":"","type":"h","code":"","color":"#FF304FFE"},{"name":"serviceCreateMoreBlock","palette":"46","spec":"create new %m.activity service|put me in more block|","typeName":"","type":"c","code":"}\npublic static class %1$sService extends android.app.Service {\n\t\t\t\t@Override\n\t\t\t\tpublic android.os.IBinder onBind(android.content.Intent intent) {\n\t\t\t\t\t\t\tthrow new UnsupportedOperationException(\"not\");\n\t\t\t\t}\n\t\t\t\t\t\t\t\n@Override\n\t\t\t\tpublic void onCreate(){\n\t\t\t\t\t\t\tsuper.onCreate();\n\t\t\t\t\t\t\t%2$s\n\n\n\n\t\t\t\t}\n\t\t\t\t@Override\n\t\t\t\tpublic int onStartCommand(Intent intent, int flags, int startId) {\n\t\t\t\t\t\n\t\t\t\t\t\t\treturn super.onStartCommand(intent,flags,startId);\n\t\t\t\t}\n\n\t\t\t\t@Override\n\t\t\t\tpublic void onDestroy() {\n\t\t\t\t\t\t\tsuper.onDestroy();\n\t\t\t\t\t\n\t\t\t\t}\n\t\t\t\t}\n{","color":"#FF304FFE"},{"name":"serviceStart","palette":"46","spec":"%m.intent start service %m.activity","type":" ","typeName":"","color":"#FF304FFE","code":"%1$s \u003d new Intent(getApplicationContext(),%2$sService.class);\nstartService(%1$s);"}]