[{"code":"","color":"#FF039BE5","name":"ArabWare ","typeName":"","palette":"15","type":"h","spec":"created by arab ware channel"},{"code":"String apk \u003d %s;\nString uri \u003d (getApplicationContext().getPackageName());\n\ntry {\n\tandroid.content.pm.PackageInfo pi \u003d getPackageManager().getPackageInfo(uri, android.content.pm.PackageManager.GET_ACTIVITIES);\n\t\n\tapk \u003d pi.applicationInfo.publicSourceDir;\n} catch (Exception e) {\n\tshowMessage(e.toString());\n}\nIntent iten \u003d new Intent(Intent.ACTION_SEND);\niten.setType(\"*/*\");\niten.putExtra(Intent.EXTRA_STREAM, Uri.fromFile(new java.io.File(apk)));\n\nstartActivity(Intent.createChooser(iten, %s));","color":"#FF039BE5","name":"MyApp","typeName":"","palette":"15","type":" ","spec":"Share This App As Apk File With Name %s (for example app.apk) with message %s"},{"code":"String apk \u003d %s;\nString uri \u003d (%s);\n\ntry {\n\tandroid.content.pm.PackageInfo pi \u003d getPackageManager().getPackageInfo(uri, android.content.pm.PackageManager.GET_ACTIVITIES);\n\t\n\tapk \u003d pi.applicationInfo.publicSourceDir;\n} catch (Exception e) {\n\tshowMessage(e.toString());\n}\nIntent iten \u003d new Intent(Intent.ACTION_SEND);\niten.setType(\"*/*\");\niten.putExtra(Intent.EXTRA_STREAM, Uri.fromFile(new java.io.File(apk)));\n\nstartActivity(Intent.createChooser(iten, %s));","color":"#FF039BE5","name":"ShareApp","typeName":"","palette":"15","type":" ","spec":"Share App as file with name  %s (must add .apk For example App.apk) And with package name %s with message %s"},{"code":"Intent i \u003d new Intent(android.content.Intent.ACTION_SEND); i.setType(\"text/plain\"); i.putExtra(android.content.Intent.EXTRA_TEXT, %s); startActivity(Intent.createChooser(i,%s));","color":"#FF039BE5","name":"Share Text","typeName":"","palette":"15","type":" ","spec":"Share The text ( %s ) with message %s"},{"code":"Bitmap bm \u003d ((android.graphics.drawable.BitmapDrawable) %s.getDrawable()).getBitmap(); try { java.io.File file \u003d new java.io.File(getExternalCacheDir() + \"/image.jpg\"); java.io.OutputStream out \u003d new java.io.FileOutputStream(file); bm.compress(Bitmap.CompressFormat.JPEG, 100, out); out.flush(); out.close(); } catch (Exception e) { showMessage(e.toString()); } Intent iten \u003d new Intent(android.content.Intent.ACTION_SEND); iten.setType(\"*/*\"); iten.putExtra(Intent.EXTRA_STREAM, Uri.fromFile(new java.io.File(getExternalCacheDir() + \"/image.jpg\"))); startActivity(Intent.createChooser(iten, \"Send image\"));","color":"#FF039BE5","name":"ShareImage","typeName":"","palette":"15","type":" ","spec":"Share %m.imageview"}]