[{"code":"","color":"#FF9C27B0","name":"created by Arab Ware Channel","typeName":"","palette":"39","type":"h","spec":"created by Arab Ware Channel"},{"code":"","color":"#FF9C27B0","name":"numbers without demical","typeName":"","palette":"39","type":"h","spec":"numbers without demical"},{"code":"%1$s.edit().putString(%3$s, String.valueOf((long)(%2$s))).commit();","color":"#FF9C27B0","name":"save number","typeName":"","palette":"39","type":" ","spec":"%m.file save number %d with key %s"},{"code":"Double.parseDouble(%1$s.getString(%2$s, \"\"))","color":"#FF9C27B0","name":"get saved number","typeName":"","palette":"39","type":"d","spec":"%m.file get number with key %s"},{"code":"","color":"#FF9C27B0","name":"numbers with demical","typeName":"","palette":"39","type":"h","spec":"numbers with demical"},{"code":"%1$s.edit().putString(%3$s, String.valueOf(%2$s)).commit();","color":"#FF9C27B0","name":"save number 2","typeName":"","palette":"39","type":" ","spec":"%m.file save number %d with key %s"},{"code":"Double.parseDouble(%1$s.getString(%2$s, \"\"))","color":"#FF9C27B0","name":"get saved number 2","typeName":"","palette":"39","type":"d","spec":"%m.file get number with key %s"},{"code":"","color":"#FF9C27B0","name":"do some thing one time every time that user enter","typeName":"","palette":"39","type":"h","spec":"Do SomeThing Happens OneTime EveryTime That User Open The App"},{"code":"if (%3$s.getString(\"%2$s\", \"\").equals(\"\")) {\r\n\t%3$s.edit().putString(\"%2$s\", \"True\").commit();\r\n\t%2$s.setClass(getApplicationContext(), %1$s.class);\r\n\tstartActivity(%2$s);\r\n}\r\nelse {\r\n\t%3$s.edit().remove(\"%2$s\").commit();\r\n}","color":"#FF9C27B0","name":"SplashScreen","typeName":"","palette":"39","type":" ","spec":"Go to splash screen %m.activity by %m.intent by %m.file"},{"code":"if (%1$s.getString(\"%1$s\", \"\").equals(\"\")) {\r\n\tSketchware.edit().putString(\"%1$s\", \"True\").commit();\r\n\t%2$s\n}\r\nelse {\r\n\tSketchware.edit().remove(\"%1$s\").commit();\r\n}","color":"#FF9C27B0","name":"Do One Time every Opening","typeName":"","palette":"39","type":"c","spec":"%m.file Do this every open for app just one time"},{"code":"","color":"#FF9C27B0","name":"do this just one time","typeName":"","palette":"39","type":"h","spec":"Do This Just One Time"},{"code":"if (%1$s.getString(\"%1$s\", \"\").equals(\"\")) {\r\n\t%1$s.edit().putString(\"%1$s\", \"True\").commit();\r\n\t%2$s\n}\r\nelse { \n}","color":"#FF9C27B0","name":"Do This Just One Time","typeName":"","palette":"39","type":"c","spec":"%m.file Do This Just One Time"},{"code":"","color":"#FF9C27B0","name":"check box save check data","typeName":"","palette":"39","type":"h","spec":"check box save check box data"},{"code":"if (%1$s.isChecked()) {\r\n\t%2$s.edit().putString(\"check\", \"true\").commit();\r\n}\r\nelse {\r\n\t%2$s.edit().putString(\"check\", \"false\").commit();\r\n}","color":"#FF9C27B0","name":"set check box save data","typeName":"","palette":"39","type":" ","spec":"%m.checkbox save data into %m.file"},{"code":"if (%2$s.getString(\"check\", \"\").equals(\"\")) {\r\n\t\r\n}\r\nelse {\r\n\tif (%2$s.getString(\"check\", \"\").equals(\"true\")) {\r\n\t   %1$s.setChecked(true);\r\n\t}\r\n\telse {\r\n\t\t%1$s.setChecked(false);\r\n\t}\r\n}","color":"#FF9C27B0","name":"check box get data","typeName":"","palette":"39","type":" ","spec":"%m.checkbox get data from %m.file"}]