[{"name":"byArabWareChannel","palette":"226","spec":"BY ARAB WARE CHANNEL","typeName":"","type":"h","code":"","color":"#FF283593"},{"name":"more block.......","palette":"226","spec":"put me at more block ضعني في مور بلوك","type":" ","typeName":"","color":"#FF283593","code":"}\n/*\n//blocks by arab ware channel\n//original code is not but it has been changed ( some part are coded by arab ware channel )\n*/\n\n\tpublic String getSignture(Context context) {\ntry {\n\t\tandroid.content.pm.PackageInfo packageInfo \u003d context.getPackageManager().getPackageInfo(\n\t\t\t\tgetPackageName(), android.content.pm.PackageManager.GET_SIGNATURES);\n    //note sample just checks the first signature\n\t\tfor (android.content.pm.Signature signature : packageInfo.signatures) {\n\t\t\t// SHA1 the signature\n\t\t\tString sha1 \u003d getSHA1_(signature.toByteArray());\n\t\t\t// check is matches hardcoded value\n\t\t\treturn sha1;\n\t\t}\n} catch(android.content.pm.PackageManager.NameNotFoundException e) {}\n\n\treturn \"\";\n\t}\n  \n  //computed the sha1 hash of the signature\n  public String getSHA1_(byte[] sig) {\ntry {\n  \t\tjava.security.MessageDigest digest \u003d java.security.MessageDigest.getInstance(\"SHA1\");\ndigest.update(sig);\n\t\t\tbyte[] hashtext \u003d digest.digest();\n\t\t\treturn bytes_To_Hex_(hashtext);\n} catch(java.security.NoSuchAlgorithmException e) {}\n\t\t\treturn \"\";\n\t}\n  \n  //util method to convert byte array to hex string\n  public String bytes_To_Hex_(byte[] bytes) {\n  \tfinal char[] hexArray \u003d { \u00270\u0027, \u00271\u0027, \u00272\u0027, \u00273\u0027, \u00274\u0027, \u00275\u0027, \u00276\u0027, \u00277\u0027, \u00278\u0027,\n\t\t\t\t\u00279\u0027, \u0027A\u0027, \u0027B\u0027, \u0027C\u0027, \u0027D\u0027, \u0027E\u0027, \u0027F\u0027 };\n\t\tchar[] hexChars \u003d new char[bytes.length * 2];\n\t\tint v;\n\t\tfor (int j \u003d 0; j \u003c bytes.length; j++) {\n\t\t\tv \u003d bytes[j] \u0026 0xFF;\n\t\t\thexChars[j * 2] \u003d hexArray[v \u003e\u003e\u003e 4];\n\t\t\thexChars[j * 2 + 1] \u003d hexArray[v \u0026 0x0F];\n\t\t}\n\t\treturn new String(hexChars);\n\t}\n  \n    \n\n{"},{"name":"getSignture.....","palette":"226","spec":"getSignture of this app | %m.activity","typeName":"","type":"s","code":"%1$s.this.getSignture(%1$s.this)","color":"#FF283593"}]