[{"code":"","color":"#FF039BE5","name":"codes maker","typeName":"","palette":"64","type":"h","spec":"codes maker |created by arab ware channel|"},{"code":"%2$s.add(%1$s);\n%4$s.add(%3$s);\n%6$s.add(%5$s);","color":"#FF039BE5","name":"create code","typeName":"","palette":"64","type":" ","spec":"create code title %s into %m.listStr create code %s into %m.listStr create description %s into %m.listStr"},{"code":"%1$s.get((int)(%2$s))","color":"#FF039BE5","name":"get title","typeName":"","palette":"64","type":"s","spec":"Get Title From %m.listStr at %d"},{"code":"%1$s.get((int)(%2$s))","color":"#FF039BE5","name":"get code","typeName":"","palette":"64","type":"s","spec":"Get code from %m.listStr at %d"},{"code":"%1$s.get((int)(%2$s))","color":"#FF039BE5","name":"get description","typeName":"","palette":"64","type":"s","spec":"Get Description From %m.listStr at %d"}]