[{"code":"getWindow().getDecorView().setBackgroundResource(android.R.color.transparent);\r\nViewConfiguration vc \u003d ViewConfiguration.get(this);\nMIN_DISTANCE \u003d vc.getScaledTouchSlop();\n\nrootView \u003d(ViewGroup)getWindow().findViewById(Window.ID_ANDROID_CONTENT);\r\n//converts percent to 0-225 range .\nmaxAlpha \u003d(int) ((225.0d/100.0d)* MAX_SCRIM_ALPHA); \r\ntry{\r\n\tconvertFromTranslucent \u003d Activity.class.getDeclaredMethod(\"convertFromTranslucent\");         convertFromTranslucent.setAccessible(true);\r\n\tjava.lang.reflect.Method getActivityOptions \u003d Activity.class.getDeclaredMethod(\"getActivityOptions\"); \tgetActivityOptions.setAccessible(true);\r\n\toptions \u003d getActivityOptions.invoke(this);\n\t\tClass\u003c?\u003e[] classes \u003d Activity.class.getDeclaredClasses();\n\t Class\u003c?\u003e translucentConversionListenerClazz \u003d null;\n\t\tfor (Class clazz : classes) {\n\t\t\t\tif (clazz.getSimpleName().contains(\"TranslucentConversionListener\")) {\n\t\t\t\t\t\ttranslucentConversionListenerClazz \u003d clazz; \n\t\t\t\t} \n\t\t} \n\t\t convertToTranslucent \u003d Activity.class.getDeclaredMethod(\"convertToTranslucent\", translucentConversionListenerClazz, ActivityOptions.class);\n\t\tconvertToTranslucent.setAccessible(true);\r\n} catch (Exception e) {\n\tshowMessage(e.toString());\n\t }\r\n}\r\n// Custom Variables\r\n//You can change it to color of your choice \nprivate static final int SCRIM_COLOR \u003d 0xFF000000;\n//Alpha is not taken into consideration while calculating scrim color  so it dosent matter .\n\nprivate static final int  SCRIM_R \u003d Color.red(SCRIM_COLOR);\nprivate static final int SCRIM_G \u003d Color.green(SCRIM_COLOR);\nprivate static final int  SCRIM_B \u003d Color.blue(SCRIM_COLOR);\r\nprivate static final int MAX_SCRIM_ALPHA\u003d 80;\n//in percentage\r\nprivate ViewGroup rootView ;\nprivate boolean enableSwipe\u003d false;\nprivate boolean lockSwipe \u003d false;\nprivate float downX;\nprivate float downY;\nprivate float MIN_DISTANCE ;\nprivate int maxAlpha;\r\nprivate java.lang.reflect.Method convertFromTranslucent;\nprivate java.lang.reflect.Method getActivityOptions;\n\nprivate Object options;\n\nprivate java.lang.reflect.Method convertToTranslucent;\r\n// Detect touch Events\r\n @Override public boolean dispatchTouchEvent(MotionEvent event) { \r\nswitch(event.getAction()) { \n\tcase MotionEvent.ACTION_DOWN: \r\n\tdownX \u003d event.getRawX();\n\tdownY \u003devent.getRawY();\r\n\tenableSwipe \u003d false;\n\tlockSwipe \u003d false;\r\n\t//convert activity to transparent\n\ttry {\n\t\t\tconvertToTranslucent.invoke(this, null, options); \n\t} catch (Throwable t) {\n\t}\r\n\tbreak; \n\tcase MotionEvent.ACTION_MOVE: \r\n\tif (!lockSwipe){\r\n\t\tif(enableSwipe){\r\n\t\t\tfloat translation \u003d event.getRawX() -downX - MIN_DISTANCE;\r\n\t\t\tif (translation \u003e\u003d rootView.getWidth() || translation\u003c\u003d 0){\r\n\t\t\t\trootView.setTranslationX(0);\r\n\t\t\t}else{\r\n\t\t\t\trootView.setTranslationX(translation);\r\n\t\t\t\t//calculate distance scrolled in percentage\n\t\t\t\tint distanceInPercentage \u003d(int)( ((double)translation/(double)rootView.getWidth())*100);\n\t\t\t\t\n\t\t\t\t//calculate alpha from distance in range 0 - maxAlpha\n\t\t\t\t\n\t\t\t\tint alpha \u003d(int) ( ((double)maxAlpha/100.0d)*distanceInPercentage);\n\t\t\t\t\n\t\t\t\t//alpha will be greater when it is scrolled more this we do not need this but we need the inverse of it so subtract it from maxAlpha\n\t\t\t\talpha \u003d maxAlpha - alpha;\r\n\t\t\t\t\n\t\t\t\tint scrimColor \u003d Color.argb(alpha,SCRIM_R,SCRIM_G,SCRIM_B);\n\t\t\t\t\n\t\t\t\tgetWindow().setBackgroundDrawable(new android.graphics.drawable.ColorDrawable(scrimColor));\r\n\t\t\t}\r\n\t\t}else{\r\n\t\t\tif(Math.abs(event.getRawY() - downY) \u003e\u003d MIN_DISTANCE){\r\n\t\t\t\tenableSwipe \u003d false;\n\t\t\t\tlockSwipe \u003d true;\r\n\t\t\t}else{\r\n\t\t\t\tenableSwipe \u003d event.getRawX() -downX \u003e\u003d MIN_DISTANCE;\r\n\t\t\t}\n\t\t}\n\t}\r\n\tbreak; \n\tcase MotionEvent.ACTION_UP: \r\n\tif(rootView.getTranslationX() \u003e rootView.getWidth() / 5){\r\n\t\trootView.animate() \n\t\t.translationX(rootView.getWidth())\n\t\t.setListener(\n\t\tnew AnimatorListenerAdapter() { \n\t\t\t\t\t@Override public void onAnimationEnd(Animator animation) { \n\t\t\t\t\n\t\t\t\t\tsuper.onAnimationEnd(animation);\n\t\t\t\tfinish();\n\t\t\t\toverridePendingTransition(0, 0);\n\t\t\t\t\n\t\t\t} });\r\n\t}else{\r\n\t\trootView.animate() \n\t\t.translationX(0)\n\t\t.setListener(\n\t\tnew AnimatorListenerAdapter() { \n\t\t\t\t\t@Override public void onAnimationEnd(Animator animation) { \n\t\t\t\tsuper.onAnimationEnd(animation);\r\n\t\t\t\t// convert activity back to normal\r\n\t\t\t\ttry {\n\t\t\t\t\t convertFromTranslucent.invoke(this);\n\t\t\t\t\t        } catch (Throwable t) {}\r\n\t\t\t} });\r\n\t\tenableSwipe \u003dfalse;\n\t\tlockSwipe \u003d false;\r\n\t}\r\n\tbreak; \n\tdefault:\n\tenableSwipe \u003dfalse;\n\tlockSwipe \u003d false;\r\n\tbreak; \n}\r\nif (enableSwipe){\n\tevent.setAction(MotionEvent.ACTION_CANCEL);\n}\nreturn super.dispatchTouchEvent(event);\r\n}\r\n\r\n{","color":"#FFFFC107","name":"sliderActivity","typeName":"","palette":"76","type":" ","spec":"slider Activity"}]