[{"code":"","color":"#FF2196F3","name":"developed \u0026 added by arab ware channel","typeName":"","palette":"75","type":"h","spec":"created by Rayan Mark"},{"code":"","color":"#FF2196F3","name":"put this blocks in backgroud","typeName":"","palette":"75","type":"h","spec":"put this blocks in on create plz \u0026 dont forgot to add slide root library"},{"code":"%1$s \u003d new SlidingRootNavBuilder(this).withToolbarMenuToggle(_toolbar);","color":"#FF2196F3","name":"create it","typeName":"","palette":"75","type":" ","spec":"create new Sliding Root Nav with ID %s.inputOnly"},{"code":"%2$s.withMenuLayout(R.layout.%1$s);","color":"#FF2196F3","name":"layout ","typeName":"","palette":"75","type":" ","spec":"set %m.layout for slide rool %s.inputOnly"},{"code":"%2$s.withDragDistance(%1$s);","color":"#FF2196F3","name":"Drag","typeName":"","palette":"75","type":" ","spec":"set Drag %d for slide root %s.inputOnly"},{"code":"%2$s.withRootViewScale(0.7f);\r\n%2$s.withGravity(SlideGravity.%1$s);","color":"#FF2196F3","name":"gravity","typeName":"","palette":"75","type":" ","spec":"set %m.gravity for slide root %s.inputOnly"},{"code":"final ViewGroup viewGroup \u003d (ViewGroup) ((ViewGroup)this.findViewById(android.R.id.content)).getChildAt(0);\r\nviewGroup.setBackgroundColor(0xFFFFFFFF);\r\n%1$s.withRootViewElevation(%2$s);","color":"#FF2196F3","name":"elevation","typeName":"","palette":"75","type":" ","spec":"root slide %s.inputOnly set elevation %d"},{"code":"%1$s.withRootViewYTranslation(%2$s);","color":"#FF2196F3","name":"translation","typeName":"","palette":"75","type":" ","spec":"root slide %s.inputOnly set Y translation %d"},{"code":"","color":"#FF2196F3","name":"put this block at end of all your block in on create","typeName":"","palette":"75","type":"h","spec":"put this block at end of all your block in on create"},{"code":"%1$sa \u003d %1$s.inject();\r\n%2$s\r\n}\r\nprivate SlidingRootNavBuilder %1$s ;\r\nprivate SlidingRootNav %1$sa ;\r\n{","color":"#FF2196F3","name":"hmmm","typeName":"","palette":"75","type":"c","spec":"slide root with ID %s.inputOnly"},{"code":"","color":"#FF2196F3","name":"put this block in anywhere you want","typeName":"","palette":"75","type":"h","spec":"put this block in anywhere you want"},{"code":"LinearLayout %2$s \u003d (LinearLayout)findViewById(R.id.%3$s);\r\n\r\n%2$s.setOnClickListener(new View.OnClickListener() {\r\npublic void onClick(View v) {\r\n%1$sa.closeMenu(true);\r\n}\r\n});","color":"#FF2196F3","name":"Linear to close navigation","typeName":"","palette":"75","type":" ","spec":"slide root %s.inputOnly create linear with ID %s.inputOnly from linear with ID %s.inputOnly"},{"code":"LinearLayout %2$s \u003d (LinearLayout)findViewById(R.id.%3$s);\r\n\r\n%2$s.setOnClickListener(new View.OnClickListener() {\r\npublic void onClick(View v) {\r\ni.setClass(getApplicationContext(), %1$s.class);\r\n\t\t\t\tstartActivity(i);\r\n}\r\n});","color":"#FF2196F3","name":"create root slide in linear","typeName":"","palette":"75","type":" ","spec":"create slide root screen %m.activity by create linear %s.inputOnly from linear %s.inputOnly"},{"code":"Button %2$s \u003d (Button)findViewById(R.id.%3$s);\r\n\r\n%2$s.setOnClickListener(new View.OnClickListener() {\r\npublic void onClick(View v) {\r\n%1$sa.closeMenu(true);\r\n}\r\n});","color":"#FF2196F3","name":"Button to close navigation","typeName":"","palette":"75","type":" ","spec":"slide root %s.inputOnly create button with ID %s.inputOnly from button with ID %s.inputOnly"},{"code":"Button %2$s \u003d (Button)findViewById(R.id.%3$s);\r\n\r\n%2$s.setOnClickListener(new View.OnClickListener() {\r\npublic void onClick(View v) {\r\ni.setClass(getApplicationContext(), %1$s.class);\r\n\t\t\t\tstartActivity(i);\r\n}\r\n});","color":"#FF2196F3","name":"create slide root in button","typeName":"","palette":"75","type":" ","spec":"create slide root screen %m.activity by create button %s.inputOnly from button %s.inputOnly"},{"code":"TextView %2$s \u003d (TextView)findViewById(R.id.%3$s);\r\n\r\n%2$s.setOnClickListener(new View.OnClickListener() {\r\npublic void onClick(View v) {\r\n%1$sa.closeMenu(true);\r\n}\r\n});","color":"#FF2196F3","name":"TextView to close navigation","typeName":"","palette":"75","type":" ","spec":"slide root %s.inputOnly create textview with ID %s.inputOnly from textview with ID %s.inputOnly"},{"code":"TextView %2$s \u003d (TextView)findViewById(R.id.%3$s);\r\n\r\n%2$s.setOnClickListener(new View.OnClickListener() {\r\npublic void onClick(View v) {\r\ni.setClass(getApplicationContext(), %1$s.class);\r\n\t\t\t\tstartActivity(i);\r\n}\r\n});","color":"#FF2196F3","name":"create slide root in textview","typeName":"","palette":"75","type":" ","spec":"create slide root screen %m.activity by create linear %s.inputOnly from linear %s.inputOnly"},{"code":"ImageView %2$s \u003d (ImageView)findViewById(R.id.%3$s);\r\n\r\n%2$s.setOnClickListener(new View.OnClickListener() {\r\npublic void onClick(View v) {\r\n%1$sa.closeMenu(true);\r\n}\r\n});","color":"#FF2196F3","name":"Image to close navigation","typeName":"","palette":"75","type":" ","spec":"slide root %s.inputOnly create linear with ID %s.inputOnly from linear with ID %s.inputOnly"},{"code":"ImageView %2$s \u003d (ImageView)findViewById(R.id.%3$s);\r\n\r\n%2$s.setOnClickListener(new View.OnClickListener() {\r\npublic void onClick(View v) {\r\ni.setClass(getApplicationContext(), %1$s.class);\r\n\t\t\t\tstartActivity(i);\r\n}\r\n});","color":"#FF2196F3","name":"create slide root in imageview","typeName":"","palette":"75","type":" ","spec":"create slide root screen %m.activity by create imageview %s.inputOnly from imageview %s.inputOnly"}]