[{"code":"}\n\npublic static class CustomSnackBarByArabWare {\n\nprivate com.google.android.material.snackbar.Snackbar snackbar;\nprivate View view;\nprivate View parentview;\nprivate Context context;\nprivate boolean isActivity;\nprivate Fragment fragmentContext;\n\n\npublic CustomSnackBarByArabWare(Activity activity , View ContextView) {\n\ncontext \u003d activity;\n\nisActivity \u003d true;\n\nparentview \u003d ContextView;\n\n}\n\npublic CustomSnackBarByArabWare(Fragment fragment , View ContextView) {\n\nfragmentContext \u003d fragment;\n\ncontext \u003d fragment.getActivity();\n\nisActivity \u003d false;\n\nparentview \u003d ContextView;\n\n\n}\n\npublic void setLayout(int layout) {\nsnackbar \u003d com.google.android.material.snackbar.Snackbar.make(parentview, \"\", com.google.android.material.snackbar.Snackbar.LENGTH_LONG);\nsnackbar.getView().setBackgroundColor(Color.TRANSPARENT);\ncom.google.android.material.snackbar.Snackbar.SnackbarLayout snackbarView2 \u003d (com.google.android.material.snackbar.Snackbar.SnackbarLayout) snackbar.getView(); \n\nif(isActivity) {\n\nview \u003d ((Activity)context).getLayoutInflater().inflate(layout, null);\n\n} else {\n\nview \u003d (View) fragmentContext.getActivity().getLayoutInflater().inflate(layout, null);\n\n}\nsnackbarView2.addView(view, 0);\n\n}\n\npublic View getView2(int viewId) {\n\nreturn view.findViewById(viewId);\n\n}\n\n\npublic void show() {\n\nsnackbar.show();\n\n}\n\n}\n\n{","color":"#FF2E7D32","name":"library ......","typeName":"","palette":"20","type":" ","spec":"put me at more block (library) (المكتبة) بلوك مور في ضعني"},{"code":"}\nprivate CustomSnackBarByArabWare %1$sCS;\n{","color":"#FF2E7D32","name":"put me at more block ..................","typeName":"","palette":"20","type":" ","spec":"%m.activity put me at more block بلوك مور في ضعني"},{"code":"%1$sCS \u003d new CustomSnackBarByArabWare(%1$s.this,_coordinator);","color":"#FF2E7D32","name":"create new snack bar........","typeName":"","palette":"20","type":" ","spec":"%m.activity create new snackbar"},{"code":"%1$sCS.setLayout(R.layout.%2$s);","color":"#FF2E7D32","name":"setLayout .......","typeName":"","palette":"20","type":" ","spec":"%m.activity snackbar setLayout %m.customViews"},{"code":"%1$sCS.show();","color":"#FF2E7D32","name":"show ...............","typeName":"","palette":"20","type":" ","spec":"%m.activity show snackbar"},{"code":"((%2$s)%1$sCS.getView2(R.id.%3$s))","color":"#FF2E7D32","name":"getSnackBarView","typeName":"View","palette":"20","type":"v","spec":"%m.activity snackbar getView type %m.typeview viewId %s.inputOnly"},{"code":"ViewGroup parentLayout \u003d (ViewGroup) ((ViewGroup) this .findViewById(android.R.id.content)).getChildAt(0);\n   com.google.android.material.snackbar.Snackbar.make(parentLayout, %1$s, com.google.android.material.snackbar.Snackbar.LENGTH_LONG) \n        .setAction(%2$s, new View.OnClickListener() {\n            @Override \n            public void onClick(View view) {\n%3$s\n            } \n        }).show();","color":"#FF2E7D32","name":"SnackBar","typeName":"","palette":"20","type":"c","spec":"SnackBar Set Message %s Button %s "}]