[{"code":"com.google.android.material.snackbar.Snackbar sb \u003d com.google.android.material.snackbar.Snackbar.make(linear1, \"%s\", com.google.android.material.snackbar.Snackbar.LENGTH_LONG).setDuration(8000);\n\nsb.show();","color":"#FF6F00","name":"Snackbar","typeName":"","palette":"70","type":" ","spec":"SnackBar Message show without button  %s.inputOnly"},{"code":"com.google.android.material.snackbar.Snackbar sb \u003d com.google.android.material.snackbar.Snackbar.make(linear1, \"%s\", com.google.android.material.snackbar.Snackbar.LENGTH_LONG).setDuration(8000);\n\nsb.setAction(\"%s\", new View.OnClickListener(){\n\t@Override\n\tpublic void onClick(View v){\n\t\t\n\t\t \n\t\t\n\t}\n});\n\nsb.show();","color":"#FF6F00","name":"snackbar massage with button","typeName":"","palette":"70","type":"c","spec":"snackbar with button massage%s.inputOnly  button name%s.inputOnly "}]