[{"code":"","color":"#FF03A9F4","name":"Added By Arab Ware Team","typeName":"","palette":"120","type":"h","spec":"Added By Arab Ware Team"},{"code":"%1$s.setAdapter(new ArrayAdapter\u003cString\u003e(getBaseContext(), android.R.layout.simple_spinner_dropdown_item, %2$s));","color":"#FF03A9F4","name":"set data from list string","typeName":"","palette":"120","type":" ","spec":"%m.spinner set data from %m.listStr"},{"code":"((ArrayAdapter)%1$s.getAdapter()).notifyDataSetChanged();","color":"#FF03A9F4","name":"refresh spinner","typeName":"","palette":"120","type":" ","spec":"%m.spinner refresh data"},{"code":"%1$s.setSelection((int)(%2$s));","color":"#FF03A9F4","name":"set selection","typeName":"","palette":"120","type":" ","spec":"%m.spinner set selection %d"},{"code":"%1$s.getSelectedItemPosition()","color":"#FF03A9F4","name":"get selection","typeName":"","palette":"120","type":"d","spec":"%m.spinner get seletion"}]