[{"code":"final StartAppAd rewardedVideo \u003d new StartAppAd(%1$s.this);","name":"RewardedVideoAd","palette":"295","type":" ","spec":"RewardedVideoAd%m.activity"},{"code":"rewardedVideo.setVideoListener(new VideoListener() {\n@Override\npublic void onVideoCompleted() {\n%1$s\n}\n});","name":"rewardedVideosetListener","palette":"295","type":"c","spec":"rewardedListener onComplete"},{"code":"rewardedVideo.loadAd(StartAppAd.AdMode.REWARDED_VIDEO, new AdEventListener() {\n%1$s\n});","name":"rewardedVideoLoad","palette":"295","type":"c","spec":"rewardedVideoLoad"},{"code":" @Override\npublic void onReceiveAd(Ad ad) {\n%1$s\n}","name":"onSuccessVideoLoad","palette":"295","type":"c","spec":"onSuccessVideoLoad"},{"code":" @Override\npublic void onFailedToReceiveAd(Ad ad) {\n%1$s\n}","name":"onFailedVideoLoad","palette":"295","type":"c","spec":"onFailedVideoLoad"},{"code":"rewardedVideo.showAd();","name":"showVideoAd","palette":"295","type":" ","spec":"showVideoAd"},{"code":"StartAppAd.showAd(%1$s.this);","name":"showInterstitialAd","palette":"295","type":" ","spec":"showInterstitialAd%m.activity"},{"code":"Banner %1$s \u003d new Banner(%2$s.this);\n%1$s.setLayoutParams(new ViewGroup.LayoutParams(ViewGroup.LayoutParams.MATCH_PARENT, ViewGroup.LayoutParams.WRAP_CONTENT));\n%3$s.addView(%1$s);","name":"CreateBannerAd","palette":"295","type":" ","spec":"CreateBannerAd withName%s.inputOnly at%m.activity inflateTo%m.view"},{"code":"StartAppSDK.init(this, %1$s, %2$s);","name":"StartApp","palette":"295","type":" ","spec":"StartApp AppID%s setReturnAd%b"},{"code":"StartAppSDK.setTestAdsEnabled(%1$s);","name":"StartAppTestAdMode","palette":"295","type":" ","spec":"StartAppTestAdMode%b"}]