[{"code":"/**/","color":"#FF98A8DA","name":"Sweet Toast by Exodus","typeName":"","palette":"28","type":"h","spec":"Sweet Toast by Exodus"},{"code":"/**/","color":"#FF98A8DA","name":"success [Sweet Toast Header]","typeName":"","palette":"28","type":"h","spec":"Success"},{"code":"SweetToast.success(%1$s.this, %2$s);","color":"#FF4CAF50","name":"sweetToast [Success]","typeName":"","palette":"28","type":" ","spec":"Sweet Toast %m.activity setMessage %s"},{"code":"/**/","color":"#FF98A8DA","name":"error [Sweet Toast Header]","typeName":"","palette":"28","type":"h","spec":"Error"},{"code":"SweetToast.error(%1$s.this, %2$s);","color":"#FFF44336","name":"sweetToast [Error]","typeName":"","palette":"28","type":" ","spec":"Sweet Toast %m.activity setMessage %s"},{"code":"/**/","color":"#FF98A8DA","name":"warning [Sweet Toast Header]","typeName":"","palette":"28","type":"h","spec":"Warning"},{"code":"SweetToast.warning(%1$s.this, %2$s);","color":"#FFFF9800","name":"sweetToast [Warning]","typeName":"","palette":"28","type":" ","spec":"Sweet Toast %m.activity setMessage %s"},{"code":"/**/","color":"#FF98A8DA","name":"info [Sweet Toast Header]","typeName":"","palette":"28","type":"h","spec":"Info"},{"code":"SweetToast.info(%1$s.this, %2$s);","color":"#FF2196F3","name":"sweetToast [Info]","typeName":"","palette":"28","type":" ","spec":"Sweet Toast %m.activity setMessage %s"},{"code":"/**/","color":"#FF98A8DA","name":"default [Sweet Toast Header]","typeName":"","palette":"28","type":"h","spec":"Default"},{"code":"SweetToast.defaultShort(%1$s.this, %2$s);","color":"#FF98A8DA","name":"sweetToast [Default]","typeName":"","palette":"28","type":" ","spec":"Sweet Toast %m.activity setMessage %s"}]