[{"code":"","color":"#FF000000","name":"put it to MoreBlock","typeName":"","palette":"293","type":"h","spec":"put it to MoreBlock"},{"code":"}\n\npublic class OnSwipeTouchListener implements View.OnTouchListener {\n\nprivate GestureDetector gestureDetector;\n\npublic OnSwipeTouchListener(Context c) {\n    gestureDetector \u003d new GestureDetector(c, new GestureListener());\n}\n\npublic boolean onTouch(final View view, final MotionEvent motionEvent) {\n    return gestureDetector.onTouchEvent(motionEvent);\n}\n\nprivate final class GestureListener extends GestureDetector.SimpleOnGestureListener {\n\n    private static final int SWIPE_THRESHOLD \u003d 100;\n    private static final int SWIPE_VELOCITY_THRESHOLD \u003d 100;\nprivate boolean touch \u003d false;\n\n    @Override\n    public boolean onDown(MotionEvent e) {\n        return true;\n    }\n\n    @Override\n    public boolean onSingleTapUp(MotionEvent e) {\n        onClick();\n        return super.onSingleTapUp(e);\n    }\n\n    @Override\n    public boolean onDoubleTap(MotionEvent e) {\n        onDoubleClick();\n        return super.onDoubleTap(e);\n    }\n\n    @Override\n    public void onLongPress(MotionEvent e) {\n        onLongClick();\n        super.onLongPress(e);\n    }\n\n    // Determines the fling velocity and then fires the appropriate swipe event accordingly\n    @Override\n    public boolean onFling(MotionEvent e1, MotionEvent e2, float velocityX, float velocityY) {\n        boolean result \u003d false;\n        try {\n            float diffY \u003d e2.getY() - e1.getY();\n            float diffX \u003d e2.getX() - e1.getX();\n            if (Math.abs(diffX) \u003e Math.abs(diffY)) {\n                if (Math.abs(diffX) \u003e SWIPE_THRESHOLD \u0026\u0026 Math.abs(velocityX) \u003e SWIPE_VELOCITY_THRESHOLD) {\n                    if (diffX \u003e 0) {\n                        onSwipeRight();\n                    } else {\n                        onSwipeLeft();\n                    }\n                }\n            } else {\n                if (Math.abs(diffY) \u003e SWIPE_THRESHOLD \u0026\u0026 Math.abs(velocityY) \u003e SWIPE_VELOCITY_THRESHOLD) {\n                    if (diffY \u003e 0) {\n                        onSwipeDown();\n                    } else {\n                        onSwipeUp();\n                    }\n                }\n            }\n        } catch (Exception exception) {\n            exception.printStackTrace();\n        }\n        return result;\n    }\n}\n\npublic void onSwipeRight() {\n}\n\npublic void onSwipeLeft() {\n}\n\npublic void onSwipeUp() {\n}\n\npublic void onSwipeDown() {\n}\n\npublic void onClick() {\n\n}\n\npublic void onDoubleClick() {\n\n}\n\npublic void onLongClick() {\n\n}\n\n}\n\n\n{","color":"#FF9C27B0","name":"OnSwipeTouchListener ","typeName":"","palette":"293","type":" ","spec":"OnSwipeTouchListener lib"},{"code":"","color":"#FF000000","name":"________________________","typeName":"","palette":"293","type":"h","spec":"________________________"},{"code":"%1$s.setOnTouchListener(new OnSwipeTouchListener(%2$s.this) {\n\n             %3$s\n            \n        });\n\n","color":"#FF9C27B0","name":"setOnTouchListener","typeName":"","palette":"293","type":"c","spec":"%m.view  setOnTouchListener %m.activity "},{"code":"@Override\n            public void onClick() {\n                super.onClick();\n                // your on click here\n                   %1$s\n            }","color":"#FF9C27B0","name":"onClick  ","typeName":"","palette":"293","type":"c","spec":"onClick"},{"code":" @Override\n            public void onDoubleClick() {\n                super.onDoubleClick();\n                // your on onDoubleClick here\n\n                %1$s\n            }\n","color":"#FF9C27B0","name":"onDoubleClick","typeName":"","palette":"293","type":"c","spec":"onDoubleClick"},{"code":" @Override\n            public void onLongClick() {\n                super.onLongClick();\n                // your on onLongClick here\n                %1$s\n            }\n","color":"#FF9C27B0","name":"onLongClick","typeName":"","palette":"293","type":"c","spec":"onLongClick"},{"code":"    @Override\n            public void onSwipeUp() {\n                super.onSwipeUp();\n                // your swipe up here\n                %1$s\n            }\n\n         ","color":"#FF9C27B0","name":"onSwipeUp","typeName":"","palette":"293","type":"c","spec":"onSwipeUp"},{"code":"   @Override\n            public void onSwipeDown() {\n                super.onSwipeDown();\n                // your swipe down here.\n                %1$s\n            }\n\n           ","color":"#FF9C27B0","name":"onSwipeDown","typeName":"","palette":"293","type":"c","spec":"onSwipeDown"},{"code":" @Override\n            public void onSwipeLeft() {\n                super.onSwipeLeft();\n                // your swipe left here.\n                %1$s\n            }\n\n            ","color":"#FF9C27B0","name":"onSwipeLeft ","typeName":"","palette":"293","type":"c","spec":"onSwipeLeft"},{"code":"@Override\n            public void onSwipeRight() {\n                super.onSwipeRight();\n                // your swipe right here.\n                %1$s\n            }","color":"#FF9C27B0","name":"onSwipeRight","typeName":"","palette":"293","type":"c","spec":"onSwipeRight"},{"code":"","color":"#FF000000","name":"other","typeName":"","palette":"293","type":"h","spec":" infinite touch"},{"code":"\n%1$s.setOnTouchListener(new View.OnTouchListener() {\n\t   @Override\n\t   public boolean onTouch(View view, MotionEvent event) {\n\t\t    switch(event.getAction()) {\n\t\t\t     case MotionEvent.ACTION_DOWN:\n            %4$s\n\n\t\t\t      %2$s \u003d true;\r\n\t\t\t       break;\n\t\t\t      \n\t\t\t     case MotionEvent.ACTION_UP:\n       %5$s\n\r\n\t\t    \t%2$s \u003d false;\n\t\t\t      break;\n\t\t\t    }\n\t\t    return %3$s;\n\t\t   }\n\t  });","color":"#FF9C27B0","name":"onTouch ","typeName":"","palette":"293","type":"e","spec":"%m.view touch %m.varBool  infinite touch on/off %b  action down","spec2":"action up"}]