[{"code":"","color":"#FFD81B60","name":"created by ArabWare Channel","typeName":"","palette":"125","type":"h","spec":"Created By Arab Ware Channel"},{"code":"%1$s.setOnRefreshListener(new SwipeRefreshLayout.OnRefreshListener() {\r\n\t@Override\r\n\tpublic void onRefresh() {\r\n\t\t \r%2$s\n\t}\r\n});","color":"#FFD81B60","name":"on refresh","typeName":"","palette":"125","type":"c","spec":"%m.swiperefreshlayout set on refresh"},{"code":"%1$s.setRefreshing(%2$s);","color":"#FFD81B60","name":"set refreshing","typeName":"","palette":"125","type":" ","spec":"%m.swiperefreshlayout set refreshing %b"}]