[{"name":"commentssssssssss","palette":"56","spec":"put them in on create","type":"h","typeName":"","color":"#FF009688","code":""},{"name":"on text change","palette":"56","spec":"1)on %m.textview  changed put color schem name %s.inputOnly  you must put , if want to add another name","type":"c","typeName":"","color":"#FF009688","code":"%1$s.addTextChangedListener(new TextWatcher() {\n%3$s\nfinal ColorScheme[] schemes \u003d {%2$s};\r\n\r\n  @Override public void beforeTextChanged(CharSequence s, int start, int count, int after) {\r\n\r\n  }\r\n\r\n  @Override public void onTextChanged(CharSequence s, int start, int before, int count) {\r\n\r\n  }\r\n\r\n  @Override public void afterTextChanged(Editable s) {\r\n    removeSpans(s, ForegroundColorSpan.class);\r\n    for (ColorScheme scheme : schemes) {\r\n      for(Matcher m \u003d scheme.pattern.matcher(s); m.find();) {\r\n        s.setSpan(new ForegroundColorSpan(scheme.color),\r\n            m.start(),\r\n            m.end(),\r\n            Spanned.SPAN_EXCLUSIVE_EXCLUSIVE);\r\n      }\r\n    }\r\n  }\r\n\r\n  void removeSpans(Editable e, Class\u003c? extends CharacterStyle\u003e type) {\r\n    CharacterStyle[] spans \u003d e.getSpans(0, e.length(), type);\r\n    for (CharacterStyle span : spans) {\r\n      e.removeSpan(span);\r\n    }\r\n  }\r\n\r\n  class ColorScheme {\r\n    final Pattern pattern;\r\n    final int color;\r\n\r\n     ColorScheme(Pattern pattern, int color) {\r\n      this.pattern \u003d pattern;\r\n      this.color \u003d color;\r\n    }\r\n  }\r\n\r\n});\r"},{"name":"color scchem","palette":"56","spec":"2)color schem name %s.inputOnly  color %s ","type":"c","typeName":"","color":"#FF009688","code":"ColorScheme %1$s \u003d new ColorScheme(\r\n      Pattern.compile(\r\n          \"\\\\b(%3$s)\\\\b\"),\r\n      Color.parseColor(%2$s)\r\n  );"},{"name":"comenugh","palette":"56","spec":"put here word to change the color  and put this  |  when you want to add another word","type":"h","typeName":"","color":"#FF009688","code":""},{"name":"the text","palette":"56","spec":"3)put the words %s.inputOnly  ","type":" ","typeName":"","color":"#FF009688","code":"%s"},{"name":"the text_copy92","palette":"56","spec":"4) | (put this between words)","type":" ","typeName":"","color":"#FF009688","code":"|"}]