[{"code":"com.google.android.material.tabs.TabLayout %1$s \u003d new com.google.android.material.tabs.TabLayout(this);","name":"CreateTabLayout","palette":"62","type":" ","spec":"Create TabLayout %s.inputOnly"},{"code":"%1$s.setTabMode(com.google.android.material.tabs.TabLayout.MODE_SCROLLABLE);","name":"MakeTabLayoutScrollable","palette":"62","type":" ","spec":"TabLayout %s.inputOnly make scrollable"},{"code":"%1$s.addTab(%1$s.newTab().setText(\"%2$s\"));","name":"AddTabToTabLayout","palette":"62","type":" ","spec":"TabLayout %s.inputOnly add tab %s.inputOnly"},{"code":"%1$s.addView(%2$s);","name":"AddTabLayoutToView","palette":"62","type":" ","spec":"linear %m.view add TabLayout %s.inputOnly"},{"code":"%s.addOnTabSelectedListener(new com.google.android.material.tabs.TabLayout.OnTabSelectedListener(){\n@Override\npublic void onTabSelected(com.google.android.material.tabs.TabLayout.Tab tab){\nswitch(tab.getText().toString()){\n%s\n}\n}\n@Override\npublic void onTabReselected(com.google.android.material.tabs.TabLayout.Tab tab){\n}\n@Override\npublic void onTabUnselected(com.google.android.material.tabs.TabLayout.Tab tab){\n}\n\n});","name":"AddOnTabItemSelectedListener","palette":"62","type":"c","spec":"add OnItemSelectedListener to TabLayout %s.inputOnly"},{"code":"case \"%s\":\n%s\nbreak;","name":"Case","palette":"62","type":"c","spec":"Case %s.inputOnly"}]