[{"code":"%s.addTab(%s.newTab().setText(%s));","color":"#FFE53935","name":"newTab ","typeName":"","palette":"158","type":" ","spec":"%m.tablayout addTab %m.tablayout setTitle %s"},{"code":"%s.setupWithViewPager(%s);","color":"#FFE53935","name":"setupWithViewPager ","typeName":"","palette":"158","type":" ","spec":"%m.tablayout setupWithViewPager %m.viewpager"},{"code":"%s.setInlineLabel(%s);","color":"#FFE53935","name":"setInlineLabel ","typeName":"","palette":"158","type":" ","spec":"%m.tablayout setInlineLabel %b"},{"code":"%s.setTabTextColors(%s, %s);","color":"#FFE53935","name":"setTabTextColors ","typeName":"","palette":"158","type":" ","spec":"%m.tablayout setTabTextColors Normal %m.color Selected %m.color"},{"code":"%s.setTabRippleColor(new android.content.res.ColorStateList(new int{new int{android.R.attr.state_pressed}},new int {%s}));","color":"#FFE53935","name":"setTabRippleColor ","typeName":"","palette":"158","type":" ","spec":"%m.tablayout setTabRippleColor %m.color"},{"code":"%s.setSelectedTabIndicatorColor(%s);","color":"#FFE53935","name":"setSelectedTabIndicatorColor ","typeName":"","palette":"158","type":" ","spec":"%m.tablayout setSelectedTabIndicatorColor %m.color"},{"code":"%s.setSelectedTabIndicatorHeight(%s);","color":"#FFE53935","name":"setSelectedTabIndicatorHeight ","typeName":"","palette":"158","type":" ","spec":"%m.tablayout setSelectedTabIndicatorHeight %d"},{"code":"return %s;","color":"#FFE53935","name":"returnTitle ","typeName":"","palette":"158","type":" ","spec":"return Title %s"}]