[{"code":"Hashtable\u003cString, Object\u003e connectFlags \u003d new Hashtable\u003cString, Object\u003e();\nconnectFlags.put(TapjoyConnectFlag.ENABLE_LOGGING, \"%1$s\");\nconnectFlags.put(TapjoyConnectFlag.DISABLE_ADVERTISING_ID_CHECK, \"%2$s\");\n// remember to turn this off for your production builds!","name":"ConnectFlags","palette":"35","type":" ","spec":"connectFlags ENABLE_LOGGING %b DISABLE_ADVERTISING_ID_CHECK %b"},{"code":"Tapjoy.connect(this.getApplicationContext(), %1$s, connectFlags, new TJConnectListener() {\n\t\t\t@Override\n\t\t\tpublic void onConnectSuccess() {\n\t\t\t\t%2$s\n\t\t\t\t}\n\n\t\t\t@Override\n\t\t\tpublic void onConnectFailure() {\n\t\t\t\t%3$s\n\n\t\t\t}\n\t\t});","name":"TapJoyInitialize","palette":"35","type":"e","spec":"TapJoy SDK_Key %s if Success"},{"code":"Tapjoy.setActivity(this);","name":"TapjoySetActivity","palette":"35","type":" ","spec":"TapjoySetActivity"},{"code":"%1$s \u003d Tapjoy.getPlacement(%2$s, new TJPlacementListener() {\n\t\t\t\n\t\t\t%3$s\n});","name":"TJPlacementListener","palette":"35","type":"c","spec":"%m.TJPlacement placement_ID %s"},{"code":"\t\t\t@Override\n\t\t\tpublic void onRequestSuccess(TJPlacement placement) {\n\t\t\t%1$s\n     }","name":"TJPlacementOnRequestSuccess","palette":"35","type":"c","spec":"TJPlacementOnRequestSuccess() -\u003e"},{"code":"placement.getName()","name":"PlacementGetName","typeName":"String","palette":"35","type":"v","spec":"PlacementGetName"},{"code":"if (!placement.isContentAvailable()) {\n\t\t\t\t\t%1$s\n\t\t\t\t}","name":"IfPlacementNotAvailable","palette":"35","type":"c","spec":"IfPlacementNotAvailable"},{"code":"\t\t\t@Override\n\t\t\tpublic void onRequestFailure(TJPlacement placement, TJError error) {\n\t\t\t%1$s\n     }","name":"TJPlacementOnRequestFailure","palette":"35","type":"c","spec":"TJPlacementOnRequestFailure() -\u003e"},{"code":"error.message","name":"ErrorMessage","typeName":"String","palette":"35","type":"v","spec":"ErrorMessage"},{"code":"\t\t\t@Override\n\t\t\tpublic void onContentReady(TJPlacement placement) {\n\t\t\t%1$s\n     }","name":"TJPlacementOnReadyContent","palette":"35","type":"c","spec":"TJPlacementOnReadyContent() -\u003e"},{"code":"placement.showContent();","name":"PlacementShowContent","palette":"35","type":" ","spec":"PlacementShowContent"},{"code":"\t\t\t@Override\n\t\t\tpublic void onContentShow(TJPlacement placement) {\n\t\t\t%1$s\n     }","name":"TJPlacementOnContentShow","palette":"35","type":"c","spec":"TJPlacementOnContentShow() -\u003e"},{"code":"\t\t\t@Override\n\t\t\tpublic void onContentDismiss(TJPlacement placement) {\n\t\t\t%1$s\n     }","name":"TJPlacementOnContentDismiss","palette":"35","type":"c","spec":"TJPlacementOnContentDissmiss() -\u003e"},{"code":"\t\t\t@Override\n\t\t\tpublic void onPurchaseRequest(TJPlacement placement, TJActionRequest request, String productId) {\n\t\t\t%1$s\n     }","name":"TJPlacementOnPurchaseRequest","palette":"35","type":"c","spec":"TJPlacementOnPurchaseRequest() -\u003e"},{"code":"productId","name":"productId","typeName":"String","palette":"35","type":"v","spec":"productId"},{"code":"\t\t\t@Override\n\t\t\tpublic void onRewardRequest(TJPlacement placement, TJActionRequest request, String itemId, int quantity) {\n\t\t\t%1$s\n     }","name":"TJPlacementOnRewardRequest","palette":"35","type":"c","spec":"TJPlacementOnRewardRequest() -\u003e"},{"code":"itemId","name":"itemId","typeName":"String","palette":"35","type":"v","spec":"itemId"},{"code":"quantity","name":"quantity","typeName":"String","palette":"35","type":"d","spec":"quantity"},{"code":"\t\t\t@Override\n\t\t\tpublic void onClick(TJPlacement placement) {\n\t\t\t%1$s\n     }","name":"TJPlacementOnClick","palette":"35","type":"c","spec":"TJPlacementOnClick() -\u003e"},{"code":"}\nprivate void updateTextInUI(final String statusTapJoy) {\n\t\tString displayText \u003d statusTapJoy;\n\n\t\trunOnUiThread(new Runnable() {\n\t\t\t@Override\n\t\t\tpublic void run() {\n\t\t\t\tif (ket !\u003d null) {\n\t\t\t\t\t%1$s\n\t\t\t\t}\n\t\t\t}\n\t\t});\n\t}\n{","name":"OnUI_Update","palette":"35","type":"c","spec":"OnUI_Update"},{"code":"statusTapJoy","name":"statusTapJoy","typeName":"String","palette":"35","type":"v","spec":"statusTapJoy"},{"code":"updateTextInUI(%1$s);","name":"UpdateTextInUI","palette":"35","type":" ","spec":"UpdateTextInUI %s"},{"code":"Tapjoy.onActivityStart(this);","name":"TapJoyOnStart","palette":"35","type":" ","spec":"TapJoyOnStart"},{"code":"Tapjoy.onActivityStop(this);","name":"TapJoyOnStop","palette":"35","type":" ","spec":"TapJoyOnStop"},{"code":"if(Tapjoy.isConnected()) {\n    %1$s.requestContent();\n} else {\n    %2$s\n}","name":"ClickRequestContent","palette":"35","type":"c","spec":"ClickRequestContent forPlacement %m.TJPlacement ifERROR"}]