[{"code":"com.google.android.material.tabs.TabLayout %1$s \u003d new com.google.android.material.tabs.TabLayout(this);","color":"#FF6A1B9A","name":"create","typeName":"","palette":"117","type":" ","spec":"create tap layout %s.inputOnly "},{"code":"%1$s.setTabMode(com.google.android.material.tabs.TabLayout.MODE_SCROLLABLE);","color":"#FF6A1B9A","name":"make","typeName":"","palette":"117","type":" ","spec":"make %s.inputOnly tap layout scrollable"},{"code":"%2$s.addTab(%2$s.newTab().setText(\"%1$s\"));","color":"#FF6A1B9A","name":"add","typeName":"","palette":"117","type":" ","spec":"add %s.inputOnly to %s.inputOnly tap layout"},{"code":"%1$s.addView(%2$s);","color":"#FF6A1B9A","name":"set","typeName":"","palette":"117","type":" ","spec":"set %m.view as %s.inputOnly tap layout"},{"code":"%s.addOnTabSelectedListener(new com.google.android.material.tabs.TabLayout.OnTabSelectedListener(){\n@Override\npublic void onTabSelected(com.google.android.material.tabs.TabLayout.Tab tab){\nswitch(tab.getText().toString()){\n%s\n}\n}\n@Override\npublic void onTabReselected(com.google.android.material.tabs.TabLayout.Tab tab){\n}\n@Override\npublic void onTabUnselected(com.google.android.material.tabs.TabLayout.Tab tab){\n}\n\n});","color":"#FF6A1B9A","name":"select item","typeName":"","palette":"117","type":"c","spec":"on %s.inputOnly  tap layout item selected"},{"code":"case \"%s\":\n%s\nbreak;","color":"#FF6A1B9A","name":"case","typeName":"","palette":"117","type":"c","spec":"case %s.inputOnly "}]