[{"code":"final SpannableString spannedDesc \u003d new SpannableString(%1$s);","name":"CreateTapTarget","palette":"76","type":" ","spec":"CreateTapTarget message %s"},{"code":"spannedDesc.setSpan(new android.text.style.UnderlineSpan(), spannedDesc.length() - %1$s.length(), spannedDesc.length(), 0);","name":"SpanTitle","palette":"76","type":" ","spec":"SpanTitle %s"},{"code":"TapTargetView.showFor(%1$s.this, TapTarget.forView(findViewById(R.id.%2$s), %3$s, spannedDesc)\n        .cancelable(%4$s)\n        .drawShadow(%5$s)\n        .titleTextDimen(R.dimen.title_text_size)\n        .tintTarget(%6$s), new TapTargetView.Listener() {\n      %7$s\n});","name":"TapTargetConfig","palette":"76","type":"c","spec":"ConfigTarget %m.activity targetView %m.view Title %s Cancelable %b Shadow %b tintTarget %b"},{"code":"      @Override\n      public void onTargetClick(TapTargetView view) {\n        super.onTargetClick(view);\n        // .. which evidently starts the sequence we defined earlier\n        %1$s\n        \n      }","name":"onTargetClick","palette":"76","type":"c","spec":"onTargetClick"},{"code":"      @Override\n      public void onOuterCircleClick(TapTargetView view) {\n        super.onOuterCircleClick(view);\n        %1$s\n      }","name":"onTargetOutsetClick","palette":"76","type":"c","spec":"onTargetOutsetClick"},{"code":"      @Override\n      public void onTargetDismissed(TapTargetView view, boolean userInitiated) {\n        Log.d(\"TapTargetViewSample\", \"You dismissed me :(\");\n        %1$s\n      }","name":"onTargetDismiss","palette":"76","type":"c","spec":"onTargetDismiss"}]