[{"name":"Added by me but not created by me","palette":"69","spec":"added by me not created تمت اضافتها بواسطتي لا صنعتها","type":"","typeName":"","color":"#FF0097A7","code":""},{"name":"Sucess Dialog","palette":"69","spec":"Success Toast on %m.activity message %s set default icon %b ","typeName":"","type":" ","code":"FancyToast.makeText(%s.this, %s, FancyToast.LENGTH_LONG, FancyToast.SUCCESS, %s).show();","color":"#FF0097A7"},{"name":"sucess","palette":"69","spec":"show success dialog with message %s ","type":" ","typeName":"","color":"#FF0097A7","code":"TastyToast.makeText(getApplicationContext(), %s, TastyToast.LENGTH_LONG, TastyToast.SUCCESS);"},{"name":"Error Dialog","palette":"69","spec":"Error Toast on %m.activity message %s  Set default icon %b ","typeName":"","type":" ","code":"FancyToast.makeText(%s.this, %s, FancyToast.LENGTH_LONG, FancyToast.ERROR, %s).show();","color":"#FF0097A7"},{"name":"error","palette":"69","spec":"show error dialog with message %s","type":" ","typeName":"","color":"#FF0097A7","code":"TastyToast.makeText(getApplicationContext(), %s, TastyToast.LENGTH_LONG, TastyToast.ERROR);"},{"name":"Info Dialog","palette":"69","spec":"INFO Toast on %m.activity message %s  Set default icon %b ","type":" ","typeName":"","color":"#FF0097A7","code":"FancyToast.makeText(%s.this, %s, FancyToast.LENGTH_LONG, FancyToast.INFO, %s).show();"},{"name":"info","palette":"69","spec":"show info dialog with message %s","typeName":"","type":" ","code":"TastyToast.makeText(getApplicationContext(), %s, TastyToast.LENGTH_LONG, TastyToast.INFO);","color":"#FF0097A7"}]