[{"code":"","color":"#FF4CAF50","name":"h","typeName":"","palette":"166","type":"h","spec":"Maded and added by GreenCityLife"},{"code":"","color":"#FF4CAF50","name":"toasty","typeName":"","palette":"166","type":"h","spec":"First add an Library toasty, then use the blocks. The link is below👇."},{"code":"","color":"#FF4CAF50","name":"toasty link","typeName":"","palette":"166","type":"h","spec":"com.github.GrenderG:Toasty:1.5.0\n"},{"code":"Toasty.success(%1$s.this, \"%2$s\", Toast.LENGTH_SHORT, true).show();","color":"#FF4CAF50","name":"success toast","typeName":"","palette":"166","type":" ","spec":"Success Toast Activity %m.activity Text %s.inputOnly "},{"code":"Toasty.error(%1$s.this, \"%2$s\", Toast.LENGTH_SHORT, true).show();","color":"#FFF44336","name":"error toast","typeName":"","palette":"166","type":" ","spec":"Error Toast Activity %m.activity Text %s.inputOnly  "},{"code":"Toasty.info(%1$s.this, \"%2$s\", Toast.LENGTH_SHORT, true).show();","color":"#FF3F51B5","name":"info toast","typeName":"","palette":"166","type":" ","spec":"Info Toast Activity %m.activity  Text %s.inputOnly "},{"code":"Toasty.warning(%1$s.this, \"%2$s\", Toast.LENGTH_SHORT, true).show();","color":"#FFFFC107","name":"warning toast","typeName":"","palette":"166","type":" ","spec":"Warning Toast  Activity %m.activity  Text %s.inputOnly "},{"code":"Toasty.normal(%1$s, \"%2$s\", Toast.LENGTH_SHORT, true).show();","color":"#FF9E9E9E","name":"usual toast","typeName":"","palette":"166","type":" ","spec":"Usual Toast  Activity %m.activity  Text %s.inputOnly "},{"code":"Toasty.normal(%1$s.this, \"%2$s\", R.drawable.%3$s).show();","color":"#FF9E9E9E","name":"usual toast with icon","typeName":"","palette":"166","type":" ","spec":"Usual Toast with icon  Activity %m.activity Text %s.inputOnly  Icon %m.resource  "}]