[{"code":"","color":"#FF2196F3","name":"@Daniel Sk","typeName":"","palette":"146","type":"h","spec":"@Daniel Sk"},{"code":"ArchedImageProgressBar linkedinArcProgress \u003d findViewById(R.id.%1$s);\r","color":"#FF2196F3","name":"Telegram","typeName":"","palette":"146","type":" ","spec":"Telegram ProgressBar %m.view "},{"code":"Bitmap linkedinIcon \u003d BitmapFactory.decodeResource(getResources(),R.drawable.%1$s);","color":"#FF2196F3","name":"image","typeName":"","palette":"146","type":" ","spec":"Telegram ProgressBar Custom image %m.resource "},{"code":"linkedinArcProgress.setProgressImage(linkedinIcon,%1$s);","color":"#FF2196F3","name":"linked icon","typeName":"","palette":"146","type":" ","spec":"linked icon %d "},{"code":"linkedinArcProgress.setCircleSize(%1$sf);","color":"#FF2196F3","name":"set circle size","typeName":"","palette":"146","type":" ","spec":"SetCircleSize %d "},{"code":"linkedinArcProgress.setArchSize(%1$s);","color":"#FF2196F3","name":"SetArchSize","typeName":"","palette":"146","type":" ","spec":"SetArchSize %d "},{"code":"linkedinArcProgress.setCircleColor(%1$s);","color":"#FF2196F3","name":"SetCircleColor","typeName":"","palette":"146","type":" ","spec":"SetCircleColor %m.color "},{"code":"linkedinArcProgress.setArchColor(%1$s);","color":"#FF2196F3","name":"setArchColor","typeName":"","palette":"146","type":" ","spec":"SetArchColor %m.color "},{"code":"linkedinArcProgress.setArchLength(%1$s);","color":"#FF2196F3","name":"SetArchLength","typeName":"","palette":"146","type":" ","spec":"SetArchLength %d "},{"code":"linkedinArcProgress.setArchStroke(%1$s);","color":"#FF2196F3","name":"SetArchStroke","typeName":"","palette":"146","type":" ","spec":"SetArchStroke %d "},{"code":"linkedinArcProgress.setArchSpeed(%1$s);","color":"#FF2196F3","name":"SetArchSpeed","typeName":"","palette":"146","type":" ","spec":"SetArchSpeed %d "}]