[{"code":"","color":"#FF00ACC1","name":"Added By Arab Ware","typeName":"","palette":"28","type":"h","spec":"created by arab ware team by ameer ezit"},{"code":"","color":"#FF00ACC1","name":"Something Needs Storage permission or another arabware","typeName":"","palette":"28","type":"h","spec":"Something Needs Storage permission or another"},{"code":"%s.setTextIsSelectable(%s);","color":"#FF00ACC1","name":"select","typeName":"","palette":"28","type":" ","spec":"set %m.textview selectable %b"},{"code":"%1$s.setClickable(true);\nandroid.text.util.Linkify.addLinks(%1$s, android.text.util.Linkify.ALL);\n%1$s.setLinkTextColor(Color.parseColor(\"%2$s\"));\n%1$s.setLinksClickable(%3$s);","color":"#FF00ACC1","name":"link","typeName":"","palette":"28","type":" ","spec":"set %m.textview as link with color %s.inputOnly and set clickable %b "},{"code":"%1$s.setTextSize((float)%2$s);","color":"#FF00ACC1","name":"size","typeName":"","palette":"28","type":" ","spec":"set %m.textview size as %d"},{"code":"%1$s.setTextColor(Color.rgb(%2$s,%3$s,%4$s));","color":"#FF00ACC1","name":"color","typeName":"","palette":"28","type":" ","spec":"set %m.textview color with R %d G %d B %d"},{"code":" %1$s.setTypeface(Typeface.DEFAULT);","color":"#FF00ACC1","name":"textview typeface 1","typeName":"","palette":"28","type":" ","spec":"set %m.textview typeface as default"},{"code":"%1$s.setTypeface(Typeface.SANS_SERIF);","color":"#FF00ACC1","name":"textview typeface 2","typeName":"","palette":"28","type":" ","spec":"set %m.textview typeface as SANS SERIF"},{"code":"%1$s.setTypeface(Typeface.SERIF);","color":"#FF00ACC1","name":"textview typeface 3","typeName":"","palette":"28","type":" ","spec":"set %m.textview typeface as SERIF"},{"code":"%1$s.setTypeface(Typeface.MONOSPACE);","color":"#FF00ACC1","name":"textview typeface 4","typeName":"","palette":"28","type":" ","spec":"set %m.textview typeface as  MONOSAPCE"},{"code":"%1$s.append((CharSequence)%2$s);","color":"#FF00ACC1","name":"textview append text","typeName":"","palette":"28","type":" ","spec":"set %m.textview append text %s"},{"code":"ScaleAnimation scaleAnimation \u003d new ScaleAnimation(1f,4f,1f,4f, Animation.RELATIVE_TO_SELF, 0.5f, Animation.RELATIVE_TO_SELF, 0.5f); \nscaleAnimation.setInterpolator(new LinearInterpolator()); \nscaleAnimation.setDuration(1800); \n%1$s.startAnimation(scaleAnimation); ","color":"#FF00ACC1","name":"start ZoomIn Animation","typeName":"","palette":"28","type":" ","spec":"%m.textview start ZoomIn Animation"},{"code":"ScaleAnimation scaleAnimation \u003d new ScaleAnimation(1f,0.5f,1f,.50f, Animation.RELATIVE_TO_SELF, 0.5f, Animation.RELATIVE_TO_SELF, 0.5f); \nscaleAnimation.setInterpolator(new AccelerateDecelerateInterpolator()); \nscaleAnimation.setDuration(1800); \n%1$s.startAnimation(scaleAnimation);","color":"#FF00ACC1","name":"Start ZoomOut Animation","typeName":"","palette":"28","type":" ","spec":"%m.textview start ZoomOut Animation"},{"code":"Double.parseDouble(%1$s.getText().toString())","color":"#FF00ACC1","name":"textview as number","typeName":"","palette":"28","type":"d","spec":"%m.textview get text"},{"code":"Intent i \u003d new Intent(android.content.Intent.ACTION_SEND); i.setType(\"text/plain\"); i.putExtra(android.content.Intent.EXTRA_TEXT, %1$s.getText().toString()); startActivity(Intent.createChooser(i,%2$s));","color":"#FF00ACC1","name":"Share TextView","typeName":"","palette":"28","type":" ","spec":"share %m.textview set share message %s"},{"code":"Typeface myTypeface \u003d Typeface.createFromFile(%2$s);\n%1$s.setTypeface(myTypeface);","color":"#FF00ACC1","name":"font","typeName":"","palette":"28","type":" ","spec":"set %m.textview font from path %s"},{"code":"%1$s.setTransformationMethod(android.text.method.PasswordTransformationMethod.getInstance());","color":"#FF00ACC1","name":"Hide Password Mode","typeName":"","palette":"28","type":" ","spec":"%m.edittext hide password mode"},{"code":"%1$s.setTransformationMethod(android.text.method.HideReturnsTransformationMethod.getInstance());","color":"#FF00ACC1","name":"Show password mode","typeName":"","palette":"28","type":" ","spec":"%m.edittext show password mode"},{"code":"%1$s.setError(\"%2$s\");","color":"#FF00ACC1","name":"set error message","typeName":"","palette":"28","type":" ","spec":"%m.edittext set error message %s.inputOnly "},{"code":"%1$s.setInputType(InputType.TYPE_TEXT_FLAG_NO_SUGGESTIONS);","color":"#FF00ACC1","name":"edit text no suggestion single line","typeName":"","palette":"28","type":" ","spec":"%m.edittext no suggestion single line mode"},{"code":"%1$s.setRawInputType(InputType.TYPE_CLASS_TEXT | InputType.TYPE_TEXT_VARIATION_VISIBLE_PASSWORD | InputType.TYPE_TEXT_FLAG_NO_SUGGESTIONS);","color":"#FF00ACC1","name":"edit text no suggestion multi line","typeName":"","palette":"28","type":" ","spec":"%m.edittext no suggestion multi line mode"},{"code":"%1$s.setSelectAllOnFocus(%2$s);","color":"#FF00ACC1","name":"edit text select all on focus","typeName":"","palette":"28","type":" ","spec":"%m.edittext select all when focus %b"},{"code":"%1$s.setLines(%2$s);","color":"#FF00ACC1","name":"edit text line","typeName":"","palette":"28","type":" ","spec":"%m.edittext set line %d"},{"code":"%1$s.setSingleLine(%2$s);","color":"#FF00ACC1","name":"edit text single line","typeName":"","palette":"28","type":" ","spec":"%m.edittext set single line mode %b"},{"code":"((EditText)%1$s).selectAll();","color":"#FF00ACC1","name":"edit text select all","typeName":"","palette":"28","type":" ","spec":"%m.edittext select all"},{"code":"((EditText)%1$s).setSelection((int)%2$s, (int)%3$s);","color":"#FF00ACC1","name":"edittext set selection","typeName":"","palette":"28","type":" ","spec":"%m.edittext set selection from %d to %d"},{"code":"((EditText)%1$s).setMaxLines((int)%2$s);","color":"#FF00ACC1","name":"edittext line max","typeName":"","palette":"28","type":" ","spec":"%m.edittext set max lines %d"},{"code":"%1$s.getSelectionStart()","color":"#FF00ACC1","name":"edittext get selection |start|","typeName":"","palette":"28","type":"d","spec":"%m.edittext get start selection"},{"code":"%1$s.getSelectionEnd()","color":"#FF00ACC1","name":"edittext get selection |end|","typeName":"","palette":"28","type":"d","spec":"%m.edittext get end selection"},{"code":"ObjectAnimator anim \u003d ObjectAnimator.ofFloat(%1$s, \"ScaleY\", 0, 1);\nanim.setInterpolator(new BounceInterpolator()); \nanim.setDuration(1000);\nanim.start();","color":"#FF00ACC1","name":"text view anim","typeName":"","palette":"28","type":" ","spec":"set animation for %m.textview as bounce anim"},{"code":"final AlphaAnimation fadeIn \u003d new AlphaAnimation(1.0f,0.0f);\nfinal AlphaAnimation fadeOut \u003d new AlphaAnimation(0.0f,1.0f);\n\n%1$s.startAnimation(fadeIn);\n%1$s.startAnimation(fadeOut);\nfadeIn.setDuration(1200);\nfadeIn.setFillAfter(true);\nfadeOut.setDuration(1200);\nfadeOut.setFillAfter(true);\nfadeOut.setStartOffset(10+fadeIn.getStartOffset());","color":"#FF00ACC1","name":"text view fade in","typeName":"","palette":"28","type":" ","spec":"fade in for  %m.textview"},{"code":"ObjectAnimator anim \u003d ObjectAnimator.ofFloat(%1$s, \"Alpha\", 0, 1);\nanim.setDuration(5000);\nanim.start();","color":"#FF00ACC1","name":"text view fadi in animation","typeName":"","palette":"28","type":" ","spec":"set animation of %m.textview as fade in animation"},{"code":"final AlphaAnimation fadeIn \u003d new AlphaAnimation(0.0f,1.0f);\nfinal AlphaAnimation fadeOut \u003d new AlphaAnimation(1.0f,0.0f);\n\n%1$s.startAnimation(fadeIn);\n%1$s.startAnimation(fadeOut);\nfadeIn.setDuration(1200);\nfadeIn.setFillAfter(true);\nfadeOut.setDuration(1200);\nfadeOut.setFillAfter(true);\nfadeOut.setStartOffset(10+fadeIn.getStartOffset());","color":"#FF00ACC1","name":"text view fade out","typeName":"","palette":"28","type":" ","spec":"fade out for %m.textview"},{"code":"ObjectAnimator anim \u003d ObjectAnimator.ofFloat(%1$s, \"Alpha\", 1, 0);\nanim.setDuration(5000);\nanim.start();","color":"#FF00ACC1","name":"textview fade out animation","typeName":"","palette":"28","type":" ","spec":"set animation for %m.textview as fade out"},{"code":"ObjectAnimator anim \u003d ObjectAnimator.ofFloat(%1$s, \"ScaleY\", 0, 1);\nanim.setDuration(4000);\nanim.start();","color":"#FF00ACC1","name":"text view slide download","typeName":"","palette":"28","type":" ","spec":"set animation for %m.textview as slide down"},{"code":"ObjectAnimator anim \u003d ObjectAnimator.ofFloat(%1$s, \"ScaleX\", 1, 0);\nanim.setDuration(2000);\nanim.start();","color":"#FF00ACC1","name":"text view slide in","typeName":"","palette":"28","type":" ","spec":"set animation for %m.textview as slide in"},{"code":"ObjectAnimator anim \u003d ObjectAnimator.ofFloat(%1$s, \"ScaleX\", 0, 1);\nanim.setDuration(2000);\nanim.start();","color":"#FF00ACC1","name":"text view slide out","typeName":"","palette":"28","type":" ","spec":"set animation for %m.textview as slide out"},{"code":"ObjectAnimator anim \u003d ObjectAnimator.ofFloat(%1$s, \"ScaleY\", 1, 0);\nanim.setDuration(2000);\nanim.start();","color":"#FF00ACC1","name":"text view slide up","typeName":"","palette":"28","type":" ","spec":"set animation for %m.textview as slide up"},{"code":"new StringBuilder(%s).reverse().toString()","color":"#FF00ACC1","name":"get reverse","typeName":"","palette":"28","type":"s","spec":"get %s as reverse text"},{"code":"","color":"#FF00ACC1","name":"Added by Arab Ware","typeName":"","palette":"28","type":"h","spec":"Added by Arab Ware team By Jawad al kharrati"},{"code":"String map \u003d %1$s.getText().toString().replace(%3$s, \"\u003cfont color\u003d\\\"\".concat(\"%2$s\".concat(\"\\\"\u003e\".concat(%3$s.concat(\"\u003c/font\u003e\")))));\r\n%1$s.setText(Html.fromHtml(map));","color":"#FF00ACC1","name":"part of Text color","typeName":"","palette":"28","type":" ","spec":"Make part of %m.textview with color %s.inputOnly the part is %s"},{"code":"%1$s.setAllCaps(%2$s);","color":"#FF00ACC1","name":"Text capital","typeName":"","palette":"28","type":" ","spec":"set %m.textview word mode as capital %b"},{"code":"","color":"#FF00ACC1","name":"created by arab ware team ","typeName":"","palette":"28","type":"h","spec":"created by arab ware channel owner"},{"code":"final AnimatedGradientTextView %1$s \u003d new AnimatedGradientTextView(%2$s.this);","color":"#FF00ACC1","name":"TextAnimator","typeName":"","palette":"28","type":" ","spec":"%m.TextColorAnimator set %m.activity"},{"code":"%1$s.setLayoutParams(new LinearLayout.LayoutParams(android.widget.LinearLayout.LayoutParams.WRAP_CONTENT, android.widget.LinearLayout.LayoutParams.WRAP_CONTENT));\n%1$s.setText(%2$s);\n%1$s.setTextSize(%3$s);","color":"#FF00ACC1","name":"TextAnimator ","typeName":"","palette":"28","type":" ","spec":"%m.TextColorAnimator set text %s set text size %d"},{"code":"%1$s.setFonts(%2$s);","color":"#FF00ACC1","name":"set font ","typeName":"","palette":"28","type":" ","spec":"%m.TextColorAnimator set font %s"},{"code":"%1$s.setColorGradients(new int[]{%2$s});","color":"#FF00ACC1","name":"TextAnimator  ","typeName":"","palette":"28","type":" ","spec":"%m.TextColorAnimator Set Text Colors Int %s.inputOnly"},{"code":"%1$s.setAngle(%2$s);\n%1$s.setSpeed(%3$s);\n%1$s.setMaxFPS(%4$s);","color":"#FF00ACC1","name":"TextAnimator   ","typeName":"","palette":"28","type":" ","spec":"%m.TextColorAnimator set angle %d set speed %d set fbs %d"},{"code":"%1$s.addView(%2$s);","color":"#FF00ACC1","name":"Add View","typeName":"","palette":"28","type":" ","spec":"%m.view add %m.TextColorAnimator"}]