[{"name":"created....","palette":"49","spec":"CREATED BY ARAB WARE CHANNEL","typeName":"","type":"h","code":"","color":"#FF8E24AA"},{"name":"set counter boolean","palette":"49","spec":"%m.view setCounterEnabled %b","type":" ","typeName":"","color":"#FF8E24AA","code":"%1$s.setCounterEnabled(%2$s);"},{"name":"setCounterMaxLength..","palette":"49","spec":"%m.view setCounterMaxLength %d","typeName":"","type":" ","code":"%1$s.setCounterMaxLength((int) %2$s);","color":"#FF8E24AA"},{"name":"getCounterMaxLength.","palette":"49","spec":"%m.view getCounterMaxLength","typeName":"","type":"d","code":"%1$s.getCounterMaxLength()","color":"#FF8E24AA"},{"name":"setCounterOverflowTextColor..","palette":"49","spec":"%m.view setCounterOverflowTextColor %m.color","type":" ","typeName":"","color":"#FF8E24AA","code":"%1$s.setCounterOverflowTextColor(ColorStateList.valueOf(%2$s));"},{"name":"setCounterTextColor ..","palette":"49","spec":"%m.view setCounterTextColor %m.color","typeName":"","type":" ","code":"%1$s.setCounterTextColor(ColorStateList.valueOf(%2$s));","color":"#FF8E24AA"},{"name":"setErrorEnabled","palette":"49","spec":"%m.view setErrorEnabled %b","type":" ","typeName":"","color":"#FF8E24AA","code":"%1$s.setErrorEnabled(%2$s);"},{"name":"setError..","palette":"49","spec":"%m.view set Error %s","typeName":"","type":" ","code":"%1$s.setError(%2$s);","color":"#FF8E24AA"},{"name":"setErrorIconDrawable...","palette":"49","spec":"%m.view setErrorIconDrawable %m.resource","typeName":"","type":" ","code":"%1$s.setErrorIconDrawable(R.drawable.%2$s);","color":"#FF8E24AA"},{"name":"setBoxCornerRadii ...","palette":"49","spec":"%m.view setBoxCornerRadii %d %d %d %d","type":" ","typeName":"","color":"#FF8E24AA","code":"%1$s.setBoxCornerRadii((float) %2$s,(float) %3$s,(float) %4$s,(float) %5$s);\n%1$s.setBoxBackgroundMode(%1$s.BOX_BACKGROUND_OUTLINE);"},{"name":"setBoxStrokeWidth...","palette":"49","spec":"%m.view setBoxStrokeWidth %d","typeName":"","type":" ","code":"%1$s.setBoxStrokeWidth((int) %2$s);\n%1$s.setBoxBackgroundMode(%1$s.BOX_BACKGROUND_OUTLINE);","color":"#FF8E24AA"},{"name":"setBoxStrokeColor ....","palette":"49","spec":"%m.view setBoxStrokeColor %m.color","type":" ","typeName":"","color":"#FF8E24AA","code":"%1$s.setBoxStrokeColor(%2$s);\n%1$s.setBoxBackgroundMode(%1$s.BOX_BACKGROUND_OUTLINE);"},{"name":"setHint.....","palette":"49","spec":"%m.view setHint %s","typeName":"","type":" ","code":"%1$s.setHint(%2$s);","color":"#FF8E24AA"},{"name":"setHelperText","palette":"49","spec":"%m.view setHelperText %s","type":" ","typeName":"","color":"#FF8E24AA","code":"%1$s.setHelperText(%2$s);"}]