[{"code":"","color":"#FF5E35B1","name":"created by @Shemmy3 ","typeName":"","palette":"155","type":"","spec":"@Shemmy3"},{"code":"switch(%s){\n%s\n}","name":"switchString","palette":"155","type":"c","spec":"switch %s"},{"code":"switch(%s){\n%s\n}","name":"switchNumber","palette":"155","type":"c","spec":"switch %d"},{"code":"case %s :\n%s","name":"caseString","palette":"155","type":"c","spec":"case %s"},{"code":"case %s :\n%s","name":"caseNumber","palette":"155","type":"c","spec":"case %d"},{"code":"default :\n%s","name":"caseDefault","palette":"155","type":"c","spec":"default"},{"code":"try{\n%s\n}catch(Exception e){\n%s\n}","name":"tryCatch","palette":"155","type":"e","spec":"Try","spec2":"Cat"},{"code":"while(%s){\n%s\n}","name":"whileOnly","palette":"155","type":"c","spec":"while %b"},{"code":"for(int %s\u003d%s;%s;%s){\n%s\n}","name":"forLooping","palette":"155","type":"c","spec":"for %s.inputOnly \u003d %d and %b and %s.inputOnly"},{"code":"%1$s \u003d new Thread(%2$s);","name":"Thread","palette":"155","type":" ","spec":"%m.Thread with %m.Runnable"},{"code":"%1$s \u003d new Runnable(){\npublic void run() {\n%2$s\n}\n};","name":"Runnable","palette":"155","type":"c","spec":"%m.Runnable will run"},{"code":"%s.start();","name":"Thread start","palette":"155","type":" ","spec":"%m.Thread start"},{"code":"%s.interrupt();","name":"Thread stop","palette":"155","type":" ","spec":"%m.Thread stop"},{"code":"%1$s \u003d new Handler() {\n@Override\npublic void handleMessage(Message msg) {\nswitch (msg.what) {\n%2$s\n}\n}\n};","name":"Handler","palette":"155","type":"c","spec":"%m.Handler catch empty message"},{"code":"%1$s.sendEmptyMessage(%2$s);","name":"send empty message","palette":"155","type":" ","spec":"%m.Handler sendEmptyMessage %d"}]