[{"code":"","color":"#FFF57C00","name":"created By ArabWare Channel","typeName":"","palette":"55","type":"h","spec":"Created By ArabWareChannel"},{"code":"%1$s.setHour((int)%2$s);","color":"#FFF57C00","name":"Set Hour","typeName":"","palette":"55","type":" ","spec":"%m.timepicker set hour %d"},{"code":"%1$s.setMinute((int)%2$s);","color":"#FFF57C00","name":"set minute","typeName":"","palette":"55","type":" ","spec":"%m.timepicker set minutes %d"},{"code":"%1$s.setCurrentHour((int)%2$s);","color":"#FFF57C00","name":"set current hour","typeName":"","palette":"55","type":" ","spec":"%m.timepicker set current hour %d"},{"code":"%1$s.setCurrentMinute((int)%2$s);","color":"#FFF57C00","name":"Set Current Minute","typeName":"","palette":"55","type":" ","spec":"%m.timepicker set current minute %d"},{"code":"%1$s.setIs24HourView(%2$s);","color":"#FFF57C00","name":"set 24h mod","typeName":"","palette":"55","type":" ","spec":"%m.timepicker set 24H mode %b"}]