[{"code":"","color":"#FF1565C0","name":"Added By Hussain Shakir","typeName":"","palette":"63","type":"h","spec":"added by the iraqian Hussain Shakir"},{"code":"Calendar c \u003d Calendar.getInstance();\nint timeOfDay \u003d c.get(Calendar.HOUR_OF_DAY);","color":"#FF1565C0","name":"get time of day","typeName":"","palette":"63","type":" ","spec":"Get Time Of Day Now"},{"code":"if (timeOfDay \u003e\u003d 0 \u0026\u0026 timeOfDay \u003c 12) {\n  %1$s\n}","color":"#FF1565C0","name":"First","typeName":"","palette":"63","type":"c","spec":"If time of day between 0-12"},{"code":"if (timeOfDay \u003e\u003d 12 \u0026\u0026 timeOfDay \u003c 16) {\n%1$s\n}","color":"#FF1565C0","name":"Second","typeName":"","palette":"63","type":"c","spec":"if time od day between 12-16"},{"code":"if (timeOfDay \u003e\u003d 20 \u0026\u0026 timeOfDay \u003c 24) {\n%1$s\n}","color":"#FF1565C0","name":"third","typeName":"","palette":"63","type":"c","spec":"if time of day 20-24"},{"code":"if(timeOfDay \u003e\u003d %1$s \u0026\u0026 timeOfDay \u003c %2$s){\n%3$s\n}","color":"#FF1565C0","name":"forth","typeName":"","palette":"63","type":"c","spec":"if time of day %d - %d"}]