[{"code":"ViewGroup parentLayout \u003d (ViewGroup) ((ViewGroup) this .findViewById(android.R.id.content)).getChildAt(0);\n   com.google.android.material.snackbar.Snackbar.make(parentLayout, %1$s, com.google.android.material.snackbar.Snackbar.LENGTH_LONG).show();","color":"#FF6F00","name":"Snackbar","typeName":"","palette":"70","type":" ","spec":"SnackBar Message %s.inputOnly"},{"code":"Toast toast1 \u003d Toast.makeText(this, \"\".concat(%1$s), Toast.LENGTH_SHORT);\n\ntoast1.setGravity(Gravity.TOP,0,0);\n\ntoast1.show();","color":"#FF6F00","name":"top","typeName":"","palette":"70","type":" ","spec":"Top toast %s.inputOnly"},{"code":"Toast toast1 \u003d Toast.makeText(this, \"\".concat(%1$s), Toast.LENGTH_SHORT);\n\ntoast1.setGravity(Gravity.CENTER,0,0);\n\ntoast1.show();","color":"#FF6F00","name":"top center","typeName":"","palette":"70","type":" ","spec":"Center  toast %s.inputOnly"},{"code":"Toast toast1 \u003d Toast.makeText(this, \"\".concat(%1$s), Toast.LENGTH_SHORT);\n\ntoast1.setGravity(Gravity.BOTTOM,0,0);\n\ntoast1.show();","color":"#FF6F00","name":"bottom","typeName":"","palette":"70","type":" ","spec":"Bottom toast %s.inputOnly"},{"code":"Toast toast1 \u003d Toast.makeText(this, \"\".concat(%1$s), Toast.LENGTH_SHORT);\n\ntoast1.setGravity(Gravity.LEFT,0,0);\n\ntoast1.show();","color":"#FF6F00","name":"toast left","typeName":"","palette":"70","type":" ","spec":"Left toast %s.inputOnly"},{"code":"Toast toast1 \u003d Toast.makeText(this, \"\".concat(%1$s), Toast.LENGTH_SHORT);\n\ntoast1.setGravity(Gravity.BOTTOM | Gravity.RIGHT,0,0);\n\ntoast1.show();","color":"#FF6F00","name":"bottom right","typeName":"","palette":"70","type":" ","spec":"Bottom Right toast %s.inputOnly"}]