[{"code":"","color":"#6726B2","name":"tooltip head one","typeName":"","palette":"129","type":"h","spec":"These blocks created by Hussein @smith8h \u0026 developed by arab ware channel"},{"code":"ViewTooltip %2$s;\n%2$s.on(this, %1$s);\n%3$s\n// blocks by Hussein @smith8h\n%2$s.show();","color":"#6726B2","name":"tooltip configuration","typeName":"","palette":"129","type":"c","spec":"Tooltip for %m.view with ID %s.inputOnly"},{"code":"%4$s.autoHide(%1$s, %2$s);\n%4$s.clickToHide(%3$s);","color":"#6726B2","name":"tooltip hide option","typeName":"","palette":"129","type":" ","spec":"Auto hide %b after %d ms, Click to hide %b with tooltip ID %s.inputOnly"},{"code":"%2$s.text(%1$s); // blocks by Hussein @smith8h","color":"#6726B2","name":"tooltip text","typeName":"","palette":"129","type":" ","spec":"Tooltip text %s with ID %s.inputOnly"},{"code":"%4$s.color(%1$s);\n%4$s.textColor(%2$s);\n%4$s.corner(%3$s);","color":"#6726B2","name":"tooltip colors corner","typeName":"","palette":"129","type":" ","spec":"Color %m.color Text color %m.color Corner %d with ID %s.inputOnly"},{"code":"%5$s.position(ViewTooltip.Position.%1$s);\n%5$s.arrowWidth(%2$s);\n%5$s.arrowHeight(%3$s);\n%5$s.distanceWithView(%4$s);","color":"#6726B2","name":"tooltip positions","typeName":"","palette":"129","type":" ","spec":"Position %s ArrowWidth %d ArrowHeight %d Distance with view %d with tooltip ID %s.inputOnly"},{"code":"%1$s.onDisplay(new ViewTooltip.ListenerDisplay() { @Override public void onDisplay(View view) {\n%2$s\n} })","color":"#6726B2","name":"on display tooltip","typeName":"","palette":"129","type":"c","spec":"tooltip with ID %s.inputOnly onDisplay listener"},{"code":"%1$s.onHide(new ViewTooltip.ListenerHide() { @Override public void onHide(View view) {\n%2$s\n} })","color":"#6726B2","name":"on hide tooltip","typeName":"","palette":"129","type":"c","spec":"tooltip with ID %s.inputOnly onHide listener"},{"code":"","color":"#6726B2","name":"tooltip positions head","typeName":"","palette":"129","type":"h","spec":"Positions of Tooltip hint view"},{"code":"TOP","color":"#6726B2","name":"top position tooltip","typeName":"","palette":"129","type":"s","spec":"TOP Position"},{"code":"RIGHT","color":"#6726B2","name":"right position tooltip","typeName":"","palette":"129","type":"s","spec":"RIGHT Position"},{"code":"BOTTOM","color":"#6726B2","name":"bottom position tooltip","typeName":"","palette":"129","type":"s","spec":"BOTTOM Position"},{"code":"LEFT","color":"#6726B2","name":"left position tooltip","typeName":"","palette":"129","type":"s","spec":"LEFT Position"}]