[{"code":"","color":"#FFBB86FC","name":"Made By Rayan Mark ","typeName":"","palette":"148","type":"h","spec":"Made By Rayan Mark"},{"code":"%1$s.addTab( %1$s.newTab().setIcon(getResources().getDrawable(R.drawable.%2$s)) );","color":"#FFBB86FC","name":"Tablayout Icons","typeName":"","palette":"148","type":" ","spec":"%m.tablayout SetIconFromRessource %m.resource "},{"code":"%1$s.dismiss();","color":"#FFBB86FC","name":"Dismiss Listener","typeName":"","palette":"148","type":" ","spec":"%s.inputOnly  Dismiss"},{"code":"%1$s.show();","color":"#FFBB86FC","name":"Show Listener","typeName":"","palette":"148","type":" ","spec":"%s.inputOnly Show"},{"code":"%1$s.setOnFocusChangeListener(new OnFocusChangeListener() { @Override public void onFocusChange(View v, boolean hasFocus) {\n\t\t  if (hasFocus) { \n\n%2$s\r\n\t\t} \n\t\t else { \n%3$s\r\n\t\t} } });","color":"#FFBB86FC","typeName":"setOn","name":"setOnFocus","palette":"148","type":"e","spec":"%m.textview setOnFocusChange","spec2":""},{"code":"((TextView)%1$s).setMaxLines((int)%2$s);","color":"#FFBB86FC","name":"getPosi_copy38","typeName":"getPos","palette":"148","type":" ","spec":"%m.textview setMaxLine %d "},{"code":"overridePendingTransition(R.anim.%1$s, R.anim.%2$s);","color":"#FFBB86FC","name":"Activity Transaction","typeName":"","palette":"148","type":" ","spec":"Override Pending Animaton Close Animaton%m.anim Enter Animaton %m.anim "},{"code":"overridePendingTransition(0, R.anim.%1$s);","color":"#FFBB86FC","name":"Activity Transaction 0-1","typeName":"","palette":"148","type":" ","spec":"Override Pending Transaction Close Animaton is 0 Open Animaton %m.anim "},{"code":"overridePendingTransition(R.anim.%1$s, 0);","color":"#FFBB86FC","name":"Activity Transaction 1-0","typeName":"","palette":"148","type":" ","spec":"Override Pending Transaction Enter Animation %m.anim Close Animaton is 0"},{"code":"%1$s.getAdapter().notifyItemInserted(%1$s.getAdapter().getItemCount() %2$s);","color":"#FFBB86FC","name":"Recyclerview SetNotifyItemChanged","typeName":"","palette":"148","type":" ","spec":"%m.recyclerview set Notify Item Inserted at position %d"},{"code":"final LinearLayoutManager %2$s \u003d new LinearLayoutManager(%3$s.this);\n%2$s.setStackFromEnd(%4$s);\n%1$s.setLayoutManager(%2$s);","color":"#FFBB86FC","name":"Recyclerview LinearLaManager","typeName":"","palette":"148","type":" ","spec":"%m.recyclerview LinearLaManager Name %s.inputOnly  at %m.activity Stack From End %b "},{"code":"%1$s.setGravity(Gravity.%2$s);","color":"#FFBB86FC","name":"View Gravity","typeName":"","palette":"148","type":" ","spec":"%m.view set Gravity %m.Gravity "},{"code":"Bitmap bitmap \u003d BitmapFactory.decodeResource(getResources(), R.drawable.%2$s);\n \nint b \u003d (int) blur;\n \n\t\tBitmap blurred \u003d blurRenderScript(this,bitmap, b);\n//second parametre is radius\n\t\t%1$s.setImageBitmap(blurred); \n \n}\n \n \n \n\tpublic static Bitmap blurRenderScript(Context context,Bitmap smallBitmap, int radius) {\n        try {\n\t\t\tsmallBitmap \u003d RGB565toARGB888(smallBitmap);\n\t\t} catch (Exception e) {\n\t\t\te.printStackTrace();\n\t\t}\n \n\t\tBitmap bitmap \u003d Bitmap.createBitmap(\n\t\t\tsmallBitmap.getWidth(), smallBitmap.getHeight(),\n\t\t\tBitmap.Config.ARGB_8888);\n \n \n\t\tandroid.renderscript.RenderScript renderScript \u003d android.renderscript.RenderScript.create(context);\n \n\t\tandroid.renderscript.Allocation blurInput \u003d android.renderscript.Allocation.createFromBitmap(renderScript, smallBitmap);\n\t\tandroid.renderscript.Allocation blurOutput \u003d android.renderscript.Allocation.createFromBitmap(renderScript, bitmap);\n \n\t\tandroid.renderscript.ScriptIntrinsicBlur blur \u003d android.renderscript.ScriptIntrinsicBlur.create(renderScript,\n\t\t\t\t\t\t\t\t\t\t\t\t\t\t\t\t\t\t\t\t\t\t\t\t\t\tandroid.renderscript.Element.U8_4(renderScript));\n\t\tblur.setInput(blurInput);\n\t\tblur.setRadius(radius); // radius must be 0 \u003c r \u003c\u003d 25\n\t\tblur.forEach(blurOutput);\n \n\t\tblurOutput.copyTo(bitmap);\n\t\trenderScript.destroy();\n \n\t\treturn bitmap;\n \n\t}\n \n\tprivate static Bitmap RGB565toARGB888(Bitmap img) throws Exception {\n\t\tint numPixels \u003d img.getWidth() * img.getHeight();\n\t\tint[] pixels \u003d new int[numPixels];\n \n\t\t//Get JPEG pixels.  Each int is the color values for one pixel.\n\t\timg.getPixels(pixels, 0, img.getWidth(), 0, 0, img.getWidth(), img.getHeight());\n \n\t\t//Create a Bitmap of the appropriate format.\n\t\tBitmap result \u003d Bitmap.createBitmap(img.getWidth(), img.getHeight(), Bitmap.Config.ARGB_8888);\n \n\t\t//Set RGB pixels.\n\t\tresult.setPixels(pixels, 0, result.getWidth(), 0, 0, result.getWidth(), result.getHeight());\n\t\treturn result;","color":"#FFBB86FC","name":"Blur Image ","typeName":"","palette":"148","type":" ","spec":"%m.imageview  set Blured Image From Ressource %m.resource "}]