[{"name":"added","palette":"27","spec":"added by arab ware channel","typeName":"","type":"h","code":"","color":"#FFFF6D00"},{"name":"added","palette":"27","spec":"added by arab ware channel","typeName":"","type":"h","code":"","color":"#FFFF6D00"},{"name":"translate ...","palette":"27","spec":"%m.TranslateAPI set language %s.inputOnly to %s.inputOnly translate %s","type":" ","typeName":"","color":"#FFFF6D00","code":"TranslateAPI %1$s \u003d new TranslateAPI(\n\t\t\t\tLanguage.%2$s,\n\t\t\t\tLanguage.%3$s,\n\t\t\t\t%4$s);"},{"spec2":"on failture","typeName":"","color":"#FFFF6D00","name":"listener transltorn","palette":"27","spec":"%m.TranslateAPI on success","type":"e","code":"%1$s.setTranslateListener(new TranslateAPI.TranslateListener() {\n\t\t\t\t\t\t@Override\n\t\t\t\t\t\tpublic void onSuccess(String %1$sText) {\n\t\t\t%2$s\n\t\t\t\t\t\t}\n\t\t\n\t\t\t\t\t\t@Override\n\t\t\t\t\t\tpublic void onFailure(String %1$sError) {\n\t\t\t%3$s\n\t\t\t\t\t\t}\n\t\t\t\t});"},{"name":"get result","palette":"27","spec":"%m.TranslateAPI get result","type":"s","typeName":"","color":"#FFFF6D00","code":"%1$sText"}]