[{"name":"created by gerges","palette":"55","spec":"created by Gerges Shamon","typeName":"","type":"h","code":"","color":"#FF388E3C"},{"name":"put me at more block kindly","palette":"55","spec":"put me at more block kindly","type":" ","typeName":"","color":"#FF388E3C","code":"}\npublic String readFileBase64(String path){\r\nString filePath \u003d path;\r\nString outData \u003d \"\";\r\n   \r\n    java.io.File file \u003d new java.io.File(filePath);\r\n    try (java.io.FileInputStream InFile \u003d new java.io.FileInputStream(file)) {\r\n    // Reading a file from file system\r\n    byte fileData[] \u003d new byte[(int) file.length()];\r\n    InFile.read(fileData);\r\n    byte[] encodedBytesFile \u003d org.apache.commons.codec.binary.Base64.encodeBase64(fileData);\r\n    \r\n    outData \u003d new String(encodedBytesFile);\r\n    } catch (java.io.FileNotFoundException e) {\r\n SketchwareUtil.showMessage(getApplicationContext(), \"File not found\" + e);\r\n    } catch (java.io.IOException ioe) {\r\nSketchwareUtil.showMessage(getApplicationContext(),\"Exception while reading the File \" + ioe);\r\n    }\r\n    return outData;\r\n}\npublic void haha_lol () {"},{"name":"read a file","palette":"55","spec":"read a file with path %s","typeName":"","type":"s","code":"readFileBase64(%1$s)","color":"#FF388E3C"}]