[{"code":"Uri %1$s \u003d Uri.parse(%2$s);","name":"StringToUri","palette":"64","type":" ","spec":"Create Uri %s.inputOnly from String %s"},{"code":"MediaController %1$s \u003d new MediaController(%2$s.this);","name":"MediaController","palette":"64","type":" ","spec":"MediaController %s.inputOnly at %m.activity"},{"code":"%1$s.setVideoURI(%2$s);","name":"VideoViewLoad","palette":"64","type":" ","spec":"%m.VideoView loadFromUri %m.Uri"},{"code":"%1$s","name":"Uri","typeName":"Uri","palette":"64","type":"v","spec":"UriName %s.inputOnly"},{"code":"%1$s.seekTo((int)%2$s);","name":"VideoSeek","palette":"64","type":" ","spec":"%m.VideoView seekTo %d"},{"code":"%1$s.setMediaController(%2$s);","name":"SetMediaController","palette":"64","type":" ","spec":"%m.VideoView setMediaController %m.MediaController"},{"code":"%1$s","name":"mediaController","typeName":"MediaController","palette":"64","type":"v","spec":"MediaControllerName %s.inputOnly"},{"code":"%1$s.start();","name":"StartVideoPlay","palette":"64","type":" ","spec":"%m.VideoView Start"}]