[{"code":"//ArkTechWorks","color":"#FF01579B","name":"Property by it\u0027s Owner","typeName":"","palette":"91","type":"h","spec":"This blocks is Made by Arkanghel"},{"code":"//onc","color":"#FF01579B","name":"tab onc","typeName":"","palette":"91","type":"h","spec":"Oncreate"},{"code":"%1$s.setAdapter(new MyFragmentAdapter(getApplicationContext(), getSupportFragmentManager(), %3$s));\r\n%2$s.setupWithViewPager(%1$s);","color":"#FF01579B","name":"tabby Oncreate","typeName":"","palette":"91","type":" ","spec":"%m.viewpager %m.tablayout TabCount %d "},{"code":"//fac","color":"#FF01579B","name":"Fragment Adapter Component","typeName":"","palette":"91","type":"h","spec":"Add Fragment Adapter Component"},{"code":"//ota","color":"#FF01579B","name":"o t a","typeName":"","palette":"91","type":"h","spec":"On Tab Added"},{"code":"if (_position \u003d\u003d %1$s) {\r\n\t%2$s\r\n}","color":"#FF01579B","name":"if tab pos \u003d ?","typeName":"","palette":"91","type":"c","spec":"if Tab position \u003d %d  then"},{"code":"return %s;","color":"#FF01579B","name":"tab title name/pos","typeName":"","palette":"91","type":" ","spec":"return Title %s "},{"code":"//ofa","color":"#FF01579B","name":"o f a","typeName":"","palette":"91","type":"h","spec":"On Fragment Added"},{"code":"if (_position \u003d\u003d %1$s) {\r\n\t%2$s\r\n}","color":"#FF01579B","name":"if tab pos \u003d ?_copy86","typeName":"","palette":"91","type":"c","spec":"if Tab position \u003d %d  then"},{"code":"return new %s();","color":"#FF01579B","name":"r f t","typeName":"","palette":"91","type":" ","spec":"return Fragment %m.activity "},{"code":"//des","color":"#FF01579B","name":"des tab view","typeName":"","palette":"91","type":"h","spec":"Set Designs Oncreate"},{"code":"%1$s.setTabTextColors(%2$s, %3$s);","color":"#FF01579B","name":"set tab text colors","typeName":"","palette":"91","type":" ","spec":"%m.tablayout setTabTextColors Normal %m.color  Selected %m.color "},{"code":"%1$s.setTabRippleColor(new android.content.res.ColorStateList(new int[][]{new int[]{android.R.attr.state_pressed}}, \n\nnew int[] {%2$s}));","color":"#FF01579B","name":"tab ripple inbuilt","typeName":"","palette":"91","type":" ","spec":"%m.tablayout setTabRipple %m.color "},{"code":"%1$s.setSelectedTabIndicatorColor(%2$s);","color":"#FF01579B","name":"seleted tab color","typeName":"","palette":"91","type":" ","spec":"%m.tablayout setSelectedTabIndicatorColor %m.color "},{"code":"%1$s.setSelectedTabIndicatorHeight(%2$s);","color":"#FF01579B","name":"set tab height Inbuilt","typeName":"","palette":"91","type":" ","spec":"%m.tablayout setSelectedTabIndicatorHeight %d "},{"code":"//guide","color":"#FF01579B","name":"guide tab","typeName":"","palette":"91","type":"h","spec":"Guide"},{"code":"/*%s\n*/","color":"#FF01579B","name":"Tab Guides","typeName":"","palette":"91","type":" ","spec":"Guide %s "},{"code":"//opn","color":"#FF01579B","name":"opn app cmpt dsns","typeName":"","palette":"91","type":"h","spec":"Open App Compat \u0026 Designs"}]