[{"code":"%s.setOnClickListener(new View.OnClickListener(){\n@Override\npublic void onClick(View _view){\n%s\n}\n});","name":"setOnClickListener","palette":"276","type":"c","spec":"When %m.view On Clicked"},{"code":"%s.setOnLongClickListener(new View.OnLongClickListener(){\n@Override\npublic boolean onLongClick(View _view){\n%s\nreturn false;\n}\n});","name":"setOnLongClickListener","palette":"276","type":"c","spec":"When %m.view On Long Clicked"},{"code":"%s.setOnScrollChangeListener(new View.OnScrollChangeListener(){\n@Override\npublic void onScrollChange(View _view, int _x, int _y, int _oldX, int _oldY){\n%s\n}\n});","name":"setOnScrollChanged","palette":"276","type":"c","spec":"When %m.view On Scroll Changed"}]