[{"name":"created..........","palette":"58","spec":"created by arab ware channel","typeName":"","type":"h","code":"","color":"#FFAD1457"},{"name":"coordinator editor","palette":"58","spec":"coordintor editor","type":"h","typeName":"","color":"#FFAD1457","code":""},{"name":"remove all views","palette":"58","spec":"Remove All Views","typeName":"","type":" ","code":"_coordinator.removeAllViews();","color":"#FFAD1457"},{"name":"add view now","palette":"58","spec":"add view %m.view","type":" ","typeName":"","color":"#FFAD1457","code":"_coordinator.addView(%1$s);"},{"name":"remove view","palette":"58","spec":"remove view %m.view","type":" ","typeName":"","color":"#FFAD1457","code":"_coordinator.removeView(%1$s);"},{"name":"app bar layout","palette":"58","spec":"app bar editor","typeName":"","type":"h","code":"","color":"#FFAD1457"},{"name":"remove all views...","palette":"58","spec":"Remove All Views","type":" ","typeName":"","color":"#FFAD1457","code":"_app_bar.removeAllViews();"},{"name":"add viewnnow...","palette":"58","spec":"add view %m.view","typeName":"","type":" ","code":"_app_bar.addView(%1$s);","color":"#FFAD1457"},{"name":"remove view.....","palette":"58","spec":"remove view %m.view","type":" ","typeName":"","color":"#FFAD1457","code":"_app_bar.removeView(%1$s);"},{"name":"main....","palette":"58","spec":"lets add new view","typeName":"","type":"h","code":"","color":"#FFAD1457"},{"name":"add vuew.....","palette":"58","spec":"add view with id %s.inputOnly with type %m.typeview in %m.activity","type":" ","typeName":"","color":"#FFAD1457","code":"%2$s %1$s \u003d new %2$s(%3$s.this);"},{"name":"add veiwjsj..","palette":"58","spec":"add view with id %s.inputOnly from custom view %m.customViews","typeName":"","type":" ","code":"LayoutInflater %1$sLL \u003d getLayoutInflater(); \nView %1$sVV \u003d %1$sLL.inflate(R.layout.%2$s, null);","color":"#FFAD1457"},{"name":"main views","palette":"58","spec":"main views","typeName":"","type":"h","code":"","color":"#FFAD1457"},{"name":"_toolbar","palette":"58","spec":"_toolbar view","type":"v","typeName":"View","color":"#FFAD1457","code":"_toolbar"},{"name":"_app_bar","palette":"58","spec":"_app_bar","typeName":"View","type":"v","code":"_app_bar","color":"#FFAD1457"},{"name":"coordinator","palette":"58","spec":"_coordinator","typeName":"View","type":"v","code":"_coordinator","color":"#FFAD1457"},{"name":"_fab","palette":"58","spec":"_fab","type":"v","typeName":"View","color":"#FFAD1457","code":"com.google.android.material.floatingactionbutton.FloatingActionButton"},{"name":"findViewById(R.id._nav_view)","palette":"58","spec":"drawer layout","typeName":"View","type":"v","code":"findViewById(R.id._nav_view)","color":"#FFAD1457"},{"name":"_drawer","palette":"58","spec":"_drawer","type":"v","typeName":"View","color":"#FFAD1457","code":"_drawer"}]