[{"name":"created ..... ","palette":"22","spec":"CREATED BY ARAB WARE CHANNEL","type":"h","typeName":"","color":"#FF5D4037","code":""},{"name":"WHO IS THE OWNER ?","palette":"22","spec":"the real owner of library is Java Library App owner but ArabWare just changed some codes from support to androidx and created these blocks because it was codes","type":"h","typeName":"","color":"#FF5D4037","code":""},{"name":"library.....","palette":"22","spec":"ViewPagerAnimator library |put me at more block|","typeName":"","type":" ","code":"}\npublic static abstract class BaseTransformer implements androidx.viewpager.widget.ViewPager.PageTransformer {\n\tprotected abstract void onTransform(View view, float position);\n\t@Override\n\tpublic void transformPage(View view, float position) {\n\t\tonPreTransform(view, position);\n\t\tonTransform(view, position);\n\t\tonPostTransform(view, position);\n\t}\n\tprotected boolean hideOffscreenPages() {\n\t\treturn true;\n\t}\n\tprotected boolean isPagingEnabled() {\n\t\treturn false;\n\t}\n\tprotected void onPreTransform(View view, float position) {\n\t\tfinal float width \u003d view.getWidth();\n\t\tview.setRotationX(0);\n\t\tview.setRotationY(0);\n\t\tview.setRotation(0);\n\t\tview.setScaleX(1);\n\t\tview.setScaleY(1);\n\t\tview.setPivotX(0);\n\t\tview.setPivotY(0);\n\t\tview.setTranslationY(0);\n\t\tview.setTranslationX(isPagingEnabled() ? 0f : -width * position);\n\t\tif (hideOffscreenPages()) {\n\t\t\tview.setAlpha(position \u003c\u003d -1f || position \u003e\u003d 1f ? 0f : 1f);\n\t\t} else {\n\t\t\tview.setAlpha(1f);\n\t\t}\n\t}\n\tprotected void onPostTransform(View view, float position) {\n\t}\n}\npublic static class AccordionTransformer extends BaseTransformer {\n\t@Override\n\tprotected void onTransform(View view, float position) {\n\t\tview.setPivotX(position \u003c 0 ? 0 : view.getWidth());\n\t\tview.setScaleX(position \u003c 0 ? 1f + position : 1f - position);\n\t}\n}\npublic static class BackgroundToForegroundTransformer extends BaseTransformer {\n\t@Override\n\tprotected void onTransform(View view, float position) {\n\t\tfinal float height \u003d view.getHeight();\n\t\tfinal float width \u003d view.getWidth();\n\t\tfinal float scale \u003d min(position \u003c 0 ? 1f : Math.abs(1f - position), 0.5f);\n\t\tview.setScaleX(scale);\n\t\tview.setScaleY(scale);\n\t\tview.setPivotX(width * 0.5f);\n\t\tview.setPivotY(height * 0.5f);\n\t\tview.setTranslationX(position \u003c 0 ? width * position : -width * position * 0.25f);\n\t}\n\tprivate static final float min(float val, float min) {\n\t\treturn val \u003c min ? min : val;\n\t}\n}\npublic static class CubeInTransformer extends BaseTransformer {\n\t@Override\n\tprotected void onTransform(View view, float position) {\n\t\tview.setPivotX(position \u003e 0 ? 0 : view.getWidth());\n\t\tview.setPivotY(0);\n\t\tview.setRotationY(-90f * position);\n\t}\n\t@Override\n\tpublic boolean isPagingEnabled() {\n\t\treturn true;\n\t}\n}\npublic static class CubeOutTransformer extends BaseTransformer {\n\t@Override\n\tprotected void onTransform(View view, float position) {\n\t\tview.setPivotX(position \u003c 0f ? view.getWidth() : 0f);\n\t\tview.setPivotY(view.getHeight() * 0.5f);\n\t\tview.setRotationY(90f * position);\n\t}\n\t@Override\n\tpublic boolean isPagingEnabled() {\n\t\treturn true;\n\t}\n}\npublic static class DefaultTransformer extends BaseTransformer {\n\t@Override protected void onTransform(View view, float position) {}\n\t@Override public boolean isPagingEnabled() {\n\t\treturn true;\n\t}\n}\npublic static class DepthPageTransformer extends BaseTransformer {\n\tprivate static final float MIN_SCALE \u003d 0.75f;\n\t@Override\n\tprotected void onTransform(View view, float position) {\n\t\tif (position \u003c\u003d 0f) {\n\t\t\tview.setTranslationX(0f);\n\t\t\tview.setScaleX(1f);\n\t\t\tview.setScaleY(1f);\n\t\t} else if (position \u003c\u003d 1f) {\n\t\t\tfinal float scaleFactor \u003d MIN_SCALE + (1 - MIN_SCALE) * (1 - Math.abs(position));\n\t\t\tview.setAlpha(1 - position);\n\t\t\tview.setPivotY(0.5f * view.getHeight());\n\t\t\tview.setTranslationX(view.getWidth() * -position);\n\t\t\tview.setScaleX(scaleFactor);\n\t\t\tview.setScaleY(scaleFactor);\n\t\t}\n\t}\n\t@Override\n\tprotected boolean isPagingEnabled() {\n\t\treturn true;\n\t}\n}\npublic static class ZoomOutTranformer extends BaseTransformer {\n\t@Override\n\tprotected void onTransform(View view, float position) {\n\t\tfinal float scale \u003d 1f + Math.abs(position);\n\t\tview.setScaleX(scale);\n\t\tview.setScaleY(scale);\n\t\tview.setPivotX(view.getWidth() * 0.5f);\n\t\tview.setPivotY(view.getHeight() * 0.5f);\n\t\tview.setAlpha(position \u003c -1f || position \u003e 1f ? 0f : 1f - (scale - 1f));\n\t\tif(position \u003d\u003d -1){\n\t\t\tview.setTranslationX(view.getWidth() * -1);\n\t\t}\n\t}\n}\npublic static class StackTransformer extends BaseTransformer {\n\t@Override\n\tprotected void onTransform(View view, float position) {\n\t\tview.setTranslationX(position \u003c 0 ? 0f : -view.getWidth() * position);\n\t}\n}\npublic static class TabletTransformer extends BaseTransformer {\n\tprivate static final Matrix OFFSET_MATRIX \u003d new Matrix();\n\tprivate static final Camera OFFSET_CAMERA \u003d new Camera();\n\tprivate static final float[] OFFSET_TEMP_FLOAT \u003d new float[2];\n\t@Override\n\tprotected void onTransform(View view, float position) {\n\t\tfinal float rotation \u003d (position \u003c 0 ? 30f : -30f) * Math.abs(position);\n\t\tview.setTranslationX(getOffsetXForRotation(rotation, view.getWidth(), view.getHeight()));\n\t\tview.setPivotX(view.getWidth() * 0.5f);\n\t\tview.setPivotY(0);\n\t\tview.setRotationY(rotation);\n\t}\n\tprotected static final float getOffsetXForRotation(float degrees, int width, int height) {\n\t\tOFFSET_MATRIX.reset();\n\t\tOFFSET_CAMERA.save();\n\t\tOFFSET_CAMERA.rotateY(Math.abs(degrees));\n\t\tOFFSET_CAMERA.getMatrix(OFFSET_MATRIX);\n\t\tOFFSET_CAMERA.restore();\n\t\tOFFSET_MATRIX.preTranslate(-width * 0.5f, -height * 0.5f);\n\t\tOFFSET_MATRIX.postTranslate(width * 0.5f, height * 0.5f);\n\t\tOFFSET_TEMP_FLOAT[0] \u003d width;\n\t\tOFFSET_TEMP_FLOAT[1] \u003d height;\n\t\tOFFSET_MATRIX.mapPoints(OFFSET_TEMP_FLOAT);\n\t\treturn (width - OFFSET_TEMP_FLOAT[0]) * (degrees \u003e 0.0f ? 1.0f : -1.0f);\n\t}\n}\npublic static class ZoomInTransformer extends BaseTransformer {\n\t@Override\n\tprotected void onTransform(View view, float position) {\n\t\tfinal float scale \u003d position \u003c 0 ? position + 1f : Math.abs(1f - position);\n\t\tview.setScaleX(scale);\n\t\tview.setScaleY(scale);\n\t\tview.setPivotX(view.getWidth() * 0.5f);\n\t\tview.setPivotY(view.getHeight() * 0.5f);\n\t\tview.setAlpha(position \u003c -1f || position \u003e 1f ? 0f : 1f - (scale - 1f));\n\t}\n}\npublic static class ZoomOutSlideTransformer extends BaseTransformer {\n\tprivate static final float MIN_SCALE \u003d 0.85f;\n\tprivate static final float MIN_ALPHA \u003d 0.5f;\n\t@Override\n\tprotected void onTransform(View view, float position) {\n\t\tif (position \u003e\u003d -1 || position \u003c\u003d 1) {\n\t\t\tfinal float height \u003d view.getHeight();\n\t\t\tfinal float scaleFactor \u003d Math.max(MIN_SCALE, 1 - Math.abs(position));\n\t\t\tfinal float vertMargin \u003d height * (1 - scaleFactor) / 2;\n\t\t\tfinal float horzMargin \u003d view.getWidth() * (1 - scaleFactor) / 2;\n\t\t\tview.setPivotY(0.5f * height);\n\t\t\tif (position \u003c 0) {\n\t\t\t\tview.setTranslationX(horzMargin - vertMargin / 2);\n\t\t\t} else {\n\t\t\t\tview.setTranslationX(-horzMargin + vertMargin / 2);\n\t\t\t}\n\t\t\tview.setScaleX(scaleFactor);\n\t\t\tview.setScaleY(scaleFactor);\n\t\t\tview.setAlpha(MIN_ALPHA + (scaleFactor - MIN_SCALE) / (1 - MIN_SCALE) * (1 - MIN_ALPHA));\n\t\t}\n\t}\n}\npublic static class ForegroundToBackgroundTransformer extends BaseTransformer {\n\t@Override\n\tprotected void onTransform(View view, float position) {\n\t\tfinal float height \u003d view.getHeight();\n\t\tfinal float width \u003d view.getWidth();\n\t\tfinal float scale \u003d min(position \u003e 0 ? 1f : Math.abs(1f + position), 0.5f);\n\t\tview.setScaleX(scale);\n\t\tview.setScaleY(scale);\n\t\tview.setPivotX(width * 0.5f);\n\t\tview.setPivotY(height * 0.5f);\n\t\tview.setTranslationX(position \u003e 0 ? width * position : -width * position * 0.25f);\n\t}\n\tprivate static final float min(float val, float min) {\n\t\treturn val \u003c min ? min : val;\n\t}\n}\npublic static class ParallaxPageTransformer extends BaseTransformer {\n    private final int viewToParallax;\n    public ParallaxPageTransformer(final int viewToParallax) {\n        this.viewToParallax \u003d viewToParallax;\n    }\n    @Override\n    protected void onTransform(View view, float position) {\n        int pageWidth \u003d view.getWidth();\n        if (position \u003c -1) {\n            view.setAlpha(1);\n        } else if (position \u003c\u003d 1) {\n            view.findViewById(viewToParallax).setTranslationX(-position * (pageWidth / 2));\n        } else {\n            view.setAlpha(1);\n        }\n    }\n}\npublic static class RotateDownTransformer extends BaseTransformer {\n\tprivate static final float ROT_MOD \u003d -15f;\n\t@Override\n\tprotected void onTransform(View view, float position) {\n\t\tfinal float width \u003d view.getWidth();\n\t\tfinal float height \u003d view.getHeight();\n\t\tfinal float rotation \u003d ROT_MOD * position * -1.25f;\n\t\tview.setPivotX(width * 0.5f);\n\t\tview.setPivotY(height);\n\t\tview.setRotation(rotation);\n\t}\n\t@Override\n\tprotected boolean isPagingEnabled() {\n\t\treturn true;\n\t}\n}\npublic static class RotateUpTransformer extends BaseTransformer {\n\tprivate static final float ROT_MOD \u003d -15f;\n\t@Override\n\tprotected void onTransform(View view, float position) {\n\t\tfinal float width \u003d view.getWidth();\n\t\tfinal float rotation \u003d ROT_MOD * position;\n\t\tview.setPivotX(width * 0.5f);\n\t\tview.setPivotY(0f);\n\t\tview.setTranslationX(0f);\n\t\tview.setRotation(rotation);\n\t}\n\t@Override\n\tprotected boolean isPagingEnabled() {\n\t\treturn true;\n\t}\n}\npublic static class DrawFromBackTransformer implements androidx.viewpager.widget.ViewPager.PageTransformer {\n\tprivate static final float MIN_SCALE \u003d 0.75f;\n\t@Override\n\tpublic void transformPage(View view, float position) {\n\t\tint pageWidth \u003d view.getWidth();\n\t\tif (position \u003c -1 || position \u003e 1) {\n\t\t\tview.setAlpha(0);\n\t\t\treturn;\n\t\t}\n\t\tif (position \u003c\u003d 0) {\n\t\t\tview.setAlpha(1 + position);\n\t\t\tview.setTranslationX(pageWidth * -position);\n\t\t\tfloat scaleFactor \u003d MIN_SCALE\n\t\t\t\t\t+ (1 - MIN_SCALE) * (1 - Math.abs(position));\n\t\t\tview.setScaleX(scaleFactor);\n\t\t\tview.setScaleY(scaleFactor);\n\t\t\treturn;\n\t\t}\n\t\tif (position \u003e 0.5 \u0026\u0026 position \u003c\u003d 1) {\n\t\t\tview.setAlpha(0);\n\t\t\tview.setTranslationX(pageWidth * -position);\n\t\t\treturn;\n\t\t}\n\t\tif (position \u003e 0.3 \u0026\u0026 position \u003c\u003d 0.5) {\n\t\t\tview.setAlpha(1);\n\t\t\tview.setTranslationX(pageWidth * position);\n\t\t\tfloat scaleFactor \u003d MIN_SCALE;\n\t\t\tview.setScaleX(scaleFactor);\n\t\t\tview.setScaleY(scaleFactor);\n\t\t\treturn;\n\t\t}\n\t\tif (position \u003c\u003d 0.3) {\n\t\t\tview.setAlpha(1);\n\t\t\tview.setTranslationX(pageWidth * position);\n\t\t\tfloat v \u003d (float) (0.3 - position);\n\t\t\tv \u003d v \u003e\u003d 0.25f ? 0.25f : v;\n\t\t\tfloat scaleFactor \u003d MIN_SCALE + v;\n\t\t\tview.setScaleX(scaleFactor);\n\t\t\tview.setScaleY(scaleFactor);\n\t\t}\n\t}\n}\npublic static class FlipHorizontalTransformer extends BaseTransformer {\n\t@Override\n\tprotected void onTransform(View view, float position) {\n\t\tfinal float rotation \u003d 180f * position;\n\t\tview.setVisibility(rotation \u003e 90f || rotation \u003c -90f ? View.INVISIBLE : View.VISIBLE);\n\t\tview.setPivotX(view.getWidth() * 0.5f);\n\t\tview.setPivotY(view.getHeight() * 0.5f);\n\t\tview.setRotationY(rotation);\n\t}\n}\npublic static class FlipVerticalTransformer extends BaseTransformer {\n\t@Override\n\tprotected void onTransform(View view, float position) {\n\t\tfinal float rotation \u003d -180f * position;\n\t\tview.setVisibility(rotation \u003e 90f || rotation \u003c -90f ? View.INVISIBLE : View.VISIBLE);\n\t\tview.setPivotX(view.getWidth() * 0.5f);\n\t\tview.setPivotY(view.getHeight() * 0.5f);\n\t\tview.setRotationX(rotation);\n\t}\n}\n{","color":"#FF5D4037"},{"name":"first view pager animation","palette":"22","spec":"%m.view pager set animation %m.ViewPagerAnimation","type":" ","typeName":"","color":"#FF5D4037","code":"%1$s.setPageTransformer(true, new %2$s());"},{"name":"AccordionTransformer","palette":"22","spec":"AccordionTransformer","typeName":"ViewPagerAnimation","type":"v","code":"AccordionTransformer","color":"#FF5D4037"},{"name":"BackgroundToForegroundTransformer","palette":"22","spec":"BackgroundToForegroundTransformer","typeName":"ViewPagerAnimation","type":"v","code":"BackgroundToForegroundTransformer","color":"#FF5D4037"},{"name":"CubeInTransformer","palette":"22","spec":"CubeInTransformer","type":"v","typeName":"ViewPagerAnimation","color":"#FF5D4037","code":"CubeInTransformer"},{"name":"CubeOutTransformer","palette":"22","spec":"CubeOutTransformer","typeName":"ViewPagerAnimation","type":"v","code":"CubeOutTransformer","color":"#FF5D4037"},{"name":"ZoomOutTransformer","palette":"22","spec":"ZoomOutTransformer","type":"v","typeName":"ViewPagerAnimation","color":"#FF5D4037","code":"ZoomOutTranformer"},{"name":"ZoomOutSlideTransformer","palette":"22","spec":"ZoomOutSlideTransformer","type":"v","typeName":"ViewPagerAnimation","color":"#FF5D4037","code":"ZoomOutSlideTransformer"},{"name":"DepthPageTransformer","palette":"22","spec":"DepthPageTransformer","type":"v","typeName":"ViewPagerAnimation","color":"#FF5D4037","code":"DepthPageTransformer"},{"name":"TabletTransformer","palette":"22","spec":"TabletTransformer","typeName":"ViewPagerAnimation","type":"v","code":"TabletTransformer","color":"#FF5D4037"},{"name":"StackTransformer","palette":"22","spec":"StackTransformer","type":"v","typeName":"ViewPagerAnimation","color":"#FF5D4037","code":"StackTransformer"},{"name":"RotateDownTransformer","palette":"22","spec":"RotateDownTransformer","typeName":"ViewPagerAnimation","type":"v","code":"RotateDownTransformer","color":"#FF5D4037"},{"name":"RotateUpTransformer","palette":"22","spec":"RotateUpTransformer","type":"v","typeName":"ViewPagerAnimation","color":"#FF5D4037","code":"RotateUpTransformer"},{"name":"FlipHorizontalTransformer","palette":"22","spec":"FlipHorizontalTransformer","typeName":"ViewPagerAnimation","type":"v","code":"FlipHorizontalTransformer","color":"#FF5D4037"},{"name":"FlipVerticalTransformer","palette":"22","spec":"FlipVerticalTransformer","type":"v","typeName":"ViewPagerAnimation","color":"#FF5D4037","code":"FlipVerticalTransformer"},{"name":"DrawFromBackTransformer","palette":"22","spec":"DrawFromBackTransformer","typeName":"ViewPagerAnimation","type":"v","code":"DrawFromBackTransformer","color":"#FF5D4037"}]