[{"code":"%s","name":"getVariableView","typeName":"View","palette":"10","type":"v","spec":"getVariableView %s.inputOnly"},{"code":"%s","name":"getVariableImageView","typeName":"ImageView","palette":"10","type":"v","spec":"getVariableImageView %s.inputOnly"},{"code":"%s","name":"getVariableTextView","typeName":"TextView","palette":"10","type":"v","spec":"getVariableTextView %s.inputOnly"},{"code":"%s","name":"getVariableEditText","typeName":"EditText","palette":"10","type":"v","spec":"getVariableEditText %s.inputOnly"},{"code":"%s","name":"getVariableListView","typeName":"ListView","palette":"10","type":"v","spec":"getVariableListview %s.inputOnly"},{"code":"%s.setLayoutParams(new LinearLayout.LayoutParams(%s, %s));","name":"setLayoutParamsView","palette":"10","type":" ","spec":"%m.view setLayoutParams Width %d Height %d"},{"code":"%s.addView(%s);","name":"addNewView","palette":"10","type":" ","spec":"%m.view addView %m.view"},{"code":"%s.setBackground(androidx.core.content.ContextCompat.getDrawable(getApplicationContext(), R.drawable.%s));","name":"setBackgroundDrawable","palette":"10","type":" ","spec":"%m.view setBackgroundDrawable %s.inputOnly"},{"code":"%s.performClick();","name":"performClick","palette":"10","type":" ","spec":"%m.view performClick"},{"code":"final %s %s \u003d getLayoutInflater().inflate(R.layout.%s, null);","name":"createViewInflater","palette":"10","type":" ","spec":"Create View %s.inputOnly Var %s.inputOnly From Layout %s.inputOnly"},{"code":"final %s %s \u003d new %s(%s);","name":"createViewProgrammatically","palette":"10","type":" ","spec":"Create View %s.inputOnly Var %s.inputOnly New View %s.inputOnly Context %s.inputOnly"},{"code":"%s \u003d new %s(%s.this);","name":"createPublicViewProgrammatically","palette":"10","type":" ","spec":"%s.inputOnly New View %s.inputOnly On %m.activity"},{"code":"%s.removeAllViews();","name":"removeAllViews","palette":"10","type":" ","spec":"%m.view removeAllViews"},{"code":"%s \u003d findViewById(R.id.%s);","name":"findViewById","palette":"10","type":" ","spec":"%m.view findViewById %s.inputOnly"},{"code":"%s \u003d %s.findViewById(R.id.%s);","name":"findViewOnView","palette":"10","type":" ","spec":"%m.view On %m.view findViewById %s.inputOnly"},{"code":"%s.setCompoundDrawablesWithIntrinsicBounds(%s, %s, %s, %s);","name":"setCompoundDrawable","palette":"10","type":" ","spec":"%m.view setIcon Left %s.inputOnly Top %s.inputOnly Right %s.inputOnly Bottom %s.inputOnly"},{"code":"AJCode.setBackgroundGradient(%s, %s, %s);","name":"setBackgroundGradientView","palette":"10","type":" ","spec":"%m.view setBackgroundGradient First %m.color Second %m.color"},{"code":"AJCode.setRoundedRipple(%s, %s, %s, %s, %s, %s, %s, %s, %s);","name":"setRoundedRippleView","palette":"10","type":" ","spec":"%m.view setRoundCorner LT %d RT %d RB %d LB %d setColor %m.color setStroke Size %d strokeColor %m.color setRippleColor %m.color"},{"code":"getSupportActionBar().setHomeAsUpIndicator(R.drawable.%s);","name":"setIconToolbar","palette":"10","type":" ","spec":"setIconToolbar %m.resource_bg"},{"code":"%s.setElevation((float)%s);","name":"setElevation","palette":"10","type":" ","spec":"%m.view setElevation %d"},{"code":"%s.setError(%s);","name":"setErrorText","palette":"10","type":" ","spec":"%m.edittext setError %s"},{"code":"com.google.android.material.snackbar.Snackbar.make(%s, %s, com.google.android.material.snackbar.Snackbar.LENGTH_LONG).show();","name":"showSnackBarOnly","palette":"10","type":" ","spec":"showSnackBar On %m.view Message %s"},{"code":"com.google.android.material.snackbar.Snackbar.make(%s, %s, com.google.android.material.snackbar.Snackbar.LENGTH_INDEFINITE)\n.setAction(%s, new OnClickListener() {\n@Override\npublic void onClick(View v) {\n%s\n}\n}).show();","name":"showSnackBarWithAction","palette":"10","type":"c","spec":"showSnackBar On %m.view Message %s Action %s"},{"code":"%s.setSingleLine(%s);","name":"setSingleLineText","palette":"10","type":" ","spec":"%m.edittext setSingleLine %b"},{"code":"%s.setInputType(android.text.InputType.TYPE_CLASS_TEXT | android.text.InputType.TYPE_TEXT_VARIATION_PASSWORD);","name":"setTextTypePassword","palette":"10","type":" ","spec":"%m.edittext setTextTypePassword"},{"code":"%s.setOrientation(LinearLayout.%s);","name":"setOrientationView","palette":"10","type":" ","spec":"%m.view setOrientation %s.inputOnly"},{"code":"%s.setTextSize((float)%s);","name":"setTextSize","palette":"10","type":" ","spec":"%m.textview setTextSize %d"},{"code":"View %1$s \u003d  ((LayoutInflater)getApplicationContext().getSystemService(Context.LAYOUT_INFLATER_SERVICE)).inflate(R.layout.%2$s, null, false);\n%3$s.addFooterView(%1$s);","name":"AddFooterListToListView","palette":"10","type":" ","spec":"ViewFooter %s.inputOnly addCustomLayout%s.inputOnly toListView%m.listview"},{"code":"SpannableString %1$s \u003d  new SpannableString(%2$s);","name":"SpannableString","palette":"10","type":" ","spec":"SpannableString %s.inputOnly String %s"},{"code":"android.text.style.ForegroundColorSpan %1$s \u003d new android.text.style.ForegroundColorSpan(%2$s);","name":"ForegroundColorSpan","palette":"10","type":" ","spec":"ForegroundColorSpan %s.inputOnly color %m.color"},{"code":"android.text.style.BackgroundColorSpan %1$s \u003d new android.text.style.BackgroundColorSpan(%2$s);","name":"BackgroundColorSpan","palette":"10","type":" ","spec":"BackgroundColorSpan %s.inputOnly color %m.color"},{"code":"%1$s.setSpan(%4$s, %2$s, %3$s, Spanned.SPAN_INCLUSIVE_EXCLUSIVE);","name":"SpanSetTo","palette":"10","type":" ","spec":"SpannableString %s.inputOnly indexStart %d end %d typeSpan %s.inputOnly"},{"code":"%1$s.setText(%2$s);","name":"SpanSetToTextView","palette":"10","type":" ","spec":"%m.textview setSpan %s.inputOnly"},{"code":"getWindow().setFlags(WindowManager.LayoutParams.FLAG_LAYOUT_NO_LIMITS, WindowManager.LayoutParams.FLAG_LAYOUT_NO_LIMITS); getWindow().setStatusBarColor(Color.TRANSPARENT);","name":"TransparentStatusBar","palette":"10","type":" ","spec":"TransparentStatusBar"},{"code":"\nRotateAnimation rotateAnimation \u003d new RotateAnimation(360, 0, Animation.RELATIVE_TO_SELF, 0.5f, Animation.RELATIVE_TO_SELF, 0.5f); \nrotateAnimation.setInterpolator(new AccelerateInterpolator()); \nrotateAnimation.setDuration(%2$s); \n%1$s.startAnimation(rotateAnimation);","name":"rotateAnimation","palette":"10","type":" ","spec":"RotateAnimation%m.textview duration%d"},{"code":"\nAnimation anim \u003dnew AlphaAnimation(0.0f,1.0f); \nanim.setDuration(50);\nanim.setStartOffset(20);\nanim.setRepeatMode(Animation.REVERSE);\nanim.setRepeatCount(Animation.INFINITE);\n%1$s.startAnimation(anim);","name":"blink","palette":"10","type":" ","spec":"blink%m.textview"},{"code":"android.content.ClipboardManager clipboard \u003d (android.content.ClipboardManager) getSystemService(CLIPBOARD_SERVICE);\n  ClipData clipData \u003d clipboard.getPrimaryClip(); \n  if ((clipData !\u003d null)) { \n   clipdata \u003d clipData.getItemAt(0).getText().toString();; \n   %1$s.setText(clipdata); \n  } ","name":"Paste ClipboardManager","palette":"10","type":" ","spec":"Paste ClipboardManager to %m.textview "},{"code":"new Object (){ private String timeOfDay(){\n\t\t\tint td \u003d (Calendar.getInstance()).get(Calendar.HOUR_OF_DAY);\n\t\t\tif(td \u003e\u003d 0 \u0026\u0026 td \u003c 12) return \"Good Morning\";\n\t\t\t\telse if(td \u003e\u003d 12 \u0026\u0026 td \u003c 16) return \"Good Afternoon\";\n\t\t\t\telse if(td \u003e\u003d 16 \u0026\u0026 td \u003c 21) return \"Good Evening\";\n\t\t\t\telse return \"Good Night\";}}.timeOfDay()","color":"#00836c","typeName":"","name":"getTimeOfDay","palette":"10","type":"s","spec":"getTimeOfDay"},{"code":"new Toast(%1$s.this){\n\t\t\tprivate void showT(){\n\t\t\t\tmakeText(%1$s.this,\"\",Toast.LENGTH_LONG);\n\t\t\t\tsetView((new View(%1$s.this){\n\t\t\t\t\t\t\tprivate TextView set(){\n\t\t\t\t\t\t\t\tTextView tv \u003d new TextView(MainActivity.this);\n\t\t\t\t\t\t\t\ttv.setText(%2$s);\n\t\t\t\t\t\t\t\ttv.setTextColor(%3$s);\ntv.setTextSize(%4$s);\n\t\t\t\t\t\t\t\ttv.setTypeface(null,(int)Double.parseDouble(\"%5$s\".replace(\"bold|italic\",\"3\").replace(\"bold\",\"1\").replace(\"italic\",\"2\").replace(\"normal\", \"0\")));\n\t\t\t\t\t\t\t\treturn tv;\n\t\t\t\t\t\t\t}\n\t\t\t\t\t\t}).set());\n\t\t\t\tshow();\n\t\t\t}\n\t}.showT();","color":"#41EAC1","typeName":"","name":"showTextViewToast","palette":"10","type":" ","spec":"%m.activity showToast message %s  color %m.color size %d  style %m.typeface"}]