[{"name":"BY...","palette":"58","spec":"BY ARAB WARE CHANNEL","type":"h","typeName":"","color":"#FF00B8D4","code":""},{"name":"YOU MUST DOWNLOAD THE LIBRARY","palette":"58","spec":"YOU MUST DOWNLOAD THE LIBRARY","typeName":"","type":"h","code":"","color":"#FF00B8D4"},{"name":"for activity...","palette":"58","spec":"IN ACTIVITY !!!","type":"h","typeName":"","color":"#FF00B8D4","code":""},{"spec2":"on hide","typeName":"","color":"#FF00B8D4","name":"created by....","palette":"58","spec":"new ViewToolTip in %m.activity in %m.view auto hide ? %b after %d with %m.position setText %s setTextColor %m.color set color %m.color  setCorner %d set Arrow Width %d set Arrow height %d set distance %d on display","type":"e","code":"ViewTooltip\n        .on(%1$s.this, %2$s)\n        .autoHide(%3$s, %4$s)\n        .position(ViewTooltip.Position.%5$s)\n        .text(%6$s)\n        .textColor(%7$s)\n        .color(%8$s)\n        .corner((int) %9$s)\n        .arrowWidth((int) %10$s)\n        .arrowHeight((int) %11$s)\n        .distanceWithView((int) %12$s)\n        .onDisplay(new ViewTooltip.ListenerDisplay() {\n            @Override\n            public void onDisplay(View view) {\n                %13$s\n            }\n        })\n        .onHide(new ViewTooltip.ListenerHide() {\n            @Override\n            public void onHide(View view) {\n                %14$s\n            }\n        })\n        .show();"},{"name":"for fragment","palette":"58","spec":"IN FRAGMENT !!!","typeName":"","type":"h","code":"","color":"#FF00B8D4"},{"spec2":"on hide","typeName":"","color":"#FF00B8D4","name":"created by...._copy52","palette":"58","spec":"new ViewToolTip in %m.activity in %m.view auto hide ? %b after %d with %m.position setText %s setTextColor %m.color set color %m.color  setCorner %d set Arrow Width %d set Arrow height %d set distance %d on display","type":"e","code":"ViewTooltip\n        .on(getActivity(), %2$s)\n        .autoHide(%3$s, %4$s)\n        .position(ViewTooltip.Position.%5$s)\n        .text(%6$s)\n        .textColor(%7$s)\n        .color(%8$s)\n        .corner((int) %9$s)\n        .arrowWidth((int) %10$s)\n        .arrowHeight((int) %11$s)\n        .distanceWithView((int) %12$s)\n        .onDisplay(new ViewTooltip.ListenerDisplay() {\n            @Override\n            public void onDisplay(View view) {\n                %13$s\n            }\n        })\n        .onHide(new ViewTooltip.ListenerHide() {\n            @Override\n            public void onHide(View view) {\n                %14$s\n            }\n        })\n        .show();"},{"name":"TOP.","palette":"58","spec":"TOP Position :)","typeName":"position","type":"v","code":"TOP","color":"#FF00B8D4"},{"name":"RIGHT.","palette":"58","spec":"RIGHT Position :)","typeName":"position","type":"v","code":"RIGHT","color":"#FF00B8D4"},{"name":"BOTTOM.","palette":"58","spec":"BOTTOM Position :)","typeName":"position","type":"v","code":"BOTTOM","color":"#FF00B8D4"},{"name":"LEFT","palette":"58","spec":"LEFT Position :)","typeName":"position","type":"v","code":"LEFT","color":"#FF00B8D4"}]