[{"name":"blocks by arab ware channel","palette":"19","spec":"BLOCKS BY ARAB WARE CHANNEL | AND FROM A GITHUB LIBRARY I MODDED SOME CODES TO MAKE IT WORK WITHOUT ANDROIDX AND EASY USING","type":"h","typeName":"","color":"#FFE65100","code":""},{"name":"library..........","palette":"19","spec":"library المكتبة","type":"h","typeName":"","color":"#FFE65100","code":""},{"name":"library...............","palette":"19","spec":"put me at more block ضعني في مور بلوك","typeName":"","type":" ","code":"}\r\n/**\n * Base class that contains common implementation for all\n * visualizers.\n * Created by gautam chibde on 28/10/17.\n */\n\nabstract public static class BaseVisualizer extends View {\n    protected byte[] bytes;\n    protected Paint paint;\n    protected android.media.audiofx.Visualizer visualizer;\n    protected int color \u003d Color.BLUE;\n\n    public BaseVisualizer(Context context) {\n        super(context);\n        init(null);\n        init();\n    }\n\n    public BaseVisualizer(Context context,AttributeSet attrs) {\n        super(context, attrs);\n        init(attrs);\n        init();\n    }\n\n    public BaseVisualizer(Context context,AttributeSet attrs, int defStyleAttr) {\n        super(context, attrs, defStyleAttr);\n        init(attrs);\n        init();\n    }\n\n    private void init(AttributeSet attributeSet) {\n        paint \u003d new Paint();\n    }\n\n    /**\n     * Set color to visualizer with color resource id.\n     *\n     * @param color color resource id.\n     */\n    public void setColor(int color) {\n        this.color \u003d color;\n        this.paint.setColor(this.color);\n    }\n\n    /**\n     * @deprecated will be removed in next version use {@link BaseVisualizer#setPlayer(int)} instead\n     * @param mediaPlayer MediaPlayer\n     */\n    @Deprecated\n    public void setPlayer(MediaPlayer mediaPlayer) {\n        setPlayer(mediaPlayer.getAudioSessionId());\n    }\n\n    public void setPlayer(int audioSessionId) {\n        visualizer \u003d new android.media.audiofx.Visualizer(audioSessionId);\n        visualizer.setEnabled(false);\n        visualizer.setCaptureSize(android.media.audiofx.Visualizer.getCaptureSizeRange()[1]);\n\n        visualizer.setDataCaptureListener(new android.media.audiofx.Visualizer.OnDataCaptureListener() {\n            @Override\n            public void onWaveFormDataCapture(android.media.audiofx.Visualizer visualizer, byte[] bytes,\n                                              int samplingRate) {\n                BaseVisualizer.this.bytes \u003d bytes;\n                invalidate();\n            }\n\n            @Override\n            public void onFftDataCapture(android.media.audiofx.Visualizer visualizer, byte[] bytes,\n                                         int samplingRate) {\n            }\n        }, android.media.audiofx.Visualizer.getMaxCaptureRate() / 2, true, false);\n\n        visualizer.setEnabled(true);\n    }\n\n    public void release() {\n        //will be null if setPlayer hasn\u0027t yet been called\n        if (visualizer \u003d\u003d null)\n            return;\n\n        visualizer.release();\n        bytes \u003d null;\n        invalidate();\n    }\n\n    public android.media.audiofx.Visualizer getVisualizer() {\n        return visualizer;\n    }\n\n    protected abstract void init();\n}\r\n/*\n* Copyright (C) 2017 Gautam Chibde\n*\n* Licensed under the Apache License, Version 2.0 (the \"License\");\n* you may not use this file except in compliance with the License.\n* You may obtain a copy of the License at\n*\n* http://www.apache.org/licenses/LICENSE-2.0\n*\n* Unless required by applicable law or agreed to in writing, software\n* distributed under the License is distributed on an \"AS IS\" BASIS,\n* WITHOUT WARRANTIES OR CONDITIONS OF ANY KIND, either express or implied.\n* See the License for the specific language governing permissions and\n* limitations under the License.\n*/\n\n/**\n * Custom view that creates a Bar visualizer effect for\n * the android {@link android.media.MediaPlayer}\n *\n * Created by gautam chibde on 28/10/17.\n */\n\npublic static class BarVisualizer extends BaseVisualizer {\n\n    private float density \u003d 50;\n    private int gap;\n\n    public BarVisualizer(Context context) {\n        super(context);\n    }\n\n    public BarVisualizer(Context context,AttributeSet attrs) {\n        super(context, attrs);\n    }\n\n    public BarVisualizer(Context context,AttributeSet attrs,\n                         int defStyleAttr) {\n        super(context, attrs, defStyleAttr);\n    }\n\n    @Override\n    protected void init() {\n        this.density \u003d 50;\n        this.gap \u003d 4;\n        paint.setStyle(Paint.Style.FILL);\n    }\n\n    /**\n     * Sets the density to the Bar visualizer i.e the number of bars\n     * to be displayed. Density can vary from 10 to 256.\n     * by default the value is set to 50.\n     *\n     * @param density density of the bar visualizer\n     */\n    public void setDensity(float density) {\n        this.density \u003d density;\n        if (density \u003e 256) {\n            this.density \u003d 256;\n        } else if (density \u003c 10) {\n            this.density \u003d 10;\n        }\n    }\n\n    @Override\n    protected void onDraw(Canvas canvas) {\n        if (bytes !\u003d null) {\n            float barWidth \u003d getWidth() / density;\n            float div \u003d bytes.length / density;\n            paint.setStrokeWidth(barWidth - gap);\n\n            for (int i \u003d 0; i \u003c density; i++) {\n                int bytePosition \u003d (int) Math.ceil(i * div);\n                int top \u003d getHeight() +\n                        ((byte) (Math.abs(bytes[bytePosition]) + 128)) * getHeight() / 128;\n                float barX \u003d (i * barWidth) + (barWidth / 2);\n                canvas.drawLine(barX, getHeight(), barX, top, paint);\n            }\n            super.onDraw(canvas);\n        }\n    }\n}\r\n/*\n* Copyright (C) 2017 Gautam Chibde\n*\n* Licensed under the Apache License, Version 2.0 (the \"License\");\n* you may not use this file except in compliance with the License.\n* You may obtain a copy of the License at\n*\n* http://www.apache.org/licenses/LICENSE-2.0\n*\n* Unless required by applicable law or agreed to in writing, software\n* distributed under the License is distributed on an \"AS IS\" BASIS,\n* WITHOUT WARRANTIES OR CONDITIONS OF ANY KIND, either express or implied.\n* See the License for the specific language governing permissions and\n* limitations under the License.\n*/\n\n/**\n * TODO\n *\n * Created by gautam chibde on 29/10/17.\n */\n\nclass BlazingColorVisualizer extends BaseVisualizer {\n    private Shader shader;\n\n    public BlazingColorVisualizer(Context context) {\n        super(context);\n    }\n\n    public BlazingColorVisualizer(Context context,\n                                  AttributeSet attrs) {\n        super(context, attrs);\n    }\n\n    public BlazingColorVisualizer(Context context,\n                                  AttributeSet attrs,\n                                  int defStyleAttr) {\n        super(context, attrs, defStyleAttr);\n    }\n\n    @Override\n    protected void init() {\n        shader \u003d new LinearGradient(0,\n                0,\n                0,\n                getHeight(),\n                Color.BLUE,\n                Color.GREEN,\n                Shader.TileMode.MIRROR /*or REPEAT*/);\n    }\n\n    @Override\n    protected void onDraw(Canvas canvas) {\n        if (bytes !\u003d null) {\n            paint.setShader(shader);\n            for (int i \u003d 0, k \u003d 0; i \u003c (bytes.length - 1) \u0026\u0026 k \u003c bytes.length; i++, k++) {\n                int top \u003d getHeight() +\n                        ((byte) (Math.abs(bytes[k]) + 128)) * getHeight() / 128;\n                canvas.drawLine(i, getHeight(), i, top, paint);\n            }\n            super.onDraw(canvas);\n        }\n    }\n}\r\n/*\n* Copyright (C) 2017 Gautam Chibde\n*\n* Licensed under the Apache License, Version 2.0 (the \"License\");\n* you may not use this file except in compliance with the License.\n* You may obtain a copy of the License at\n*\n* http://www.apache.org/licenses/LICENSE-2.0\n*\n* Unless required by applicable law or agreed to in writing, software\n* distributed under the License is distributed on an \"AS IS\" BASIS,\n* WITHOUT WARRANTIES OR CONDITIONS OF ANY KIND, either express or implied.\n* See the License for the specific language governing permissions and\n* limitations under the License.\n*/\n\n\n/**\n * Custom view that creates a Circle and Bar visualizer effect for\n * the android {@link android.media.MediaPlayer}\n *\n * Created by gautam chibde on 20/11/17.\n */\n\npublic static class CircleBarVisualizer extends BaseVisualizer {\n    private float[] points;\n    private Paint circlePaint;\n    private int radius;\n\n    public CircleBarVisualizer(Context context) {\n        super(context);\n    }\n\n    public CircleBarVisualizer(Context context,\n                               AttributeSet attrs) {\n        super(context, attrs);\n    }\n\n    public CircleBarVisualizer(Context context,\n                               AttributeSet attrs,\n                               int defStyleAttr) {\n        super(context, attrs, defStyleAttr);\n    }\n\n    @Override\n    protected void init() {\n        paint.setStyle(Paint.Style.STROKE);\n        circlePaint \u003d new Paint();\n        radius \u003d -1;\n    }\n\n    @Override\n    protected void onDraw(Canvas canvas) {\n        if (radius \u003d\u003d -1) {\n            radius \u003d getHeight() \u003c getWidth() ? getHeight() : getWidth();\n            radius \u003d (int) (radius * 0.65 / 2);\n            double circumference \u003d 2 * Math.PI * radius;\n            paint.setStrokeWidth((float) (circumference / 120));\n            circlePaint.setStyle(Paint.Style.STROKE);\n            circlePaint.setStrokeWidth(4);\n        }\n        circlePaint.setColor(color);\n        canvas.drawCircle(getWidth() / 2f, getHeight() / 2f, radius, circlePaint);\n        if (bytes !\u003d null) {\n            if (points \u003d\u003d null || points.length \u003c bytes.length * 4) {\n                points \u003d new float[bytes.length * 4];\n            }\n            double angle \u003d 0;\n\n            for (int i \u003d 0; i \u003c 120; i++, angle +\u003d 3) {\n                int x \u003d (int) Math.ceil(i * 8.5);\n                int t \u003d ((byte) (-Math.abs(bytes[x]) + 128)) * (getHeight() / 4) / 128;\n\n                points[i * 4] \u003d (float) (getWidth() / 2\n                        + radius\n                        * Math.cos(Math.toRadians(angle)));\n\n                points[i * 4 + 1] \u003d (float) (getHeight() / 2\n                        + radius\n                        * Math.sin(Math.toRadians(angle)));\n\n                points[i * 4 + 2] \u003d (float) (getWidth() / 2\n                        + (radius + t)\n                        * Math.cos(Math.toRadians(angle)));\n\n                points[i * 4 + 3] \u003d (float) (getHeight() / 2\n                        + (radius + t)\n                        * Math.sin(Math.toRadians(angle)));\n            }\n\n            canvas.drawLines(points, paint);\n        }\n        super.onDraw(canvas);\n    }\n}\r\n/*\n* Copyright (C) 2017 Gautam Chibde\n*\n* Licensed under the Apache License, Version 2.0 (the \"License\");\n* you may not use this file except in compliance with the License.\n* You may obtain a copy of the License at\n*\n* http://www.apache.org/licenses/LICENSE-2.0\n*\n* Unless required by applicable law or agreed to in writing, software\n* distributed under the License is distributed on an \"AS IS\" BASIS,\n* WITHOUT WARRANTIES OR CONDITIONS OF ANY KIND, either express or implied.\n* See the License for the specific language governing permissions and\n* limitations under the License.\n*/\n\n/**\n * Custom view that creates a circle visualizer effect for\n * the android {@link android.media.MediaPlayer}\n *\n * Created by gautam on 13/11/17.\n */\npublic static class CircleVisualizer extends BaseVisualizer {\n    private float[] points;\n    private float radiusMultiplier \u003d 1;\n    private float strokeWidth \u003d 0.005f;\n\n    public CircleVisualizer(Context context) {\n        super(context);\n    }\n\n    public CircleVisualizer(Context context,AttributeSet attrs) {\n        super(context, attrs);\n    }\n\n    public CircleVisualizer(Context context,AttributeSet attrs, int defStyleAttr) {\n        super(context, attrs, defStyleAttr);\n    }\n\n    @Override\n    protected void init() {\n    }\n\n    /**\n     * set Stroke width for your visualizer takes input between 1-10\n     *\n     * @param strokeWidth stroke width between 1-10\n     */\n    public void setStrokeWidth(int strokeWidth) {\n        if (strokeWidth \u003e 10) {\n            this.strokeWidth \u003d 10 * 0.005f;\n        } else if (strokeWidth \u003c 1) {\n            this.strokeWidth \u003d 0.005f;\n        }\n        this.strokeWidth \u003d strokeWidth * 0.005f;\n    }\n\n    /**\n     * This method sets the multiplier to the circle, by default the\n     * multiplier is set to 1. you can provide value more than 1 to\n     * increase size of the circle visualizer.\n     *\n     * @param radiusMultiplier multiplies to the radius of the circle.\n     */\n    public void setRadiusMultiplier(float radiusMultiplier) {\n        this.radiusMultiplier \u003d radiusMultiplier;\n    }\n\n    @Override\n    protected void onDraw(Canvas canvas) {\n        if (bytes !\u003d null) {\n            paint.setStrokeWidth(getHeight() * strokeWidth);\n            if (points \u003d\u003d null || points.length \u003c bytes.length * 4) {\n                points \u003d new float[bytes.length * 4];\n            }\n            double angle \u003d 0;\n\n            for (int i \u003d 0; i \u003c 360; i++, angle++) {\n                points[i * 4] \u003d (float) (getWidth() / 2\n                        + Math.abs(bytes[i * 2])\n                        * radiusMultiplier\n                        * Math.cos(Math.toRadians(angle)));\n                points[i * 4 + 1] \u003d (float) (getHeight() / 2\n                        + Math.abs(bytes[i * 2])\n                        * radiusMultiplier\n                        * Math.sin(Math.toRadians(angle)));\n\n                points[i * 4 + 2] \u003d (float) (getWidth() / 2\n                        + Math.abs(bytes[i * 2 + 1])\n                        * radiusMultiplier\n                        * Math.cos(Math.toRadians(angle + 1)));\n\n                points[i * 4 + 3] \u003d (float) (getHeight() / 2\n                        + Math.abs(bytes[i * 2 + 1])\n                        * radiusMultiplier\n                        * Math.sin(Math.toRadians(angle + 1)));\n            }\n            canvas.drawLines(points, paint);\n        }\n        super.onDraw(canvas);\n    }\n}\r\n/*\n* Copyright (C) 2017 Gautam Chibde\n*\n* Licensed under the Apache License, Version 2.0 (the \"License\");\n* you may not use this file except in compliance with the License.\n* You may obtain a copy of the License at\n*\n* http://www.apache.org/licenses/LICENSE-2.0\n*\n* Unless required by applicable law or agreed to in writing, software\n* distributed under the License is distributed on an \"AS IS\" BASIS,\n* WITHOUT WARRANTIES OR CONDITIONS OF ANY KIND, either express or implied.\n* See the License for the specific language governing permissions and\n* limitations under the License.\n*/\n\n/**\n * Custom view that creates a Line and Bar visualizer effect for\n * the android {@link android.media.MediaPlayer}\n * \u003cp\u003e\n * Created by gautam chibde on 22/11/17.\n */\n\npublic static class LineBarVisualizer extends BaseVisualizer {\n    private Paint middleLine;\n    private float density;\n    private int gap;\n\n    public LineBarVisualizer(Context context) {\n        super(context);\n    }\n\n    public LineBarVisualizer(Context context,AttributeSet attrs) {\n        super(context, attrs);\n    }\n\n    public LineBarVisualizer(Context context,AttributeSet attrs, int defStyleAttr) {\n        super(context, attrs, defStyleAttr);\n    }\n\n    @Override\n    protected void init() {\n        density \u003d 50;\n        gap \u003d 4;\n        middleLine \u003d new Paint();\n        middleLine.setColor(Color.BLUE);\n    }\n\n    /**\n     * Sets the density to the Bar visualizer i.e the number of bars\n     * to be displayed. Density can vary from 10 to 256.\n     * by default the value is set to 50.\n     *\n     * @param density density of the bar visualizer\n     */\n    public void setDensity(float density) {\n        if (this.density \u003e 180) {\n            this.middleLine.setStrokeWidth(1);\n            this.gap \u003d 1;\n        } else {\n            this.gap \u003d 4;\n        }\n        this.density \u003d density;\n        if (density \u003e 256) {\n            this.density \u003d 250;\n            this.gap \u003d 0;\n        } else if (density \u003c\u003d 10) {\n            this.density \u003d 10;\n        }\n    }\n\n    @Override\n    protected void onDraw(Canvas canvas) {\n        if (middleLine.getColor() !\u003d Color.BLUE) {\n            middleLine.setColor(color);\n        }\n        if (bytes !\u003d null) {\n            float barWidth \u003d getWidth() / density;\n            float div \u003d bytes.length / density;\n            canvas.drawLine(0, getHeight() / 2, getWidth(), getHeight() / 2, middleLine);\n            paint.setStrokeWidth(barWidth - gap);\n\n            for (int i \u003d 0; i \u003c density; i++) {\n                int bytePosition \u003d (int) Math.ceil(i * div);\n                int top \u003d getHeight() / 2\n                        + (128 - Math.abs(bytes[bytePosition]))\n                        * (getHeight() / 2) / 128;\n\n                int bottom \u003d getHeight() / 2\n                        - (128 - Math.abs(bytes[bytePosition]))\n                        * (getHeight() / 2) / 128;\n\n                float barX \u003d (i * barWidth) + (barWidth / 2);\n                canvas.drawLine(barX, bottom, barX, getHeight() / 2, paint);\n                canvas.drawLine(barX, top, barX, getHeight() / 2, paint);\n            }\n            super.onDraw(canvas);\n        }\n    }\n}\r\n/*\n* Copyright (C) 2017 Gautam Chibde\n*\n* Licensed under the Apache License, Version 2.0 (the \"License\");\n* you may not use this file except in compliance with the License.\n* You may obtain a copy of the License at\n*\n* http://www.apache.org/licenses/LICENSE-2.0\n*\n* Unless required by applicable law or agreed to in writing, software\n* distributed under the License is distributed on an \"AS IS\" BASIS,\n* WITHOUT WARRANTIES OR CONDITIONS OF ANY KIND, either express or implied.\n* See the License for the specific language governing permissions and\n* limitations under the License.\n*/\n\n\n/**\n * Custom view that creates a Bar visualizer effect for\n * the android {@link android.media.MediaPlayer}\n *\n * Created by gautam chibde on 28/10/17.\n */\n\npublic static class LineVisualizer extends BaseVisualizer {\n    private float[] points;\n    private Rect rect \u003d new Rect();\n    private float strokeWidth \u003d 0.005f;\n\n    public LineVisualizer(Context context) {\n        super(context);\n    }\n\n    public LineVisualizer(Context context,\n                          AttributeSet attrs) {\n        super(context, attrs);\n    }\n\n    public LineVisualizer(Context context,\n                           AttributeSet attrs,\n                          int defStyleAttr) {\n        super(context, attrs, defStyleAttr);\n    }\n\n    @Override\n    protected void init() {\n    }\n\n    /**\n     * set Stroke width for your visualizer takes input between 1-10\n     *\n     * @param strokeWidth stroke width between 1-10\n     */\n    public void setStrokeWidth(int strokeWidth) {\n        if (strokeWidth \u003e 10) {\n            this.strokeWidth \u003d 10 * 0.005f;\n        } else if (strokeWidth \u003c 1) {\n            this.strokeWidth \u003d 0.005f;\n        }\n        this.strokeWidth \u003d strokeWidth * 0.005f;\n    }\n\n    @Override\n    protected void onDraw(Canvas canvas) {\n        if (bytes !\u003d null) {\n            if (points \u003d\u003d null || points.length \u003c bytes.length * 4) {\n                points \u003d new float[bytes.length * 4];\n            }\n            paint.setStrokeWidth(getHeight() * strokeWidth);\n            rect.set(0, 0, getWidth(), getHeight());\n\n            for (int i \u003d 0; i \u003c bytes.length - 1; i++) {\n                points[i * 4] \u003d rect.width() * i / (bytes.length - 1);\n                points[i * 4 + 1] \u003d rect.height() / 2\n                        + ((byte) (bytes[i] + 128)) * (rect.height() / 3) / 128;\n                points[i * 4 + 2] \u003d rect.width() * (i + 1) / (bytes.length - 1);\n                points[i * 4 + 3] \u003d rect.height() / 2\n                        + ((byte) (bytes[i + 1] + 128)) * (rect.height() / 3) / 128;\n            }\n            canvas.drawLines(points, paint);\n        }\n        super.onDraw(canvas);\n    }\n}\r\n/*\n * Copyright (C) 2017 Gautam Chibde\n *\n * Licensed under the Apache License, Version 2.0 (the \"License\");\n * you may not use this file except in compliance with the License.\n * You may obtain a copy of the License at\n *\n * http://www.apache.org/licenses/LICENSE-2.0\n *\n * Unless required by applicable law or agreed to in writing, software\n * distributed under the License is distributed on an \"AS IS\" BASIS,\n * WITHOUT WARRANTIES OR CONDITIONS OF ANY KIND, either express or implied.\n * See the License for the specific language governing permissions and\n * limitations under the License.\n */\n\n\n/**\n * Custom view that creates a Bar visualizer effect for\n * the android {@link android.media.MediaPlayer}\n * \u003cp\u003e\n * Created by gautam chibde on 28/10/17.\n */\n\npublic static class SquareBarVisualizer extends BaseVisualizer {\n\n    private float density \u003d 16;\n    private int gap;\n\n    public SquareBarVisualizer(Context context) {\n        super(context);\n    }\n\n    public SquareBarVisualizer(Context context,\n                                AttributeSet attrs) {\n        super(context, attrs);\n    }\n\n    public SquareBarVisualizer(Context context,\n                                AttributeSet attrs,\n                               int defStyleAttr) {\n        super(context, attrs, defStyleAttr);\n    }\n\n    @Override\n    protected void init() {\n        this.density \u003d 16;\n        this.gap \u003d 2;\n        paint.setStyle(Paint.Style.FILL);\n    }\n\n    /**\n     * Sets the density to the Bar visualizer i.e the number of bars\n     * to be displayed. Density can vary from 10 to 256.\n     * by default the value is set to 50.\n     *\n     * @param density density of the bar visualizer\n     */\n    public void setDensity(float density) {\n        this.density \u003d density;\n        if (density \u003e 256) {\n            this.density \u003d 256;\n        } else if (density \u003c 16) {\n            this.density \u003d 16;\n        }\n    }\n\n    /**\n     * Set Spacing between the Square in visualizer in pixel.\n     *\n     * @param gap Spacing between the square\n     */\n    public void setGap(int gap) {\n        this.gap \u003d gap;\n    }\n\n    @Override\n    protected void onDraw(Canvas canvas) {\n        if (bytes !\u003d null) {\n            float barWidth \u003d getWidth() / density;\n            float div \u003d bytes.length / density;\n            paint.setStrokeWidth(barWidth - gap);\n            for (int i \u003d 0; i \u003c density; i++) {\n                int count \u003d 0;\n                int bytePosition \u003d (int) Math.ceil(i * div);\n                int top \u003d getHeight() + ((byte) (Math.abs(bytes[bytePosition]) + 128)) * getHeight() / 128;\n                int col \u003d Math.abs((getHeight() - top));\n                for (int j \u003d 0; j \u003c col + 1; j +\u003d barWidth) {\n                    float barX \u003d (i * barWidth) + (barWidth / 2);\n                    float y1 \u003d getHeight() - ((barWidth + (gap / 2f)) * count);\n                    float y2 \u003d getHeight() - ((barWidth - gap / 2f) + ((barWidth + gap / 2f) * count));\n                    canvas.drawLine(barX, y1, barX, y2, paint);\n                    count++;\n                }\n            }\n            super.onDraw(canvas);\n        }\n    }\n}\r\n{","color":"#FFE65100"},{"name":"create...","palette":"19","spec":"create صنع","typeName":"","type":"h","code":"","color":"#FFE65100"},{"name":"linear add ...","palette":"19","spec":"%m.view ( linear ) add %m.typeV in %m.activity | activity only","type":" ","typeName":"","color":"#FFE65100","code":"%1$s.addView(new %2$s(%3$s.this));"},{"name":"linear add view  ....","palette":"19","spec":"%m.view ( linear ) add %m.typeV in %m.activity | only fragment","typeName":"","type":" ","code":"%1$s.addView(new %2$s(%3$s.getActivity());","color":"#FFE65100"},{"name":"typeV...","palette":"19","spec":"types of typeV انواع","typeName":"","type":"h","code":"","color":"#FFE65100"},{"name":"BarVisualizer","palette":"19","spec":"BarVisualizer","type":"v","typeName":"typeV","color":"#FFE65100","code":"BarVisualizer"},{"name":"CircleBarVisualizer","palette":"19","spec":"CircleBarVisualizer","typeName":"typeV","type":"v","code":"CircleBarVisualizer","color":"#FFE65100"},{"name":"CircleVisualizer","palette":"19","spec":"CircleVisualizer","typeName":"typeV","type":"v","code":"CircleVisualizer","color":"#FFE65100"},{"name":"LineBarVisualizer","palette":"19","spec":"LineBarVisualizer","type":"v","typeName":"typeV","color":"#FFE65100","code":"LineBarVisualizer"},{"name":"LineVisualizer","palette":"19","spec":"LineVisualizer","typeName":"typeV","type":"v","code":"LineVisualizer","color":"#FFE65100"},{"name":"SquareBarVisualizer","palette":"19","spec":"SquareBarVisualizer","type":"v","typeName":"typeV","color":"#FFE65100","code":"SquareBarVisualizer"},{"name":"public methods","palette":"19","spec":"public methods الاوامر الاساسية","typeName":"","type":"h","code":"","color":"#FFE65100"},{"name":"setColor....","palette":"19","spec":"%m.view ( linear ) %m.color","type":" ","typeName":"","color":"#FFE65100","code":"((BaseVisualizer)%1$s.getChildAt(0)).setColor(%2$s);"},{"name":"setPlayer...","palette":"19","spec":"%m.view ( linear ) setPlayer %m.mediaplayer","typeName":"","type":" ","code":"((BaseVisualizer)%1$s.getChildAt(0)).setPlayer(%2$s.getAudioSessionId());","color":"#FFE65100"},{"name":"BarVisualizer Methods","palette":"19","spec":"Mathod of BarVisualizer وظائف","type":"h","typeName":"","color":"#FFE65100","code":""},{"name":"setDensity","palette":"19","spec":"%m.view ( linear ) setDensity %d","type":" ","typeName":"","color":"#FFE65100","code":"((BarVisualizer)%1$s.getChildAt(0)).setDensity((int) %2$s);"},{"name":"CircleVisualizer Methods","palette":"19","spec":"Methods of CircleVisualizer وظائف","typeName":"","type":"h","code":"","color":"#FFE65100"},{"name":"setRadiusMultiplier...","palette":"19","spec":"%m.view ( linear ) setRadiusMultiplier %d","type":" ","typeName":"","color":"#FFE65100","code":"((CircleVisualizer) %1$s.getChildAt(0)).setRadiusMultiplier((float) %2$s);"},{"name":"setStrokeWidth...","palette":"19","spec":"%m.view ( linear ) setStrokeWidth %d","type":" ","typeName":"","color":"#FFE65100","code":"((CircleVisualizer) %1$s.getChildAt(0)).setStrokeWidth((int) %2$s);"},{"name":"LineBarVisualizer Methods","palette":"19","spec":"Methods of LineBarVisualizer وظائف","type":"h","typeName":"","color":"#FFE65100","code":""},{"name":"setDensity...","palette":"19","spec":"%m.view ( linear ) setDensity %d","typeName":"","type":" ","code":"((LineBarVisualizer) %1$s.getChildAt(0)).setDensity((int) %2$s);","color":"#FFE65100"},{"name":"SquareBarVisualizer Methods","palette":"19","spec":"Methods of SquareBarVisualizer وظائف","type":"h","typeName":"","color":"#FFE65100","code":""},{"name":"setGap...","palette":"19","spec":"%m.view ( linear ) setGap %d","type":" ","typeName":"","color":"#FFE65100","code":"((SquareBarVisualizer) %1$s.getChildAt(0)).setGap((int) %2$s);"},{"name":"setDensity......","palette":"19","spec":"%m.view ( linear ) setDensity %d","type":" ","typeName":"","color":"#FFE65100","code":"((SquareBarVisualizer) %1$s.getChildAt(0)).setDensity((int) %2$s);"}]