[{"code":"%1$s.setAction(Intent.ACTION_VIEW);","name":"setintent","palette":"47","type":" ","spec":"%m.intent Whatsapp Api Initialization"},{"code":"%1$s.setData(Uri.parse(\"whatsapp://send?text\u003d%2$s\u0026phone\u003d%3$s%4$s\"));","name":"send sms","palette":"47","type":" ","spec":"%m.intent You Text Message %s.inputOnly Country Code %s.inputOnly Recever Number%d"},{"code":"startActivity(%1$s);","name":"Start sending","palette":"47","type":" ","spec":"%m.intent Start Sending"},{"code":"Intent %1$s \u003d new Intent(); %1$s.setAction(Intent.ACTION_SEND); %1$s.putExtra(Intent.EXTRA_TEXT, \"%2$s\"); %1$s.setType(\"text/plain\"); %1$s.setPackage(\"com.facebook.orca\"); \ntry { startActivity(%1$s); } catch (android.content.ActivityNotFoundException ex) {  SketchwareUtil.showMessage(getApplicationContext(), \"Facebook Messenger Not Installed\"); }","color":"#5C4BFF","name":"facebook","typeName":"","palette":"47","type":" ","spec":"%m.intent send fb messanger from %m.view"}]