[{"code":"","color":"#FF4FC3F7","name":"Arab Ware Wallpapers Blocks","typeName":"","palette":"71","type":"h","spec":"Added By Arab Ware"},{"code":"WallpaperManager wallpaperManager \u003d WallpaperManager.getInstance(getApplicationContext());\ntry { \nBitmap bitmap \u003d ((android.graphics.drawable.BitmapDrawable) %1$s.getDrawable()).getBitmap();\nwallpaperManager.setBitmap(bitmap);\n%2$s\n} \ncatch (Exception g) { \ng.printStackTrace();\n%3$s\n}","color":"#FF4FC3F7","typeName":"","name":"set imageview as wallpaper of device","palette":"71","type":"e","spec":"set %m.imageview as wallpaper of device #if no error then","spec2":"else"},{"code":"WallpaperManager myWallpaperManager \u003d WallpaperManager.getInstance(getApplicationContext()); try{ myWallpaperManager.setResource(R.drawable.%1$s); }catch (Exception g) { g.printStackTrace(); }","color":"#FF4FC3F7","name":"wallpaper","typeName":"","palette":"71","type":" ","spec":"set device wallpaper from %m.resource"}]