[{"code":"mWaveSwipeRefreshLayout.setRefreshing(%1$s);","color":"#FF3F51B5","name":"wave swipe refresh false","typeName":"","palette":"131","type":" ","spec":"set Refreshing false %b"},{"code":"mWaveSwipeRefreshLayout \u003d (WaveSwipeRefreshLayout)findViewById(R.id.%1$s);\nmWaveSwipeRefreshLayout.setOnRefreshListener(new WaveSwipeRefreshLayout.OnRefreshListener() {\n @Override public void onRefresh() {\n%2$s\n} });","color":"#FF3F51B5","name":"when ","typeName":"","palette":"131","type":"c","spec":"when %m.view refreshed"}]