[{"code":"","color":"#FF03A9F4","name":"ArabWare      ","typeName":"","palette":"22","type":"h","spec":"This By Arab Ware Channel Dont Dont Dont Edit it هذا بواسطة قناة عرب وير بواسطة امير عزت اياك و تعديله"},{"code":"","color":"#FF03A9F4","name":"search blocks بلوكات البحث","typeName":"","palette":"22","type":"h","spec":"search blocks بلوكات البحث"},{"code":"if (%1$s.getText().toString().contains(\"https://\") || %1$s.getText().toString().contains(\"http://\")) {\r\n\t%2$s.loadUrl(%1$s.getText().toString());\r\n}\r\nelse {\r\n\t%2$s.loadUrl(\"https://www.google.com/search?ie\u003dUTF-8\u0026client\u003dms-android-samsung\u0026source\u003dandroid-browser\u0026q\u003d\".concat(%1$s.getText().toString()));\r\n}","color":"#FF03A9F4","name":"Search Google","typeName":"","palette":"22","type":" ","spec":"Search in google by words or link from %m.textview into %m.webview"},{"code":"%1$s.loadUrl(\"https://m.apkpure.com/search?q\u003d\".concat(%2$s.trim().replace(\" \", \"+\")));","color":"#FF03A9F4","name":"search apk pure","typeName":"","palette":"22","type":" ","spec":"%m.webview search in apk pure %s"},{"code":"","color":"#FF03A9F4","name":"get blocks for webview","typeName":"","palette":"22","type":"h","spec":"get blocks"},{"code":"%s.getTitle()","color":"#FF03A9F4","name":"WebView Get Title","typeName":"","palette":"22","type":"s","spec":"Get %m.webview title"},{"code":"%s.getCertificate().toString()","color":"#FF03A9F4","name":"WebView","typeName":"","palette":"22","type":"s","spec":"Get Certificate Of %m.webview"},{"code":"","color":"#FF03A9F4","name":"boolean blocks for webview","typeName":"","palette":"22","type":"h","spec":"boolean blocks بلوكات المنطق"},{"code":"%s.getSettings().setJavaScriptEnabled(%s);","color":"#FF03A9F4","name":"Java Script In WebView","typeName":"","palette":"22","type":" ","spec":"Set java script mode in %m.webview as %m.BooleanValue"},{"code":"%s.getSettings().setSavePassword(%s);","color":"#FF03A9F4","name":"WebView Password Save Mode","typeName":"","palette":"22","type":" ","spec":"set %m.webview passwords save mode as %m.BooleanValue"},{"code":"%1$s.getSettings().setUseWideViewPort(%2$s);","color":"#FF03A9F4","name":"webview set wideVuew Port","typeName":"","palette":"22","type":" ","spec":"%m.webview Wide ViewPort %m.BooleanValue"},{"code":"%1$s.getSettings().setLoadWithOverviewMode(%2$s);","color":"#FF03A9F4","name":"webview Load with Overview","typeName":"","palette":"22","type":" ","spec":"%m.webview Load With OverView%m.BooleanValue"},{"code":"%1$s.getSettings().setDisplayZoomControls(%2$s);","color":"#FF03A9F4","name":"Zoom With button","typeName":"","palette":"22","type":" ","spec":"%m.webview zoom with Button %m.BooleanValue"},{"code":"%1$s.getSettings().setBuiltInZoomControls(%2$s);","color":"#FF03A9F4","name":"zoom with Finger","typeName":"","palette":"22","type":" ","spec":"%m.webview zoom with Finger %m.BooleanValue"},{"code":"%1$s.getSettings().setJavaScriptCanOpenWindowsAutomatically(%2$s);","color":"#FF03A9F4","name":"JavaScript Can Open Window","typeName":"","palette":"22","type":" ","spec":"%m.webview Can Open WindowAutomatically%m.BooleanValue"},{"code":"","color":"#FF03A9F4","name":"html blocks for webview","typeName":"","palette":"22","type":"h","spec":"html blocks"},{"code":"WebSettings webSettings \u003d %s.getSettings(); \nwebSettings.setJavaScriptEnabled(true); \nwebSettings.setJavaScriptCanOpenWindowsAutomatically(true);\nif (android.os.Build.VERSION.SDK_INT \u003e\u003d android.os.Build.VERSION_CODES.JELLY_BEAN) {\nwebSettings.setAllowFileAccessFromFileURLs(true); \nwebSettings.setAllowUniversalAccessFromFileURLs(true);\n}","color":"#FF03A9F4","name":"Support Html In WebView","typeName":"","palette":"22","type":" ","spec":"Set Html Suppport into %m.webview"},{"code":"%1$s.loadUrl(\"data:text/html ,\u003chtml\u003e\".concat(%2$s.concat(\"\u003chtml\u003e\")));","color":"#FF03A9F4","name":"set webview from html code","typeName":"","palette":"22","type":" ","spec":"set %m.webview from html codes %s"},{"code":"%1$s.setWebViewClient(new WebViewClient() { \n\t\n\tpublic void onReceivedError(WebView %1$s, int errorCode, String description, String failingUrl) {\n\t\t\n\t\t%1$s.loadUrl(\"data:text/html ,\u003chtml\u003e\".concat(%2$s.concat(\"\u003chtml\u003e\")));\n\t\t\n\t} });","color":"#FF03A9F4","name":"webview error","typeName":"","palette":"22","type":" ","spec":"set %m.webview on error as html codes %s"},{"code":"","color":"#FF03A9F4","name":"download blocks for webview","typeName":"","palette":"22","type":"h","spec":"download \u0026 loading blocks بلوكات التنزيل و التحميل"},{"code":"%1$s.setDownloadListener(new DownloadListener() {\npublic void onDownloadStart(String url, String userAgent, String contentDisposition, String mimetype, long contentLength) {\nDownloadManager.Request request \u003d new DownloadManager.Request(Uri.parse(url));\nString cookies \u003d CookieManager.getInstance().getCookie(url);\nrequest.addRequestHeader(\"cookie\", cookies);\nrequest.addRequestHeader(\"User-Agent\", userAgent);\nrequest.setDescription(\"Downloading file...\");\nrequest.setTitle(URLUtil.guessFileName(url, contentDisposition, mimetype));\nrequest.allowScanningByMediaScanner(); request.setNotificationVisibility(DownloadManager.Request.VISIBILITY_VISIBLE_NOTIFY_COMPLETED);\njava.io.File aatv \u003d new java.io.File(Environment.getExternalStorageDirectory().getPath() + \"/%2$s\");\nif(!aatv.exists()){if (!aatv.mkdirs()){ Log.e(\"TravellerLog ::\",\"Problem creating Image folder\");}} request.setDestinationInExternalPublicDir(\"/%2$s\", URLUtil.guessFileName(url, contentDisposition, mimetype));\nDownloadManager manager \u003d (DownloadManager) getSystemService(Context.DOWNLOAD_SERVICE);\nmanager.enqueue(request);\nshowMessage(\"Downloading File....\");\n//Notif if success\nBroadcastReceiver onComplete \u003d new BroadcastReceiver() {\npublic void onReceive(Context ctxt, Intent intent) {\nshowMessage(\"Download Complete!\");\nunregisterReceiver(this);\n}};\nregisterReceiver(onComplete, new IntentFilter(DownloadManager.ACTION_DOWNLOAD_COMPLETE));\n}\n});","name":"Download In app With Notification","palette":"22","type":" ","spec":"%m.webview Download In App On Storage Path /%s.inputOnly"},{"code":"%1$s.setDownloadListener(new DownloadListener() {\npublic void onDownloadStart(String url, String userAgent, String contentDisposition, String mimetype, long contentLength) {\nIntent intent \u003d new Intent(Intent.ACTION_VIEW);\nintent.setData(Uri.parse(url));\nstartActivity (intent);\n}\n});","name":"Download With Other App","palette":"22","type":" ","spec":"%m.webview download With Other App"},{"code":"final android.widget.ProgressBar prog \u003d new android.widget.ProgressBar(this,null, android.R.attr.progressBarStyleHorizontal);\nprog.setPadding(0,0,0,0);\nprog.setIndeterminate(false);\nprog.setFitsSystemWindows(true);\nprog.setProgress(0);\nprog.setScrollBarStyle(android.widget.ProgressBar.SCROLLBARS_OUTSIDE_INSET);\nprog.setMax(100);\nViewGroup.LayoutParams vlp \u003d new ViewGroup.LayoutParams(LinearLayout.LayoutParams.MATCH_PARENT, LinearLayout.LayoutParams.WRAP_CONTENT);\nprog.setLayoutParams(vlp);\n%2$s.addView(prog);\n%1$s.setWebChromeClient(new WebChromeClient() {\n@Override public void onProgressChanged(WebView view, int newProgress) {\nprog.setProgress(newProgress);\n}\n});","color":"#FF03A9F4","name":"loading progress get","typeName":"","palette":"22","type":" ","spec":"%m.webview get progress at %m.view"},{"code":"%1$s.getSettings().setAppCacheMaxSize(5*1024*1024);\n%1$s.getSettings().setAppCachePath(getApplicationContext().getCacheDir().getAbsolutePath());\n%1$s.getSettings().setAllowFileAccess(true);\n%1$s.getSettings().setAppCacheEnabled(true);\nwebview1.getSettings().setCacheMode(WebSettings.LOAD_CACHE_ELSE_NETWORK);\n%1$s.getSettings().setLoadWithOverviewMode(true);\n%1$s.getSettings().setUseWideViewPort(true);\n%1$s.getSettings().setLayoutAlgorithm(WebSettings.LayoutAlgorithm.SINGLE_COLUMN);\n%1$s.getSettings().setDomStorageEnabled(true);\n%1$s.getSettings().setSaveFormData(true);","color":"#FF03A9F4","name":"Increase Speed","typeName":"","palette":"22","type":" ","spec":"%m.webview increase speed"},{"code":"startActivity(new android.content.Intent(android.app.DownloadManager.ACTION_VIEW_DOWNLOADS));","name":"Open Download Folder","palette":"22","type":" ","spec":"Open Download Folder"},{"code":"","color":"#FF03A9F4","name":"if blocks for webview","typeName":"","palette":"22","type":"h","spec":"if blocks بلوكات الشرط"},{"code":"%1$s.setWebViewClient(new WebViewClient() { \n\npublic void onReceivedError(WebView webview, int errorCode, String description, String failingUrl) {\n\n%2$s\n\n} });","color":"#FF03A9F4","name":"webview loading failed","typeName":"","palette":"22","type":"c","spec":"%m.webview on loading failed"},{"code":"%1$s.setDownloadListener(new DownloadListener() {\npublic void onDownloadStart(String url, String userAgent,  String contentDisposition, String mimetype,                 long contentLength) {    \n\n%2$s\n   \n } });","color":"#FF03A9F4","name":"when webview download","typeName":"","palette":"22","type":"c","spec":"when %m.webview download a file"},{"code":"if (Patterns.WEB_URL.matcher(%1$s).matches())\n{\n%2$s\n}\nelse\n{\n%3$s\n}","color":"#FF03A9F4","typeName":"","name":"if text is link","palette":"22","type":"e","spec":"if %s is link then","spec2":"else"},{"code":"","color":"#FF03A9F4","name":"design blocks for webview","typeName":"","palette":"22","type":"h","spec":"design blocks بلوكات تصميم"},{"code":"WebSettings webSettings \u003d %1$s.getSettings(); \nwebSettings.setTextZoom((int)%2$s); ","color":"#FF03A9F4","name":"webview text size","typeName":"","palette":"22","type":" ","spec":"%m.webview set text size %d"},{"code":"%1$s.getSettings().setLoadWithOverviewMode(true); %1$s.getSettings().setUseWideViewPort(true); final WebSettings webSettings \u003d %1$s.getSettings(); final String newUserAgent; newUserAgent \u003d \"Mozilla/5.0 (Windows NT 6.1) AppleWebKit/537.36 (KHTML, like Gecko) Chrome/41.0.2228.0 Safari/537.36\"; webSettings.setUserAgentString(newUserAgent);","name":"WebView Set Desktop Mode","palette":"22","type":" ","spec":"%m.webview Set desktop Mode"},{"code":"%1$s.getSettings().setLoadWithOverviewMode(true); %1$s.getSettings().setUseWideViewPort(true); final WebSettings webSettings \u003d %1$s.getSettings(); final String newUserAgent; newUserAgent \u003d \"Mozilla/5.0 (Android) AppleWebKit/537.36 (KHTML, like Gecko) Chrome/41.0.2228.0 Safari/537.36\"; webSettings.setUserAgentString(newUserAgent);","name":"WebView Set Mobile","palette":"22","type":" ","spec":"%m.webview Set Mobile View"},{"code":"","color":"#FF03A9F4","name":"other blocks for webview","typeName":"","palette":"22","type":"h","spec":"other blocks بلوكات اخرى"},{"code":"%1$s.setWebViewClient(new WebViewClient());","name":"webview get Client","palette":"22","type":" ","spec":"%m.webview Enable Web Client"},{"code":"%1$s.setImageBitmap(%2$s.getFavicon());","color":"#FF03A9F4","name":"set Favicon","typeName":"","palette":"22","type":" ","spec":"%m.imageview set Image View To Favicon %m.webview"},{"code":"","color":"#FF03A9F4","name":"Ads block blocks for webview","typeName":"","palette":"22","type":"h","spec":"block ads blocks بلوكات حظر اعلانات"},{"code":"new AdBlockerWebView.init(%1$s.this).initializeWebView(%2$s);","name":"AdBlockWebview.init","palette":"22","type":" ","spec":"AdBlockerWebView at %m.activity for %m.webview"},{"code":"%1$s.setWebViewClient(new %1$S_Client());","name":"WebViewSetClientAdBlock","palette":"22","type":" ","spec":"%m.webview setClientAdBlocker"},{"code":"}\nprivate class %1$S_Client extends WebViewClient {\n\n        %1$S_Client() {}\n\n        @SuppressWarnings(\"deprecation\")\n        @Override\n        public WebResourceResponse shouldInterceptRequest(WebView view, String url) {\n\n            return AdBlockerWebView.blockAds(view,url) ? com.monstertechno.adblocker.util.AdBlocker.createEmptyResource() :\n                    super.shouldInterceptRequest(view, url);\n\n        }\n\n        @Override\n        public void onPageStarted(WebView view, String url, Bitmap favicon) {\n            super.onPageStarted(view, url, favicon);\n        }\n\n        @Override\n        public void onPageFinished(WebView view, String url) {\n            %2$s\n            super.onPageFinished(view, url);\n        }\n\n    }\n\n{","name":"ClassAdBlockerClient","palette":"22","type":"c","spec":"Class AdBlockerClient for %m.webview onPageFinished"},{"code":"","color":"#FF03A9F4","name":"get source code","typeName":"","palette":"22","type":"h","spec":"get source code"},{"code":"new %1$s().execute(%2$s);","color":"#FF03A9F4","name":"WebViewGetSourceCode","typeName":"","palette":"22","type":" ","spec":"%m.GetWebSourceCode Start With Url %s"}]