[{"code":"%1$s.getSettings().setJavaScriptEnabled(%2$s);","color":"#FF006688","name":"webview javascript","typeName":"","palette":"54","type":" ","spec":"%m.webview Enable JavaScript%b"},{"code":"%1$s.getSettings().setJavaScriptCanOpenWindowsAutomatically(%2$s);","name":"JavaScript Can Open Window","palette":"54","type":" ","spec":"%m.webview Can Open WindowAutomatically%b"},{"code":"%1$s.setWebViewClient(new WebViewClient());","color":"#FF006688","name":"webview Client","typeName":"","palette":"54","type":" ","spec":"%m.webview Enable Web Client"},{"code":"%1$s.getSettings().setLoadWithOverviewMode(%2$s);","name":"webview Load with Overview","palette":"54","type":" ","spec":"%m.webview Load With OverView%b"},{"code":"%1$s.getSettings().setUseWideViewPort(%2$s);","color":"#FF006688","name":"webview set wideView Port","typeName":"","palette":"54","type":" ","spec":"%m.webview Wide ViewPort %b"},{"code":"%1$s.setDownloadListener(new DownloadListener() {\npublic void onDownloadStart(String url, String userAgent, String contentDisposition, String mimetype, long contentLength) {\nIntent intent \u003d new Intent(Intent.ACTION_VIEW);\nintent.setData(Uri.parse(url));\nstartActivity (intent);\n}\n});","name":"Download With Other App","palette":"54","type":" ","spec":"%m.webview download With Other App"},{"code":"%1$s.setDownloadListener(new DownloadListener() {\npublic void onDownloadStart(String url, String userAgent, String contentDisposition, String mimetype, long contentLength) {\nDownloadManager.Request request \u003d new DownloadManager.Request(Uri.parse(url));\nString cookies \u003d CookieManager.getInstance().getCookie(url);\nrequest.addRequestHeader(\"cookie\", cookies);\nrequest.addRequestHeader(\"User-Agent\", userAgent);\nrequest.setDescription(\"Downloading file...\");\nrequest.setTitle(URLUtil.guessFileName(url, contentDisposition, mimetype));\nrequest.allowScanningByMediaScanner(); request.setNotificationVisibility(DownloadManager.Request.VISIBILITY_VISIBLE_NOTIFY_COMPLETED);\njava.io.File aatv \u003d new java.io.File(Environment.getExternalStorageDirectory().getPath() + \"/%2$s\");\nif(!aatv.exists()){if (!aatv.mkdirs()){ Log.e(\"TravellerLog ::\",\"Problem creating Image folder\");}} request.setDestinationInExternalPublicDir(\"/%2$s\", URLUtil.guessFileName(url, contentDisposition, mimetype));\nDownloadManager manager \u003d (DownloadManager) getSystemService(Context.DOWNLOAD_SERVICE);\nmanager.enqueue(request);\nshowMessage(\"Downloading File....\");\n//Notif if success\nBroadcastReceiver onComplete \u003d new BroadcastReceiver() {\npublic void onReceive(Context ctxt, Intent intent) {\nshowMessage(\"Download Complete!\");\nunregisterReceiver(this);\n}};\nregisterReceiver(onComplete, new IntentFilter(DownloadManager.ACTION_DOWNLOAD_COMPLETE));\n}\n});","name":"Download In app With Notification","palette":"54","type":" ","spec":"%m.webview Download In App On Storage Path /%s.inputOnly"},{"code":"startActivity(new android.content.Intent(android.app.DownloadManager.ACTION_VIEW_DOWNLOADS));","name":"Open Download Folder","palette":"54","type":" ","spec":"Open Download Folder"},{"code":"%1$s.getSettings().setDisplayZoomControls(%2$s);","name":"Zoom With button","palette":"54","type":" ","spec":"%m.webview zoom with Button %b"},{"code":"%1$s.getSettings().setBuiltInZoomControls(%2$s);","name":"zoom with Finger","palette":"54","type":" ","spec":"%m.webview zoom with Finger %b"},{"code":"%1$s.setImageBitmap(%2$s.getFavicon());","name":"set Favicon","palette":"54","type":" ","spec":"%m.imageview set Image View To Favicon%m.webview"},{"code":"%1$s.getSettings().setLoadWithOverviewMode(true); %1$s.getSettings().setUseWideViewPort(true); final WebSettings webSettings \u003d %1$s.getSettings(); final String newUserAgent; newUserAgent \u003d \"Mozilla/5.0 (Android) AppleWebKit/537.36 (KHTML, like Gecko) Chrome/41.0.2228.0 Safari/537.36\"; webSettings.setUserAgentString(newUserAgent);","name":"WebView Set Mobile","palette":"54","type":" ","spec":"%m.webview Set Mobile View"},{"code":"%1$s.getSettings().setLoadWithOverviewMode(true); %1$s.getSettings().setUseWideViewPort(true); final WebSettings webSettings \u003d %1$s.getSettings(); final String newUserAgent; newUserAgent \u003d \"Mozilla/5.0 (Windows NT 6.1) AppleWebKit/537.36 (KHTML, like Gecko) Chrome/41.0.2228.0 Safari/537.36\"; webSettings.setUserAgentString(newUserAgent);","name":"WebView Set Desktop Mode","palette":"54","type":" ","spec":"%m.webview Set desktop Mode"},{"code":"%1$s.getSettings().setJavaScriptEnabled(%2$s);","name":"Java Script","palette":"54","type":" ","spec":"%m.webview JavaScript Enable%b"},{"code":"new AdBlockerWebView.init(%1$s.this).initializeWebView(%2$s);","color":"#FF000A","name":"adblock webview init","typeName":"","palette":"54","type":" ","spec":"AdBlockerWebView at %m.activity for %m.webview"},{"code":"%1$s.setWebViewClient(new %1$S_Client());","color":"#FF000A","name":"WebViewSetClientAdBlock","typeName":"","palette":"54","type":" ","spec":"%m.webview setClientAdBlocker"},{"code":"}\nprivate class %1$S_Client extends WebViewClient {\n\n        %1$S_Client() {}\n\n        @SuppressWarnings(\"deprecation\")\n        @Override\n        public WebResourceResponse shouldInterceptRequest(WebView view, String url) {\n\n            return AdBlockerWebView.blockAds(view,url) ? com.monstertechno.adblocker.util.AdBlocker.createEmptyResource() :\n                    super.shouldInterceptRequest(view, url);\n\n        }\n\n        @Override\n        public void onPageStarted(WebView view, String url, Bitmap favicon) {\n            super.onPageStarted(view, url, favicon);\n        }\n\n        @Override\n        public void onPageFinished(WebView view, String url) {\n            %2$s\n            super.onPageFinished(view, url);\n        }\n\n    }\n\n{","color":"#FF000A","name":"ClassAdBlockerClient","typeName":"","palette":"54","type":"c","spec":"Class AdBlockerClient for %m.webview onPageFinished"},{"code":"%2$s.setText(%1$s.getTitle());","color":"#FF006688","name":"Web Title","typeName":"","palette":"54","type":" ","spec":"%m.webview Get Title %m.textview"},{"code":"%1$s.setDownloadListener(new DownloadListener() {\npublic void onDownloadStart(String url, String userAgent, String contentDisposition, String mimetype, long contentLength) {\nDownloadManager.Request request \u003d new DownloadManager.Request(Uri.parse(url));\nString cookies \u003d CookieManager.getInstance().getCookie(url);\nrequest.addRequestHeader(\"cookie\", cookies);\nrequest.addRequestHeader(\"User-Agent\", userAgent);\nrequest.setDescription(\"Downloading file...\");\nrequest.setTitle(URLUtil.guessFileName(url, contentDisposition, mimetype));\nrequest.allowScanningByMediaScanner(); request.setNotificationVisibility(DownloadManager.Request.VISIBILITY_VISIBLE_NOTIFY_COMPLETED);\njava.io.File aatv \u003d new java.io.File(Environment.getExternalStorageDirectory().getPath() + \"/%2$s\");\nif(!aatv.exists()){if (!aatv.mkdirs()){ Log.e(\"TravellerLog ::\",\"Problem creating Image folder\");}} request.setDestinationInExternalPublicDir(\"/%2$s\", URLUtil.guessFileName(url, contentDisposition, mimetype));\nDownloadManager manager \u003d (DownloadManager) getSystemService(Context.DOWNLOAD_SERVICE);\nmanager.enqueue(request);\nshowMessage(\"Downloading File...\");\n//Notif if success\nBroadcastReceiver onComplete \u003d new BroadcastReceiver() {\npublic void onReceive(Context ctxt, Intent intent) {\nshowMessage(\"%3$s\");\nunregisterReceiver(this);\n}};\nregisterReceiver(onComplete, new IntentFilter(DownloadManager.ACTION_DOWNLOAD_COMPLETE));\n}\n});","color":"#FF006688","name":"webview custom folder","typeName":"","palette":"54","type":" ","spec":"%m.webview path %s.inputOnly  Download complete toast %s.inputOnly"},{"code":"%1$s.getSettings().setSavePassword(%2$s);","color":"#FF006688","name":"paas save ","typeName":"","palette":"54","type":" ","spec":"%m.webview Save Password %b"},{"code":"%1$s.getSettings().setSaveFormData(%2$s);","color":"#FF006688","name":"save ","typeName":"","palette":"54","type":" ","spec":"%m.webview save form data %b"},{"code":"@Override\npublic void onBackPressed() {\n\n    if(%1$s.canGoBack) {\n        %1$s.goBack;\n    }else{\n        finish();\n    }\n\n}","color":"#FF006688","name":"webview back","typeName":"","palette":"54","type":" ","spec":"%m.webview Go back"},{"code":"final android.widget.ProgressBar %1$s \u003d new android.widget.ProgressBar(this,null, android.R.attr.ProgressBarStyleHorizontal);\n%1$s.setPadding(0,0,0,0);\n%1$s.setIndeterminate(false);\n%1$s.setFitsSystemWindows(true);\n%1$s.setProgsress(0);\n%1$s.setScrollBarStyle(android.widget.ProgressBar.SCROLLBARS_OUTSIDE_INSET);\n%1$s.setMax(100);\nViewGroup.LayoutParams vlp \u003d new ViewGroup.LayoutParams(LinearLayout.LayoutParams.MATCH_PARENT, LinearLayout.LayoutParams.WRAP_CONTENT);\n%1$s.setLayoutParams(vlp);\n%2$s.addView(%1$s);\n%3$s.setWebChromeClient(new WebChromeClient() {\n@Override public void onProgressChanged(WebView view, int newProgress) {\n%1$s.setProgress(newProgress);\n}\n});","color":"#FF006688","name":"web prog","typeName":"","palette":"54","type":" ","spec":"pbar %s.inputOnly in %m.view + %m.webview"}]