[{"code":"","color":"#FF8E24AA","name":"created by arab ware channel !","typeName":"","palette":"12","type":"h","spec":"created by arab ware channel !"},{"code":"%1$s \u003d \"1\";\r\n%2$s.setOnClickListener(new View.OnClickListener() {\n\t@Override\n\tpublic void onClick(View _view) {\n\t\tif (%1$s.equals(\"1\")) {\r\n\t\t\t%3$s\n\t\t\t%1$s \u003d \"0\";\r\n\t\t}\r\n\t\telse {\r\n\t%4$s\n\t\t\t%1$s \u003d \"1\";\r\n\t\t}\n\t}\n});","color":"#FF8E24AA","typeName":"","name":"when blocks","palette":"12","type":"e","spec":"By using %m.varStr when %m.view touched ! then","spec2":"when touched again !"},{"code":"%1$s.setOnTouchListener(new View.OnTouchListener(){\n@Override\npublic boolean onTouch(View v, MotionEvent event){\nint ev \u003d event.getAction();\nswitch (ev) {\ncase MotionEvent.ACTION_DOWN:\n\n%2$s\n\nbreak;\ncase MotionEvent.ACTION_UP:\n\n%3$s\n\nbreak;\n} return true;\n}\n});","color":"#FF8E24AA","typeName":"","name":"when touch","palette":"12","type":"e","spec":"when %m.view touched","spec2":"when finger released"},{"code":"%1$s.setOnClickListener(new View.OnClickListener(){\n@Override\npublic void onClick(View _view){\n%2$s\n}\n});","color":"#FF8E24AA","name":"setOnClickListener","typeName":"","palette":"12","type":"c","spec":"When %m.view On Clicked"},{"code":"%1$s.setOnLongClickListener(new View.OnLongClickListener(){\n@Override\npublic boolean onLongClick(View _view){\n%2$s\nreturn false;\n}\n});","color":"#FF8E24AA","name":"setOnLongClickListener","typeName":"","palette":"12","type":"c","spec":"When %m.view On Long Clicked"},{"code":"%2$s.setOnScrollChangeListener(new View.OnScrollChangeListener(){\n@Override\npublic void onScrollChange(View _view, int _x, int _y, int _oldX, int _oldY){\n%2$s\n}\n});","color":"#FF8E24AA","name":"setOnScrollChanged","typeName":"","palette":"12","type":"c","spec":"When %m.view On Scroll Changed"},{"code":"%1$s.addTextChangedListener(new TextWatcher() {\r\n\t\t\t@Override\r\n\t\t\tpublic void onTextChanged(CharSequence _param1, int _param2, int _param3, int _param4) {\r\n\t\t\t\tfinal String %1$snn \u003d _param1.toString();\r\n\t\t\t\t\r%2$s\n\t\t\t}\r\n\t\t\t\r\n\t\t\t@Override\r\n\t\t\tpublic void beforeTextChanged(CharSequence _param1, int _param2, int _param3, int _param4) {\r\n\t\t\t\t\r\n\t\t\t}\r\n\t\t\t\r\n\t\t\t@Override\r\n\t\t\tpublic void afterTextChanged(Editable _param1) {\r\n\t\t\t\t\r\n\t\t\t}\r\n\t\t});\r\n\t}\r","color":"#FF8E24AA","name":"OnTextChange","typeName":"","palette":"12","type":"c","spec":"%m.edittext on text changed"},{"code":"_%1$snn","color":"#FF8E24AA","name":"get changed text","typeName":"","palette":"12","type":"s","spec":"get changed text of %m.edittext"},{"code":"%1$s.setOnSeekBarChangeListener(new SeekBar.OnSeekBarChangeListener() {\r\n\t\t\t@Override\r\n\t\t\tpublic void onProgressChanged (SeekBar _param1, int _param2, boolean _param3) {\r\n\t\t\t\tfinal int %1$snnb \u003d _param2;\r\n\t\t\t\t\r%2$s\n\t\t\t}\r\n\t\t\t\r\n\t\t\t@Override\r\n\t\t\tpublic void onStartTrackingTouch(SeekBar _param1) {\r\n\t\t\t\t\r\n\t\t\t}\r\n\t\t\t\r\n\t\t\t@Override\r\n\t\t\tpublic void onStopTrackingTouch(SeekBar _param2) {\r\n\t\t\t\t\r\n\t\t\t}\r\n\t\t});\r\n\t}\r","color":"#FF8E24AA","name":"OnSeekBarProgressChanged","typeName":"","palette":"12","type":"c","spec":"%m.seekbar on progress changed"},{"code":"%1$snnb","color":"#FF8E24AA","name":"get progress","typeName":"","palette":"12","type":"d","spec":"%m.seekbar get progress"},{"code":"%1$s.setOnItemSelectedListener(new AdapterView.OnItemSelectedListener() {\r\n\t\t\t@Override\r\n\t\t\tpublic void onItemSelected(AdapterView\u003c?\u003e _param1, View _param2, int _param3, long _param4) {\r\n\t\t\t\tfinal int %1$snnbb \u003d _param3;\r\n\t\t\t\t\r%2$s\n\t\t\t}\r\n\t\t\t\r\n\t\t\t@Override\r\n\t\t\tpublic void onNothingSelected(AdapterView\u003c?\u003e _param1) {\r\n\t\t\t\t\r\n\t\t\t}\r\n\t\t});\r\n\t}\r","color":"#FF8E24AA","name":"OnspinnerItemClicked","typeName":"","palette":"12","type":"c","spec":"%m.spinner on item clicked"},{"code":"%1$snnbb","color":"#FF8E24AA","name":"spinner get postion","typeName":"","palette":"12","type":"d","spec":"%m.spinner get postion"},{"code":"%1$s.setOnCheckedChangeListener(new CompoundButton.OnCheckedChangeListener() {\r\n\t\t\t@Override\r\n\t\t\tpublic void onCheckedChanged(CompoundButton _param1, boolean _param2)  {\r\n\t\t\t\tfinal boolean %1$snnbbm \u003d _param2;\r\n\t\t\t\t\r%2$s\n\t\t\t}\r\n\t\t});\r","color":"#FF8E24AA","name":"SwitchOnCheckChanged","typeName":"","palette":"12","type":"c","spec":"%m.switch On Check Changed"},{"code":"%1$snnbbm","color":"#FF8E24AA","name":"get check","typeName":"","palette":"12","type":"b","spec":"%m.switch get check"},{"code":"%1$s.setOnCheckedChangeListener(new CompoundButton.OnCheckedChangeListener() {\r\n\t\t\t@Override\r\n\t\t\tpublic void onCheckedChanged(CompoundButton _param1, boolean _param2)  {\r\n\t\t\t\tfinal boolean %1$snnbbmm \u003d _param2;\r\n\t\t\t\t\r%2$s\n\t\t\t}\r\n\t\t});\r","color":"#FF8E24AA","name":"CheckBoxOnCheckChanged","typeName":"","palette":"12","type":"c","spec":"%m.checkbox on check changed"},{"code":"%1$snnbbmm","color":"#FF8E24AA","name":"get check 2","typeName":"","palette":"12","type":"b","spec":"%m.checkbox get check"}]