[{"name":"WifiManager","palette":"37","spec":"create %m.WifiManager \u0026 %m.WifiInfo On Create","typeName":"","type":" ","code":"%1$s \u003d (WifiManager)getSystemService(getApplicationContext().WIFI_SERVICE);\n%2$s \u003d %1$s.getConnectionInfo();","color":"#FF2E7D32"},{"name":"getSSID","palette":"37","spec":"%m.WifiInfo get SSID","type":"s","typeName":"","color":"#FF2E7D32","code":"%1$s.getSSID()"},{"name":"getBSSID","palette":"37","spec":"%m.WifiInfo get BSSID","typeName":"","type":"s","code":"%1$s.getBSSID()","color":"#FF2E7D32"},{"name":"getMacAddress","palette":"37","spec":"%m.WifiInfo get MaxAddress","type":"s","typeName":"","color":"#FF2E7D32","code":"%1$s.getMacAddress()"},{"name":"getFrequency","palette":"37","spec":"%m.WifiInfo get Frequency","typeName":"","type":"s","code":"%1$s.getFrequency() + WifiInfo.FREQUENCY_UNITS","color":"#FF2E7D32"},{"name":"getLinkSpeed","palette":"37","spec":"%m.WifiInfo get LinkSpeed","typeName":"","type":"s","code":"%1$s.getLinkSpeed() + WifiInfo.LINK_SPEED_UNITS","color":"#FF2E7D32"},{"name":"getRssi","palette":"37","spec":"%m.WifiInfo get Rssi","type":"s","typeName":"","color":"#FF2E7D32","code":"String.valueOf((long) %1$s.getRssi())"},{"name":"getIPAddress","palette":"37","spec":"%m.WifiInfo get IP Address with type %s","typeName":"","type":"s","code":"String.format(%2$s,(%1$s.getIpAddress() \u0026 0xff),(%1$s.getIpAddress() \u003e\u003e 8 \u0026 0xff),\r(%1$s.getIpAddress() \u003e\u003e 16 \u0026 0xff),(%1$s.getIpAddress() \u003e\u003e 24 \u0026 0xff))","color":"#FF2E7D32"}]