[{"code":"WP10ProgressBar %2$s \u003d new WP10ProgressBar(this);\r\n%2$s.setLayoutParams(new LinearLayout.LayoutParams(LinearLayout.LayoutParams.WRAP_CONTENT,LinearLayout.LayoutParams.WRAP_CONTENT));\r\n%1$s.addView(%2$s);","color":"#FF29B6F6","name":"Windows 10","typeName":"","palette":"61","type":" ","spec":"windows 10 progress in %m.view with id %s.inputOnly "},{"code":"WP7ProgressBar %2$s \u003d new WP7ProgressBar(this);\r\n%2$s.setLayoutParams(new LinearLayout.LayoutParams(LinearLayout.LayoutParams.MATCH_PARENT,LinearLayout.LayoutParams.WRAP_CONTENT));\r\n%1$s.addView(%2$s);","color":"#FF29B6F6","name":"Windows 7","typeName":"","palette":"61","type":" ","spec":"windows 7 prpgress in %m.view with id %s.inputOnly"},{"code":"%1$s.showProgressBar();","color":"#FF29B6F6","name":"window progress show","typeName":"","palette":"61","type":" ","spec":"show windows progress with id %s.inputOnly "},{"code":"%1$s.hideProgressBar();","color":"#FF29B6F6","name":"Windows progress Hide","typeName":"","palette":"61","type":" ","spec":"windows progress hide with id %s.inputOnly "}]