[{"code":"","color":"#FFFF1744","name":"developed by arab ware channel","typeName":"","palette":"86","type":"h","spec":"developed by arab ware channel"},{"code":"}\npublic class FullScreenHelper {\n\n    private Activity context;\n    private View[] views;\n\n    /**\n     * @param context\n     * @param views to hide/show\n     */\n    public FullScreenHelper(Activity context, View ... views) {\n        this.context \u003d context;\n        this.views \u003d views;\n    }\n\n    /**\n     * call this method to enter full screen\n     */\n    public void enterFullScreen() {\n        View decorView \u003d context.getWindow().getDecorView();\n\n        hideSystemUi(decorView);\n\n        for(View view : views) {\n            view.setVisibility(View.GONE);\n            view.invalidate();\n        }\n    }\n\n    /**\n     * call this method to exit full screen\n     */\n    public void exitFullScreen() {\n        View decorView \u003d context.getWindow().getDecorView();\n\n        showSystemUi(decorView);\n\n        for(View view : views) {\n            view.setVisibility(View.VISIBLE);\n            view.invalidate();\n        }\n    }\n\n    private void hideSystemUi(View mDecorView) {\n        mDecorView.setSystemUiVisibility(\n                View.SYSTEM_UI_FLAG_LAYOUT_STABLE\n                        | View.SYSTEM_UI_FLAG_LAYOUT_HIDE_NAVIGATION\n                        | View.SYSTEM_UI_FLAG_LAYOUT_FULLSCREEN\n                        | View.SYSTEM_UI_FLAG_HIDE_NAVIGATION\n                        | View.SYSTEM_UI_FLAG_FULLSCREEN\n                        | View.SYSTEM_UI_FLAG_IMMERSIVE_STICKY);\n    }\n\n    private void showSystemUi(View mDecorView) {\n        mDecorView.setSystemUiVisibility(View.SYSTEM_UI_FLAG_LAYOUT_STABLE);\n    }\n}\n{","name":"ClassFullScreenMode","palette":"86","type":" ","spec":"ClassFullScreenMode"},{"code":"addFullScreenListenerToPlayer();","name":"addFullScreenListener","palette":"86","type":" ","spec":"addFullScreenListener"},{"code":"final YouTubePlayerView %1$s \u003d _v.findViewById(R.id.%1$s);","color":"#FFFF1744","name":"YouTubeCustomView","typeName":"","palette":"86","type":" ","spec":"YouTubeCustomView %m.youtubeview"},{"code":"getLifecycle().addObserver(%1$s);","color":"#FFFF1744","name":"Lifecycle","typeName":"","palette":"86","type":" ","spec":"%m.youtubeview geLifecycle"},{"code":"}\n\nprivate FullScreenHelper fullScreenHelper \u003d new FullScreenHelper(%2$s.this);\n\n    private void addFullScreenListenerToPlayer() {\n        %1$s.addFullScreenListener(new YouTubePlayerFullScreenListener() {\n            @Override\n            public void onYouTubePlayerEnterFullScreen() {\n                setRequestedOrientation(ActivityInfo.SCREEN_ORIENTATION_LANDSCAPE);\n                fullScreenHelper.enterFullScreen();\n\n                \n            }\n\n            @Override\n            public void onYouTubePlayerExitFullScreen() {\n                setRequestedOrientation(ActivityInfo.SCREEN_ORIENTATION_PORTRAIT);\n                fullScreenHelper.exitFullScreen();\n\n                \n            }\n        });\n    }\n{","color":"#FFFF1744","name":"ListenerFullScreenMode","typeName":"","palette":"86","type":" ","spec":"ListenerFullScreenMode %m.youtubeview at %m.activity"},{"code":"initPictureInPicture(%1$s);","color":"#FFFF1744","name":"initPictureInPicture","typeName":"","palette":"86","type":" ","spec":"initPictureInPicture %m.YoutubePlayerView"},{"code":"%1$s.addYouTubePlayerListener(new AbstractYouTubePlayerListener() {\n  @Override\n  public void onReady(@NonNull YouTubePlayer youTubePlayer) {\n    String videoId \u003d %2$s;\n    youTubePlayer.cueVideo(videoId, 0);\n    %3$s\n  }\n});","color":"#FFFF1744","name":"addYouTubePlayerListener","typeName":"","palette":"86","type":"c","spec":"%m.youtubeview addYouTubePlayerListener VideoID %s"},{"code":"if (%1$s.isFullScreen()) {\n%1$s.exitFullScreen();\n%2$s\n}\nelse {\n%3$s\n}","color":"#FFFF1744","typeName":"","name":"BackPressCloseFullScreen","palette":"86","type":"e","spec":"%m.youtubeview ifFullScreenThen","spec2":""},{"code":"","color":"#FFFF1744","name":"picture in picture mode","typeName":"","palette":"86","type":"h","spec":"picture in picture mode"},{"code":"pictureInPictureIcon.setImageDrawable(ContextCompat.getDrawable(this, R.drawable.%1$s));","color":"#FFFF1744","name":"set picture in picture icon","typeName":"","palette":"86","type":" ","spec":"set picture in picture icon %m.resource"},{"code":"pictureInPictureIcon.setOnClickListener(new View.OnClickListener() {\n\t\t\t\t@Override\n\t\t\t\tpublic void onClick(View _view) {\n\n\t\t\t%1$s\n    }\n","color":"#FFFF1744","name":"youtube player set on click listener","typeName":"","palette":"86","type":"c","spec":"set on picture in picture clicked"},{"code":"","color":"#FFFF1744","name":"put all blocks below into block above expect the last three blocks","typeName":"","palette":"86","type":"h","spec":"put all blocks below into block above expect the last three blocks"},{"code":"if (Build.VERSION.SDK_INT \u003e\u003d Build.VERSION_CODES.N) {\n\t\t\t\t\t\tboolean supportsPIP \u003d getPackageManager().hasSystemFeature(PackageManager.FEATURE_PICTURE_IN_PICTURE);\n\t\t\t\t\t\tif(supportsPIP)\n\t\t\t\t\t\t\t%1$s\n\t\t\t\t\t} else {\n\t\t\t\t\t\t%2$s\n\t\t\t\t\t}\n\t\t\t\t}\n\n\t\t\t});\n\n        youTubePlayerView.getPlayerUiController().addView(pictureInPictureIcon);","color":"#FFFF1744","typeName":"","name":"if user\u0027s device support pictureInpictureMode","palette":"86","type":"e","spec":"if device of user support picture in picture mode","spec2":"if not"},{"code":"\n@Override\n    public void onPictureInPictureModeChanged(boolean isInPictureInPictureMode, Configuration newConfig) {\n        super.onPictureInPictureModeChanged(isInPictureInPictureMode, newConfig);\n\n       %1$s\n    }\n\n\n{","color":"#FFFF1744","name":"When Change","typeName":"","palette":"86","type":"c","spec":"add pictureInpictureModeOnChangeListener"},{"code":"isInPictureInPictureMode","color":"#FFFF1744","name":"is","typeName":"","palette":"86","type":"b","spec":"isInpictureInpictureMode"},{"code":"%1$s.enterFullScreen();","color":"#FFFF1744","name":"Full Screen","typeName":"","palette":"86","type":" ","spec":"%m.youtubeview enter full screen"},{"code":"%1$s.exitFullScreen();","color":"#FFFF1744","name":"Not Full Screen","typeName":"","palette":"86","type":" ","spec":"%m.youtubeview exit full screen"},{"code":"%1$s.getPlayerUiController().showUi(%2$s);","color":"#FFFF1744","name":"Show Ui","typeName":"","palette":"86","type":" ","spec":"%m.youtubeview show Ui %b"},{"code":"","color":"#FFFF1744","name":"Basics","typeName":"","palette":"86","type":"h","spec":"Basics"},{"code":"enterPictureInPictureMode();","color":"#FFFF1744","name":"start youtube","typeName":"","palette":"86","type":" ","spec":"start picture in picture mode"},{"code":"%1$s.isFullScreen()","color":"#FFFF1744","name":"is full screen mode","typeName":"","palette":"86","type":"b","spec":"%m.youtubeview is full screen"},{"code":"%1$s.exitFullScreen();","color":"#FFFF1744","name":"exit full screen mode","typeName":"","palette":"86","type":" ","spec":"%m.youtubeview exit full screen mode"}]