[{"code":"","color":"#FF3949AB","name":"Attension","typeName":"","palette":"136","type":"h","spec":"Attension @Daniel Sk"},{"code":"YoYo.with(Techniques.Flash)\n    .duration(%1$s)\n    .repeat(%2$s)\n    .playOn(findViewById(R.id.%3$s));","color":"#FF3949AB","name":"Flash","typeName":"","palette":"136","type":" ","spec":"Flash set duration%d  set repeat%d  textview%m.textview "},{"code":"YoYo.with(Techniques.Pulse)\n    .duration(%1$s)\n    .repeat(%2$s)\n    .playOn(findViewById(R.id.%3$s));","color":"#FF3949AB","name":"Pulse","typeName":"","palette":"136","type":" ","spec":"Pulse set duration%d  set repeat%d  textview%m.textview "},{"code":"YoYo.with(Techniques.RubberBand)\n    .duration(%1$s)\n    .repeat(%2$s)\n    .playOn(findViewById(R.id.%3$s));","color":"#FF3949AB","name":"RubberBand","typeName":"","palette":"136","type":" ","spec":"RubberBand set duration%d  set repeat%d  textview%m.textview "},{"code":"YoYo.with(Techniques.Shake)\n    .duration(%1$s)\n    .repeat(%2$s)\n    .playOn(findViewById(R.id.%3$s));","color":"#FF3949AB","name":"Shake","typeName":"","palette":"136","type":" ","spec":"Shake set duration%d  set repeat%d  textview%m.textview "},{"code":"YoYo.with(Techniques.Swing)\n    .duration(%1$s)\n    .repeat(%2$s)\n    .playOn(findViewById(R.id.%3$s));","color":"#FF3949AB","name":"Swing","typeName":"","palette":"136","type":" ","spec":"Swing set duration%d  set repeat%d  textview%m.textview "},{"code":"YoYo.with(Techniques.Wobble)\n    .duration(%1$s)\n    .repeat(%2$s)\n    .playOn(findViewById(R.id.%3$s));","color":"#FF3949AB","name":"Wobble","typeName":"","palette":"136","type":" ","spec":"Wobble set duration%d  set repeat%d  textview%m.textview "},{"code":"YoYo.with(Techniques.Bounce)\n    .duration(%1$s)\n    .repeat(%2$s)\n    .playOn(findViewById(R.id.%3$s));","color":"#FF3949AB","name":"Bounce","typeName":"","palette":"136","type":" ","spec":"Bounce set duration%d  set repeat%d  textview%m.textview "},{"code":"YoYo.with(Techniques.Tada)\n    .duration(%1$s)\n    .repeat(%2$s)\n    .playOn(findViewById(R.id.%3$s));","color":"#FF3949AB","name":"Tada","typeName":"","palette":"136","type":" ","spec":"Tada set duration%d  set repeat%d  textview%m.textview "},{"code":"YoYo.with(Techniques.StandUp)\n    .duration(%1$s)\n    .repeat(%2$s)\n    .playOn(findViewById(R.id.%3$s));","color":"#FF3949AB","name":"StandUp","typeName":"","palette":"136","type":" ","spec":"StandUp set duration%d  set repeat%d  textview%m.textview "},{"code":"YoYo.with(Techniques.Wave)\n    .duration(%1$s)\n    .repeat(%2$s)\n    .playOn(findViewById(R.id.%3$s));","color":"#FF3949AB","name":"Wave","typeName":"","palette":"136","type":" ","spec":"Wave set duration%d  set repeat%d  textview%m.textview "},{"code":"","color":"#FF3949AB","name":"Special","typeName":"","palette":"136","type":"h","spec":"Special @Daniel Sk"},{"code":"YoYo.with(Techniques.RollIn)\n    .duration(%1$s)\n    .repeat(%2$s)\n    .playOn(findViewById(R.id.%3$s));","color":"#FF3949AB","name":"RollIn","typeName":"","palette":"136","type":" ","spec":"RollIn set duration%d  set repeat%d  textview%m.textview "},{"code":"YoYo.with(Techniques.RollOut)\n    .duration(%1$s)\n    .repeat(%2$s)\n    .playOn(findViewById(R.id.%3$s));","color":"#FF3949AB","name":"RollOut","typeName":"","palette":"136","type":" ","spec":"RollOut set duration%d  set repeat%d  textview%m.textview "},{"code":"","color":"#FF3949AB","name":"Flip ","typeName":"","palette":"136","type":"h","spec":"Flip @Daniel Sk"},{"code":"YoYo.with(Techniques.FlipInX)\n    .duration(%1$s)\n    .repeat(%2$s)\n    .playOn(findViewById(R.id.%3$s));","color":"#FF3949AB","name":" FlipInX","typeName":"","palette":"136","type":" ","spec":"FlipInX set duration%d  set repeat%d  textview%m.textview "},{"code":"YoYo.with(Techniques.FlipOutX)\n    .duration(%1$s)\n    .repeat(%2$s)\n    .playOn(findViewById(R.id.%3$s));","color":"#FF3949AB","name":"FlipOutX","typeName":"","palette":"136","type":" ","spec":"FlipOutX set duration%d  set repeat%d  textview%m.textview "},{"code":"YoYo.with(Techniques.FlipOutY)\n    .duration(%1$s)\n    .repeat(%2$s)\n    .playOn(findViewById(R.id.%3$s));","color":"#FF3949AB","name":"qFlipOutY","typeName":"","palette":"136","type":" ","spec":"FlipOutY set duration%d  set repeat%d  textview%m.textview "}]