[{"code":"}\npublic static class ZebraTextView extends TextView {\r\n    private int evenColor;\r\n    private int oddColor;\r\n    private Rect r;\r\n    public ZebraTextView(Context context) {\r\n        super(context);\r\n        init(null);\r\n    }\r\n    public ZebraTextView(Context context, AttributeSet attrs) {\r\n        super(context, attrs);\r\n        init(attrs);\r\n    }\r\n    public ZebraTextView(Context context, AttributeSet attrs, int defStyleAttr) {\r\n        super(context, attrs, defStyleAttr);\r\n        init(attrs);\r\n    }\r\n    private void init(AttributeSet attrs) {\r\n        setEvenLineColor(Color.TRANSPARENT);\r\n        setOddLineColor(Color.parseColor(\"#77E3EDCD\"));\r\n        r \u003d new Rect();\r\n    }\r\n    public void setEvenLineColor(int color) {\r\n        this.evenColor \u003d color;\r\n        postInvalidate();\r\n    }\r\n    public void setOddLineColor(int color) {\r\n        this.oddColor \u003d color;\r\n        postInvalidate();\r\n    }\r\n    @Override\r\n    protected void onDraw(Canvas canvas) {\r\n        Layout layout \u003d getLayout();\r\n        for (int i \u003d 0; i \u003c layout.getLineCount(); i++) {\r\n            layout.getLineBounds(i, r);\r\n            getPaint().setColor(i % 2 \u003d\u003d 0 ? oddColor : evenColor);\r\n            r.left \u003d getPaddingLeft();\r\n            r.right \u003d getMeasuredWidth() - getPaddingRight();\r\n            canvas.drawRect(r, getPaint());\r\n        }\r\n        super.onDraw(canvas);\r\n    }\r\n}\r\n{","name":"ZebraLib","palette":"59","type":" ","spec":"##ZebraLib (add to Mblock)##"},{"code":"ZebraTextView %1$s \u003d new ZebraTextView(this);\r\n%1$s.setLayoutParams(new LinearLayout.LayoutParams(LinearLayout.LayoutParams.MATCH_PARENT, LinearLayout.LayoutParams.WRAP_CONTENT));\r\n%1$s.setText(%2$s);\r\n%1$s.setTextSize(20);\r\n%1$s.setEvenLineColor(Color.parseColor(\"#FF0000\"));\r\n%1$s.setOddLineColor(Color.parseColor(\"#00FF00\"));\r\n%3$s.addView(%1$s);","name":"ZebraTextView","palette":"59","type":" ","spec":"ZebraTextView ID %s.inputOnly text %s add to %m.view"}]