[{"name":"hahsjs","palette":"66","spec":"CREATED BY ARAB WARE CHANNEL \u003d\u003e SOME CODES FROM AGUS JCODES LIKE ZIP FOLDER","type":"h","typeName":"","color":"#FF7B1FA2","code":""},{"name":"library....","palette":"66","spec":"put me at more block","type":" ","typeName":"","color":"#FF7B1FA2","code":"}\n\n\n/*MADE BY ARAB WARE CHANNEL*/\n/*WHAT IS MADE ? \u003d\u003d\u003d\u003eADD FOLDER TO ZIP*/\n\npublic void ArabWareAddFolderToZip (String _from,String _to) {\nif (FileUtil.isExistFile(_to.replace(Uri.parse(_to).getLastPathSegment(), \"\").concat(\"files/\"))) {\r\n\tnew UnZip().unZipIt(_to, _to.replace(Uri.parse(_to).getLastPathSegment(), \"\").concat(\"files/\"));\r\n\tnew java.io.File(_from).renameTo(new java.io.File(_to.replace(Uri.parse(_to).getLastPathSegment(), \"\").concat(\"files/\").concat(Uri.parse(_from).getLastPathSegment())));\r\n\ttry {\n\t\tZip.zipFolder(_to.replace(Uri.parse(_to).getLastPathSegment(), \"\").concat(\"files/\"),_to.replace(Uri.parse(_to).getLastPathSegment(), \"\") + Uri.parse(_to).getLastPathSegment());\n\t} catch(Exception e) {}\r\n\tFileUtil.deleteFile(_to.replace(Uri.parse(_to).getLastPathSegment(), \"\").concat(\"files/\"));\r\n}\r\nelse {\r\n\tFileUtil.makeDir(_to.replace(Uri.parse(_to).getLastPathSegment(), \"\").concat(\"files/\"));\r\n\tnew UnZip().unZipIt(_to, _to.replace(Uri.parse(_to).getLastPathSegment(), \"\").concat(\"files/\"));\r\n\tnew java.io.File(_from).renameTo(new java.io.File(_to.replace(Uri.parse(_to).getLastPathSegment(), \"\").concat(\"files/\").concat(Uri.parse(_from).getLastPathSegment())));\r\n\ttry {\n\t\tZip.zipFolder(_to.replace(Uri.parse(_to).getLastPathSegment(), \"\").concat(\"files/\"),_to.replace(Uri.parse(_to).getLastPathSegment(), \"\") + Uri.parse(_to).getLastPathSegment());\n\t} catch(Exception e) {}\r\n\tFileUtil.deleteFile(_to.replace(Uri.parse(_to).getLastPathSegment(), \"\").concat(\"files/\"));\r\n}\n}\n\n\n\npublic void addFilesToZip(java.io.File source, java.io.File files)\n{\n    try\n    {\n\n   \n        byte[] buffer \u003d new byte[1024];\n        java.util.zip.ZipInputStream zin \u003d new java.util.zip.ZipInputStream(new java.io.FileInputStream(files));\n        java.util.zip.ZipOutputStream out \u003d new java.util.zip.ZipOutputStream(new java.io.FileOutputStream(source));\n            java.io.InputStream in \u003d new java.io.FileInputStream(files);\n            out.putNextEntry(new java.util.zip.ZipEntry(files.getName()));\n            for(int read \u003d in.read(buffer); read \u003e -1; read \u003d in.read(buffer))\n            {\n                out.write(buffer, 0, read);\n            }\n            out.closeEntry();\n            in.close();\n\n        for(java.util.zip.ZipEntry ze \u003d zin.getNextEntry(); ze !\u003d null; ze \u003d zin.getNextEntry())\n        {\n            out.putNextEntry(ze);\n            for(int read \u003d zin.read(buffer); read \u003e -1; read \u003d zin.read(buffer))\n            {\n                out.write(buffer, 0, read);\n            }\n            out.closeEntry();\n        }\n\n        out.close();\n      \n    }\n    catch(Exception e)\n    {\n       showMessage(e.getMessage());\n    }\n}\npublic static class Zip {\n\npublic static void zipFolder(String str, String str2) throws Exception {\n            java.util.zip.ZipOutputStream zipOutputStream \u003d new java.util.zip.ZipOutputStream(new java.io.FileOutputStream(str2));\n            addFolderToZip(\"\", str, zipOutputStream);\n            zipOutputStream.flush();\n            zipOutputStream.close();\n        }\n\n\npublic static void addFolderToZip(String str, String str2, java.util.zip.ZipOutputStream zipOutputStream) throws Exception {\n            java.io.File file \u003d new java.io.File(str2);\n            for (String str3 : file.list()) {\n                if (str.equals(\"\")) {\n                    addFileToZip(file.getName(), new StringBuilder(String.valueOf(str2)).append(\"/\").append(str3).toString(), zipOutputStream);\n                } else {\n                    addFileToZip(new StringBuilder(String.valueOf(str)).append(\"/\").append(file.getName()).toString(), new StringBuilder(String.valueOf(str2)).append(\"/\").append(str3).toString(), zipOutputStream);\n                }\n            }\n        }\n\n\n\n  public static void addFileToZip(String path, String srcFile, java.util.zip.ZipOutputStream zip)\n      throws Exception {\n    java.io.File folder \u003d new java.io.File(srcFile);\n    if (folder.isDirectory()) {\n      \n    } else {\n      byte[] buf \u003d new byte[1024];\n      int len;\n      java.io.FileInputStream in \u003d new java.io.FileInputStream(srcFile);\n      zip.putNextEntry(new java.util.zip.ZipEntry(path + \"/\" + folder.getName()));\n      while ((len \u003d in.read(buf)) \u003e 0) {\n        zip.write(buf, 0, len);\n      }\n    }\n}\n  }\n\npublic static class UnZip {\nList\u003cString\u003e fileList;\n\npublic void unZipIt(String zipFile, String outputFolder){\nbyte[] buffer \u003d new byte[1024];\ntry{\njava.util.zip.ZipInputStream zis \u003d new java.util.zip.ZipInputStream(new java.io.FileInputStream(zipFile));\njava.util.zip.ZipEntry ze \u003d zis.getNextEntry();\nwhile(ze!\u003dnull){\nString fileName \u003d ze.getName();\njava.io.File newFile \u003d new java.io.File(outputFolder + java.io.File.separator + fileName);\nnew java.io.File(newFile.getParent()).mkdirs();\njava.io.FileOutputStream fos \u003d new java.io.FileOutputStream(newFile);\nint len;\nwhile ((len \u003d zis.read(buffer)) \u003e 0) {\nfos.write(buffer, 0, len);\n}\nfos.close();\nze \u003d zis.getNextEntry(); \n}\nzis.closeEntry();\nzis.close();\n}catch(java.io.IOException ex){\nex.printStackTrace();\n}\n}"},{"name":"unzip...","palette":"66","spec":"unzip from %s to %s","type":" ","typeName":"","color":"#FF7B1FA2","code":"new UnZip().unZipIt(%1$s, %2$s);"},{"name":"zip...","palette":"66","spec":"Zip folder path %s to %s with file name %s","typeName":"","type":" ","code":"try {\nZip.zipFolder(%1$s,%2$s + %3$s);\n} catch(Exception e) {}","color":"#FF7B1FA2"},{"name":"addFileToZipFile","palette":"66","spec":"add file from %s in zip file from path %s","typeName":"","type":" ","code":"addFilesToZip(new java.io.File(%2$s),new java.io.File(%1$s));","color":"#FF7B1FA2"},{"name":"addFolderToZip","palette":"66","spec":"add folder from path %s to zip file from path %s","typeName":"","type":" ","code":"/*made fully by arab ware channel*/\nArabWareAddFolderToZip(%1$s,%2$s);","color":"#FF7B1FA2"}]