[{"name":"created by arab ware and...","palette":"62","spec":"CREATED BY ARAB WARE CHANNEL \u0026 KONGLIS FROM GITHUB","typeName":"","type":"h","code":"","color":"#FF00E676"},{"name":"library......","palette":"62","spec":"library \u003d\u003e put me in more block","type":" ","typeName":"","color":"#FF00E676","code":"}\n\npublic static class ZoomableImageView extends androidx.appcompat.widget.AppCompatImageView implements GestureDetector.OnGestureListener, GestureDetector.OnDoubleTapListener, ScaleGestureDetector.OnScaleGestureListener {\n\n    private Matrix mCurrentMatrix;\n    private GestureDetector mGestureDetector;\n    private static final String TAG \u003d \"ZoomView\";\n    private ScaleGestureDetector scaleGestureDetector;\n    private PointF mRect \u003d new PointF();\n    private PointF mCurrentZoomPoint \u003d new PointF();\n    private MatrixValueManager matrixValueManager, mImageMatrixManager;\n    private android.os.Handler mHandler \u003d new android.os.Handler();\n    private float mLastPositionY;\n    private float mLastPositionX;\n    private boolean isZooming \u003d false;\n\n    public ZoomableImageView(Context context) {\n        super(context);\n        initaial();\n    }\n\n    @Override\n    public void setImageBitmap(Bitmap bm) {\n        super.setImageBitmap(bm);\n    }\n\n    @Override\n    public void setImageDrawable(Drawable drawable) {\n        super.setImageDrawable(drawable);\n    }\n\n    public ZoomableImageView(Context context, android.util.AttributeSet attrs) {\n        super(context, attrs);\n        initaial();\n    }\n\n    public ZoomableImageView(Context context, android.util.AttributeSet attrs, int defStyleAttr) {\n        super(context, attrs, defStyleAttr);\n        initaial();\n    }\n\n    private void initaial(){\n        matrixValueManager \u003d new MatrixValueManager();\n        mImageMatrixManager \u003d new MatrixValueManager();\n        setLayerType(LAYER_TYPE_HARDWARE, null);\n        mCurrentMatrix \u003d getImageMatrix();\n        mGestureDetector \u003d new GestureDetector(getContext(), this);\n        scaleGestureDetector \u003d new ScaleGestureDetector(getContext(), this);\n        mGestureDetector.setOnDoubleTapListener(this);\n        this.setOnTouchListener(new OnTouchListener() {\n            @Override\n            public boolean onTouch(View view, final MotionEvent motionEvent) {\n                scaleGestureDetector.onTouchEvent(motionEvent);\n                mGestureDetector.onTouchEvent(motionEvent);\n                return true;\n            }\n        });\n    }\n\n    @Override\n    public void invalidate() {\n        super.invalidate();\n        matrixValueManager.setMatrix(mCurrentMatrix);\n    }\n\n    protected boolean onActionUp() {\n        if (matrixValueManager.getScaleX() \u003c\u003d 1) {\n            zoomAnimation(1.0f);\n        } else {\n            mHandler.post(new Runnable() {\n                @Override\n                public void run() {\n                    adjustPosition();\n                }\n            });\n        }\n        return true;\n    }\n\n    private void adjustPosition() {\n\n        float imgH \u003d (getHeight() - (mImageMatrixManager.getTransitionY() *2)) * matrixValueManager.getScaleY();\n        float mY \u003d (matrixValueManager.getTransitionY() + (mImageMatrixManager.getTransitionY()) * matrixValueManager.getScaleY());\n        float scrollAbleY \u003d (getHeight() - imgH);\n\n        float vH \u003d ((getHeight() * matrixValueManager.getScaleY()) - getHeight()) / 2;\n        float vW \u003d ((getWidth() * matrixValueManager.getScaleX()) - getWidth()) / 2;\n\n        float x \u003d 0, y \u003d 0;\n\n        if (imgH \u003c getHeight()){\n            y \u003d (-vH - matrixValueManager.getTransitionY());\n        } else if (imgH \u003e\u003d getHeight()){\n            if (mY \u003e 0) {\n                y \u003d -mY;\n            } else if (mY \u003c scrollAbleY) {\n                y \u003d scrollAbleY - mY;\n            }\n        }\n\n        float mX \u003d (matrixValueManager.getTransitionX() + (mImageMatrixManager.getTransitionX()) * matrixValueManager.getScaleX());\n        float imgW \u003d (getWidth() - (mImageMatrixManager.getTransitionX() * 2)) * matrixValueManager.getScaleX();\n        float scrollAbleX \u003d (getWidth() - imgW);\n\n        if (imgW \u003c getWidth()){\n            x \u003d (-vW - matrixValueManager.getTransitionX());\n        } else if (imgW \u003e\u003d getWidth()){\n            if (mX \u003e 0) {\n                x \u003d -mX;\n            } else if (mX \u003c scrollAbleX) {\n                x \u003d scrollAbleX - mX;\n            }\n        }\n\n        if (x !\u003d 0 || y !\u003d 0) {\n            moveAnimation(x, y);\n        } else {\n            findCurrentZoomPoint();\n        }\n    }\n\n    private void moveAnimation(final float x, final float y) {\n\n        mHandler.post(new Runnable() {\n            @Override\n            public void run() {\n                mLastPositionY \u003d 0;\n                mLastPositionX \u003d 0;\n                android.animation.PropertyValuesHolder valueY \u003d android.animation.PropertyValuesHolder.ofFloat(\"y\", 0, y);\n                android.animation.PropertyValuesHolder valueX \u003d android.animation.PropertyValuesHolder.ofFloat(\"x\", 0, x);\n                android.animation.ValueAnimator anim \u003d new android.animation.ValueAnimator();\n                anim.setValues(valueX, valueY);\n                anim.addUpdateListener(new android.animation.ValueAnimator.AnimatorUpdateListener() {\n                    @Override\n                    public void onAnimationUpdate(android.animation.ValueAnimator animation) {\n                        float valueX \u003d (float) animation.getAnimatedValue(\"x\");\n                        float valueY \u003d (float) animation.getAnimatedValue(\"y\");\n                        mCurrentMatrix.postTranslate(valueX - mLastPositionX, valueY - mLastPositionY);\n                        matrixValueManager.setMatrix(mCurrentMatrix);\n                        postInvalidate();\n                        mLastPositionY \u003d valueY;\n                        mLastPositionX \u003d valueX;\n                        if (valueX \u003e\u003d x \u0026\u0026 valueY \u003e\u003d y){\n                            findCurrentZoomPoint();\n                        }\n                    }\n                });\n                anim.setDuration(250);\n                anim.start();\n            }\n        });\n\n    }\n\n    private void move(float x, float y) {\n        mCurrentMatrix.postTranslate(x, y);\n        postInvalidate();\n        mHandler.post(new Runnable() {\n            @Override\n            public void run() {\n                findCurrentZoomPoint();\n            }\n        });\n    }\n\n    @Override\n    protected void onDraw(Canvas canvas) {\n        canvas.save();\n        canvas.concat(mCurrentMatrix);\n        matrixValueManager.setMatrix(mCurrentMatrix);\n        mImageMatrixManager.setMatrix(getImageMatrix());\n        super.onDraw(canvas);\n        canvas.restore();\n    }\n\n    @Override\n    public boolean onDown(MotionEvent motionEvent) {\n        mRect.set(motionEvent.getX(motionEvent.getPointerCount() -1), motionEvent.getY(motionEvent.getPointerCount() -1));\n        return true;\n    }\n\n    @Override\n    public void onShowPress(MotionEvent motionEvent) {\n\n    }\n\n    @Override\n    public boolean onSingleTapUp(MotionEvent motionEvent) {\n        return false;\n    }\n\n    @Override\n    public boolean onScroll(final MotionEvent motionEvent, final MotionEvent motionEvent1, float v, float v1) {\n        if (!isZooming) {\n            if (!mRect.equals(motionEvent1.getX(), motionEvent1.getY())) {\n                calculatePosition(motionEvent1.getX(), motionEvent1.getY());\n                return true;\n            }\n        }\n        return false;\n    }\n\n    @Override\n    public boolean canScrollHorizontally(int direction) {\n        return matrixValueManager.getScaleX() \u003e 1;\n    }\n\n    @Override\n    public boolean canScrollVertically(int direction) {\n        return matrixValueManager.getScaleY() \u003e 1;\n    }\n\n    private void calculatePosition(float rawX, float rawY){\n        float x \u003d (rawX - mRect.x);\n        float y  \u003d (rawY - mRect.y);\n\n        float mY \u003d (matrixValueManager.getTransitionY() + (mImageMatrixManager.getTransitionY() * matrixValueManager.getScaleY()));\n        float imgH \u003d (getHeight() - (mImageMatrixManager.getTransitionY() * 2)) * matrixValueManager.getScaleY();\n        float scrollAbleY \u003d (getHeight() - imgH);\n        if (imgH \u003e getHeight()){\n            float r \u003d (mY + y);\n            float s \u003d (r - scrollAbleY);\n\n            if (s \u003c 0) {\n                y \u003d 0;\n            }\n\n            if (r \u003e 0) {\n                y \u003d 0;\n            }\n\n        } else {\n            y \u003d 0;\n        }\n\n        float mX \u003d (matrixValueManager.getTransitionX() + (mImageMatrixManager.getTransitionX() * matrixValueManager.getScaleX()));\n        float imgW \u003d (getWidth() - (mImageMatrixManager.getTransitionX() * 2)) * matrixValueManager.getScaleX();\n        float scrollAbleX \u003d (getWidth() - imgW);\n        if ((imgW) \u003e getWidth()){\n            float l \u003d (mX + x);\n            float s \u003d (l - scrollAbleX);\n\n            if (s \u003c 0) {\n                x \u003d 0;\n            }\n\n            if (l \u003e 0) {\n                x \u003d 0;\n            }\n\n        } else {\n            x \u003d 0;\n        }\n\n        mRect.set(rawX, rawY);\n        move(x, y);\n    }\n\n    private void findCurrentZoomPoint() {\n        float _x, _y;\n        //X\n        float imgW \u003d (getWidth() - (mImageMatrixManager.getTransitionX() * 2)) * matrixValueManager.getScaleX();\n        float scrollAbleX \u003d (getWidth() - imgW);\n        if (scrollAbleX \u003c 0) {\n            float mX \u003d ((matrixValueManager.getTransitionX() / matrixValueManager.getScaleX()));\n            float visibleScreenX \u003d (getWidth() / matrixValueManager.getScaleX());\n            float percentX \u003d ((Math.abs(mX)) * 100) / (getWidth() - visibleScreenX);\n            _x \u003d Math.abs(mX) + ((percentX * visibleScreenX) / 100);\n        } else {\n            _x \u003d getWidth() / 2;\n        }\n        //Y\n        float imgH \u003d (getHeight() - (mImageMatrixManager.getTransitionY() * 2)) * matrixValueManager.getScaleY();\n        float scrollAbleY \u003d (getHeight() - imgH);\n        if (scrollAbleY \u003c 0) {\n            float mY \u003d ((matrixValueManager.getTransitionY() / matrixValueManager.getScaleY()));\n            float visibleScreenY \u003d (getHeight() / matrixValueManager.getScaleY());\n            float percentY \u003d ((Math.abs(mY)) * 100) / (getHeight() - visibleScreenY);\n            _y \u003d Math.abs(mY) + ((percentY * visibleScreenY) / 100);\n        } else {\n            _y \u003d getHeight() / 2;\n        }\n        mCurrentZoomPoint.set(_x, _y);\n    }\n\n    @Override\n    public void onLongPress(MotionEvent motionEvent) {\n\n    }\n\n    @Override\n    public boolean onFling(final MotionEvent motionEvent, final MotionEvent motionEvent1, float v, float v1) {\n        return true;\n    }\n\n    @Override\n    public boolean onSingleTapConfirmed(MotionEvent motionEvent) {\n        return false;\n    }\n\n    float mLastScale \u003d 0;\n    public void releaseZoom(){\n        if (matrixValueManager.getScaleX() \u003e 1 || matrixValueManager.getScaleY()\u003e 1) {\n            isZooming \u003d true;\n            mLastScale \u003d 0;\n            final float scale \u003d matrixValueManager.getScaleX();\n            android.animation.ValueAnimator valueAnimator \u003d android.animation.ValueAnimator.ofFloat(scale, 1.0f);\n            valueAnimator.setInterpolator(new android.view.animation.LinearInterpolator());\n            valueAnimator.addUpdateListener(new android.animation.ValueAnimator.AnimatorUpdateListener() {\n                @Override\n                public void onAnimationUpdate(android.animation.ValueAnimator animation) {\n                    float value \u003d (float) animation.getAnimatedValue();\n                    if (value !\u003d scale) {\n                        mCurrentMatrix.setScale(value, value, mCurrentZoomPoint.x, mCurrentZoomPoint.y);\n                        postInvalidate();\n                        if (value \u003d\u003d 1) {\n                            isZooming \u003d false;\n                        }\n                    }\n                }\n            });\n            valueAnimator.setDuration(350);\n            valueAnimator.start();\n        }\n    }\n\n    @Override\n    public boolean onDoubleTap(final MotionEvent motionEvent) {\n        return true;\n    }\n\n    private void zoomAnimation(final float scale) {\n        isZooming \u003d true;\n        android.animation.ValueAnimator valueAnimator \u003d android.animation.ValueAnimator.ofFloat(matrixValueManager.getScaleX(), scale);\n        valueAnimator.addUpdateListener(new android.animation.ValueAnimator.AnimatorUpdateListener() {\n            @Override\n            public void onAnimationUpdate(android.animation.ValueAnimator animation) {\n                float value \u003d (float) animation.getAnimatedValue();\n                mCurrentMatrix.setScale(value, value, mCurrentZoomPoint.x, mCurrentZoomPoint.y);\n                postInvalidate();\n                if (value \u003d\u003d scale) {\n                    mHandler.postDelayed(new Runnable() {\n                        @Override\n                        public void run() {\n                            adjustPosition();\n                        }\n                    }, 100);\n                    isZooming \u003d false;\n                }\n            }\n        });\n        valueAnimator.setDuration(250);\n        valueAnimator.start();\n    }\n\n    @Override\n    public boolean onDoubleTapEvent(MotionEvent motionEvent) {\n        if (motionEvent.getAction() \u003d\u003d MotionEvent.ACTION_UP) {\n            if (matrixValueManager.getScaleX() \u003e 1 || matrixValueManager.getScaleX() \u003e 1) {\n                releaseZoom();\n            } else {\n                mCurrentZoomPoint.set(motionEvent.getX(), motionEvent.getY());\n                zoomAnimation(2.0F);\n            }\n            return true;\n        }\n        return false;\n    }\n\n    @Override\n    public boolean onScale(ScaleGestureDetector scaleGestureDetector) {\n        isZooming \u003d true;\n        float scale \u003d scaleGestureDetector.getCurrentSpan() / scaleGestureDetector.getPreviousSpan();\n        if (matrixValueManager.getScaleX() \u003e\u003d 1) {\n            float focusX \u003d scaleGestureDetector.getFocusX();\n            float focusY \u003d scaleGestureDetector.getFocusY();\n            mCurrentMatrix.postScale(scale, scale, focusX, focusY);\n            postInvalidate();\n            mCurrentZoomPoint.set(focusX, focusY);\n            return true;\n        }\n        return false;\n    }\n\n    @Override\n    public boolean onScaleBegin(ScaleGestureDetector scaleGestureDetector) {\n        mRect.set(scaleGestureDetector.getFocusX(), scaleGestureDetector.getFocusY());\n        return true;\n    }\n\n    @Override\n    public void onScaleEnd(ScaleGestureDetector scaleGestureDetector) {\n        mRect.set(scaleGestureDetector.getFocusX(), scaleGestureDetector.getFocusY());\n        isZooming \u003d false;\n        onActionUp();\n    }\npublic static final class MatrixValueManager {\n\n    float[] floats;\n\n    public void setMatrix(Matrix matrix){\n        floats \u003d new float[9];\n        matrix.getValues(floats);\n    }\n\n    public float getTransitionX(){\n        return floats[Matrix.MTRANS_X];\n    }\n\n    public float getTransitionY(){\n        return floats[Matrix.MTRANS_Y];\n    }\n\n    public float getScaleX(){\n        return floats[Matrix.MSCALE_X];\n    }\n\n    public float getScaleY(){\n        return floats[Matrix.MSCALE_Y];\n    }\n\n}"},{"name":"for activity","palette":"62","spec":"for activity....","type":"h","typeName":"","color":"#FF00E676","code":""},{"name":"create ZoomableImageView","palette":"62","spec":"create %m.ZoomableImageView in %m.activity","typeName":"","type":" ","code":"%1$s \u003d new ZoomableImageView(%2$s.this);\n%1$s.setScaleType(ImageView.ScaleType.FIT_XY);\n%1$s.setLayoutParams(new LinearLayout.LayoutParams(LinearLayout.LayoutParams.MATCH_PARENT,LinearLayout.LayoutParams.MATCH_PARENT));","color":"#FF00E676"},{"name":"for fragment...","palette":"62","spec":"for fragment...","typeName":"","type":"h","code":"","color":"#FF00E676"},{"name":"Create New ZoomableImageView fragment","palette":"62","spec":"create %m.ZoomableImageView in fragment","type":" ","typeName":"","color":"#FF00E676","code":"%1$s \u003d new ZoomableImageView(getActivity());\n%1$s.setScaleType(ImageView.ScaleType.FIT_XY);\n%1$s.setLayoutParams(new LinearLayout.LayoutParams(LinearLayout.LayoutParams.MATCH_PARENT,LinearLayout.LayoutParams.MATCH_PARENT));"},{"name":"In Every Where","palette":"62","spec":"In Every Where","type":"h","typeName":"","color":"#FF00E676","code":""},{"name":"show in...","palette":"62","spec":"show %m.ZoomableImageView in linear %m.view","type":" ","typeName":"","color":"#FF00E676","code":"%2$s.addView(%1$s);"},{"name":"setImageFromResource int","palette":"62","spec":"%m.ZoomableImageView set image %m.resource","typeName":"","type":" ","code":"%1$s.setImageResource(R.drawable.%2$s);","color":"#FF00E676"},{"name":"setImageFromName","palette":"62","spec":"%m.ZoomableImageView setImageFromNamr %s","type":" ","typeName":"","color":"#FF00E676","code":"%1$s.setImageResource(getResources().getIdentifier(%2$s, \"drawable\", getPackageName()));"},{"name":"setImageFromPath","palette":"62","spec":"%m.ZoomableImageView setImageFromPath %s","typeName":"","type":" ","code":"%1$s.setImageBitmap(FileUtil.decodeSampleBitmapFromPath(%2$s, 1024, 1024));","color":"#FF00E676"},{"name":"setImageFromUrl","palette":"62","spec":"%m.ZoomableImageView setFromUrl %s","type":" ","typeName":"","color":"#FF00E676","code":"Glide.with(getApplicationContext()).load(Uri.parse(%2$s)).into(%1$s);"}]